function,size,flags,build,module_sha256,classification,address,hit_count,similarity,relocation_masked_sha256,unavailable_reason
BltDDSurfaceUsingSoftware,489,/O2 /Ob1 /G5 /MD,demo,8acda50afe39f7e6a867272300a09463fd94aed9a510008fcdefc662143346e4,absent-or-stripped,,0,0.000000,2e881d10bc28bad3dcdbbdfc73a94127b35e9bc6ca3efe5dedfbc5f9c7538d9b,
BltDDSurfaceUsingSoftware,489,/O2 /Ob1 /G5 /MD,gog_base,18a74ff61c65b8a2d4cfa11ffce82ad7fef022a94eaf0c2f217e479e981420d2,absent-or-stripped,,0,0.000000,2e881d10bc28bad3dcdbbdfc73a94127b35e9bc6ca3efe5dedfbc5f9c7538d9b,
BltDDSurfaceUsingSoftware,489,/O2 /Ob1 /G5 /MD,gog_1261,18a74ff61c65b8a2d4cfa11ffce82ad7fef022a94eaf0c2f217e479e981420d2,absent-or-stripped,,0,0.000000,2e881d10bc28bad3dcdbbdfc73a94127b35e9bc6ca3efe5dedfbc5f9c7538d9b,
BltDDSurfaceUsingSoftware,489,/O2 /Ob1 /G5 /MD,gog_1261_new,57a3072c2f8307de84e2f54ac58d3fcd7cf3cef18088bf0f0fdec2ac9202b2b1,absent-or-stripped,,0,0.000000,2e881d10bc28bad3dcdbbdfc73a94127b35e9bc6ca3efe5dedfbc5f9c7538d9b,
BltDDSurfaceUsingSoftware,489,/O2 /Ob1 /G5 /MD,gog_128_base,18a74ff61c65b8a2d4cfa11ffce82ad7fef022a94eaf0c2f217e479e981420d2,absent-or-stripped,,0,0.000000,2e881d10bc28bad3dcdbbdfc73a94127b35e9bc6ca3efe5dedfbc5f9c7538d9b,
BltDDSurfaceUsingSoftware,489,/O2 /Ob1 /G5 /MD,gog_128_patch,fdca6d9cd0940034191e82b8e2900de26bb25e381c74128dcb8967360a9fb824,unavailable,,0,0.000000,2e881d10bc28bad3dcdbbdfc73a94127b35e9bc6ca3efe5dedfbc5f9c7538d9b,no-text-section
BltDDSurfaceUsingSoftware,489,/O2 /Ob1 /G5 /MD,retail_2001_12_23,c3639d43568a1ed233be85c6b3b8129b1a4661e65717220e0514c815aa972edd,unavailable,,0,0.000000,2e881d10bc28bad3dcdbbdfc73a94127b35e9bc6ca3efe5dedfbc5f9c7538d9b,protected-executable
BltFastDDSurfaceUsingSoftware,281,/O2 /Ob1 /G5 /MD,demo,8acda50afe39f7e6a867272300a09463fd94aed9a510008fcdefc662143346e4,absent-or-stripped,,0,0.000000,e32d5e7c532c5eac17125e73451ab54061788fdc630a1c43e670f49d9560131c,
BltFastDDSurfaceUsingSoftware,281,/O2 /Ob1 /G5 /MD,gog_base,18a74ff61c65b8a2d4cfa11ffce82ad7fef022a94eaf0c2f217e479e981420d2,absent-or-stripped,,0,0.000000,e32d5e7c532c5eac17125e73451ab54061788fdc630a1c43e670f49d9560131c,
BltFastDDSurfaceUsingSoftware,281,/O2 /Ob1 /G5 /MD,gog_1261,18a74ff61c65b8a2d4cfa11ffce82ad7fef022a94eaf0c2f217e479e981420d2,absent-or-stripped,,0,0.000000,e32d5e7c532c5eac17125e73451ab54061788fdc630a1c43e670f49d9560131c,
BltFastDDSurfaceUsingSoftware,281,/O2 /Ob1 /G5 /MD,gog_1261_new,57a3072c2f8307de84e2f54ac58d3fcd7cf3cef18088bf0f0fdec2ac9202b2b1,absent-or-stripped,,0,0.000000,e32d5e7c532c5eac17125e73451ab54061788fdc630a1c43e670f49d9560131c,
BltFastDDSurfaceUsingSoftware,281,/O2 /Ob1 /G5 /MD,gog_128_base,18a74ff61c65b8a2d4cfa11ffce82ad7fef022a94eaf0c2f217e479e981420d2,absent-or-stripped,,0,0.000000,e32d5e7c532c5eac17125e73451ab54061788fdc630a1c43e670f49d9560131c,
BltFastDDSurfaceUsingSoftware,281,/O2 /Ob1 /G5 /MD,gog_128_patch,fdca6d9cd0940034191e82b8e2900de26bb25e381c74128dcb8967360a9fb824,unavailable,,0,0.000000,e32d5e7c532c5eac17125e73451ab54061788fdc630a1c43e670f49d9560131c,no-text-section
BltFastDDSurfaceUsingSoftware,281,/O2 /Ob1 /G5 /MD,retail_2001_12_23,c3639d43568a1ed233be85c6b3b8129b1a4661e65717220e0514c815aa972edd,unavailable,,0,0.000000,e32d5e7c532c5eac17125e73451ab54061788fdc630a1c43e670f49d9560131c,protected-executable
DDAddAttachedSurface,35,/O2 /Ob1 /G5 /MD,demo,8acda50afe39f7e6a867272300a09463fd94aed9a510008fcdefc662143346e4,absent-or-stripped,,0,0.000000,9cb3a55efce194b5e556e2433aab13a2d894cf2fe01b1246626f3628f9610005,
DDAddAttachedSurface,35,/O2 /Ob1 /G5 /MD,gog_base,18a74ff61c65b8a2d4cfa11ffce82ad7fef022a94eaf0c2f217e479e981420d2,absent-or-stripped,,0,0.000000,9cb3a55efce194b5e556e2433aab13a2d894cf2fe01b1246626f3628f9610005,
DDAddAttachedSurface,35,/O2 /Ob1 /G5 /MD,gog_1261,18a74ff61c65b8a2d4cfa11ffce82ad7fef022a94eaf0c2f217e479e981420d2,absent-or-stripped,,0,0.000000,9cb3a55efce194b5e556e2433aab13a2d894cf2fe01b1246626f3628f9610005,
DDAddAttachedSurface,35,/O2 /Ob1 /G5 /MD,gog_1261_new,57a3072c2f8307de84e2f54ac58d3fcd7cf3cef18088bf0f0fdec2ac9202b2b1,absent-or-stripped,,0,0.000000,9cb3a55efce194b5e556e2433aab13a2d894cf2fe01b1246626f3628f9610005,
DDAddAttachedSurface,35,/O2 /Ob1 /G5 /MD,gog_128_base,18a74ff61c65b8a2d4cfa11ffce82ad7fef022a94eaf0c2f217e479e981420d2,absent-or-stripped,,0,0.000000,9cb3a55efce194b5e556e2433aab13a2d894cf2fe01b1246626f3628f9610005,
DDAddAttachedSurface,35,/O2 /Ob1 /G5 /MD,gog_128_patch,fdca6d9cd0940034191e82b8e2900de26bb25e381c74128dcb8967360a9fb824,unavailable,,0,0.000000,9cb3a55efce194b5e556e2433aab13a2d894cf2fe01b1246626f3628f9610005,no-text-section
DDAddAttachedSurface,35,/O2 /Ob1 /G5 /MD,retail_2001_12_23,c3639d43568a1ed233be85c6b3b8129b1a4661e65717220e0514c815aa972edd,unavailable,,0,0.000000,9cb3a55efce194b5e556e2433aab13a2d894cf2fe01b1246626f3628f9610005,protected-executable
DDBltFastSurface,84,/O2 /Ob1 /G5 /MD,demo,8acda50afe39f7e6a867272300a09463fd94aed9a510008fcdefc662143346e4,relocation-equivalent,0040f590,1,1.000000,89e30cf07ebc8c2d74c042a22933a61bac0c2c3ee229233e2cf8cb66a0464b5b,
DDBltFastSurface,84,/O2 /Ob1 /G5 /MD,gog_base,18a74ff61c65b8a2d4cfa11ffce82ad7fef022a94eaf0c2f217e479e981420d2,relocation-equivalent,0040f230,1,1.000000,89e30cf07ebc8c2d74c042a22933a61bac0c2c3ee229233e2cf8cb66a0464b5b,
DDBltFastSurface,84,/O2 /Ob1 /G5 /MD,gog_1261,18a74ff61c65b8a2d4cfa11ffce82ad7fef022a94eaf0c2f217e479e981420d2,relocation-equivalent,0040f230,1,1.000000,89e30cf07ebc8c2d74c042a22933a61bac0c2c3ee229233e2cf8cb66a0464b5b,
DDBltFastSurface,84,/O2 /Ob1 /G5 /MD,gog_1261_new,57a3072c2f8307de84e2f54ac58d3fcd7cf3cef18088bf0f0fdec2ac9202b2b1,relocation-equivalent,0040f230,1,1.000000,89e30cf07ebc8c2d74c042a22933a61bac0c2c3ee229233e2cf8cb66a0464b5b,
DDBltFastSurface,84,/O2 /Ob1 /G5 /MD,gog_128_base,18a74ff61c65b8a2d4cfa11ffce82ad7fef022a94eaf0c2f217e479e981420d2,relocation-equivalent,0040f230,1,1.000000,89e30cf07ebc8c2d74c042a22933a61bac0c2c3ee229233e2cf8cb66a0464b5b,
DDBltFastSurface,84,/O2 /Ob1 /G5 /MD,gog_128_patch,fdca6d9cd0940034191e82b8e2900de26bb25e381c74128dcb8967360a9fb824,unavailable,,0,0.000000,89e30cf07ebc8c2d74c042a22933a61bac0c2c3ee229233e2cf8cb66a0464b5b,no-text-section
DDBltFastSurface,84,/O2 /Ob1 /G5 /MD,retail_2001_12_23,c3639d43568a1ed233be85c6b3b8129b1a4661e65717220e0514c815aa972edd,unavailable,,0,0.000000,89e30cf07ebc8c2d74c042a22933a61bac0c2c3ee229233e2cf8cb66a0464b5b,protected-executable
DDBltSurface,103,/O2 /Ob1 /G5 /MD,demo,8acda50afe39f7e6a867272300a09463fd94aed9a510008fcdefc662143346e4,relocation-equivalent,0040f5f0,1,1.000000,72ea8c68ad4f30d3d1ec6fdb6feeb57661d109cc04464fb7c04d42a111adaa31,
DDBltSurface,103,/O2 /Ob1 /G5 /MD,gog_base,18a74ff61c65b8a2d4cfa11ffce82ad7fef022a94eaf0c2f217e479e981420d2,relocation-equivalent,0040f290,1,1.000000,72ea8c68ad4f30d3d1ec6fdb6feeb57661d109cc04464fb7c04d42a111adaa31,
DDBltSurface,103,/O2 /Ob1 /G5 /MD,gog_1261,18a74ff61c65b8a2d4cfa11ffce82ad7fef022a94eaf0c2f217e479e981420d2,relocation-equivalent,0040f290,1,1.000000,72ea8c68ad4f30d3d1ec6fdb6feeb57661d109cc04464fb7c04d42a111adaa31,
DDBltSurface,103,/O2 /Ob1 /G5 /MD,gog_1261_new,57a3072c2f8307de84e2f54ac58d3fcd7cf3cef18088bf0f0fdec2ac9202b2b1,relocation-equivalent,0040f290,1,1.000000,72ea8c68ad4f30d3d1ec6fdb6feeb57661d109cc04464fb7c04d42a111adaa31,
DDBltSurface,103,/O2 /Ob1 /G5 /MD,gog_128_base,18a74ff61c65b8a2d4cfa11ffce82ad7fef022a94eaf0c2f217e479e981420d2,relocation-equivalent,0040f290,1,1.000000,72ea8c68ad4f30d3d1ec6fdb6feeb57661d109cc04464fb7c04d42a111adaa31,
DDBltSurface,103,/O2 /Ob1 /G5 /MD,gog_128_patch,fdca6d9cd0940034191e82b8e2900de26bb25e381c74128dcb8967360a9fb824,unavailable,,0,0.000000,72ea8c68ad4f30d3d1ec6fdb6feeb57661d109cc04464fb7c04d42a111adaa31,no-text-section
DDBltSurface,103,/O2 /Ob1 /G5 /MD,retail_2001_12_23,c3639d43568a1ed233be85c6b3b8129b1a4661e65717220e0514c815aa972edd,unavailable,,0,0.000000,72ea8c68ad4f30d3d1ec6fdb6feeb57661d109cc04464fb7c04d42a111adaa31,protected-executable
DDCreateClipper,39,/O2 /Ob1 /G5 /MD,demo,8acda50afe39f7e6a867272300a09463fd94aed9a510008fcdefc662143346e4,absent-or-stripped,,0,0.000000,b73704ff825c518a56aac7d1818ea01c150840207ef8c1fe840ad9831bab809d,
DDCreateClipper,39,/O2 /Ob1 /G5 /MD,gog_base,18a74ff61c65b8a2d4cfa11ffce82ad7fef022a94eaf0c2f217e479e981420d2,absent-or-stripped,,0,0.000000,b73704ff825c518a56aac7d1818ea01c150840207ef8c1fe840ad9831bab809d,
DDCreateClipper,39,/O2 /Ob1 /G5 /MD,gog_1261,18a74ff61c65b8a2d4cfa11ffce82ad7fef022a94eaf0c2f217e479e981420d2,absent-or-stripped,,0,0.000000,b73704ff825c518a56aac7d1818ea01c150840207ef8c1fe840ad9831bab809d,
DDCreateClipper,39,/O2 /Ob1 /G5 /MD,gog_1261_new,57a3072c2f8307de84e2f54ac58d3fcd7cf3cef18088bf0f0fdec2ac9202b2b1,absent-or-stripped,,0,0.000000,b73704ff825c518a56aac7d1818ea01c150840207ef8c1fe840ad9831bab809d,
DDCreateClipper,39,/O2 /Ob1 /G5 /MD,gog_128_base,18a74ff61c65b8a2d4cfa11ffce82ad7fef022a94eaf0c2f217e479e981420d2,absent-or-stripped,,0,0.000000,b73704ff825c518a56aac7d1818ea01c150840207ef8c1fe840ad9831bab809d,
DDCreateClipper,39,/O2 /Ob1 /G5 /MD,gog_128_patch,fdca6d9cd0940034191e82b8e2900de26bb25e381c74128dcb8967360a9fb824,unavailable,,0,0.000000,b73704ff825c518a56aac7d1818ea01c150840207ef8c1fe840ad9831bab809d,no-text-section
DDCreateClipper,39,/O2 /Ob1 /G5 /MD,retail_2001_12_23,c3639d43568a1ed233be85c6b3b8129b1a4661e65717220e0514c815aa972edd,unavailable,,0,0.000000,b73704ff825c518a56aac7d1818ea01c150840207ef8c1fe840ad9831bab809d,protected-executable
DDCreatePalette,50,/O2 /Ob1 /G5 /MD,demo,8acda50afe39f7e6a867272300a09463fd94aed9a510008fcdefc662143346e4,relocation-equivalent,0040f660,1,1.000000,c211c3e255219d7b457824b4da0b69b725613d5a6425f10348f1e8adbf5a7dbd,
DDCreatePalette,50,/O2 /Ob1 /G5 /MD,gog_base,18a74ff61c65b8a2d4cfa11ffce82ad7fef022a94eaf0c2f217e479e981420d2,relocation-equivalent,0040f300,1,1.000000,c211c3e255219d7b457824b4da0b69b725613d5a6425f10348f1e8adbf5a7dbd,
DDCreatePalette,50,/O2 /Ob1 /G5 /MD,gog_1261,18a74ff61c65b8a2d4cfa11ffce82ad7fef022a94eaf0c2f217e479e981420d2,relocation-equivalent,0040f300,1,1.000000,c211c3e255219d7b457824b4da0b69b725613d5a6425f10348f1e8adbf5a7dbd,
DDCreatePalette,50,/O2 /Ob1 /G5 /MD,gog_1261_new,57a3072c2f8307de84e2f54ac58d3fcd7cf3cef18088bf0f0fdec2ac9202b2b1,relocation-equivalent,0040f300,1,1.000000,c211c3e255219d7b457824b4da0b69b725613d5a6425f10348f1e8adbf5a7dbd,
DDCreatePalette,50,/O2 /Ob1 /G5 /MD,gog_128_base,18a74ff61c65b8a2d4cfa11ffce82ad7fef022a94eaf0c2f217e479e981420d2,relocation-equivalent,0040f300,1,1.000000,c211c3e255219d7b457824b4da0b69b725613d5a6425f10348f1e8adbf5a7dbd,
DDCreatePalette,50,/O2 /Ob1 /G5 /MD,gog_128_patch,fdca6d9cd0940034191e82b8e2900de26bb25e381c74128dcb8967360a9fb824,unavailable,,0,0.000000,c211c3e255219d7b457824b4da0b69b725613d5a6425f10348f1e8adbf5a7dbd,no-text-section
DDCreatePalette,50,/O2 /Ob1 /G5 /MD,retail_2001_12_23,c3639d43568a1ed233be85c6b3b8129b1a4661e65717220e0514c815aa972edd,unavailable,,0,0.000000,c211c3e255219d7b457824b4da0b69b725613d5a6425f10348f1e8adbf5a7dbd,protected-executable
DDCreateRasterSurface,110,/O2 /Ob1 /G5 /MD,demo,8acda50afe39f7e6a867272300a09463fd94aed9a510008fcdefc662143346e4,absent-or-stripped,,0,0.000000,0ccfe59285d71b95f19e7f3b4d2728727107f5b0f4f0f2f768b3ec9a02ff42fe,
DDCreateRasterSurface,110,/O2 /Ob1 /G5 /MD,gog_base,18a74ff61c65b8a2d4cfa11ffce82ad7fef022a94eaf0c2f217e479e981420d2,absent-or-stripped,,0,0.000000,0ccfe59285d71b95f19e7f3b4d2728727107f5b0f4f0f2f768b3ec9a02ff42fe,
DDCreateRasterSurface,110,/O2 /Ob1 /G5 /MD,gog_1261,18a74ff61c65b8a2d4cfa11ffce82ad7fef022a94eaf0c2f217e479e981420d2,absent-or-stripped,,0,0.000000,0ccfe59285d71b95f19e7f3b4d2728727107f5b0f4f0f2f768b3ec9a02ff42fe,
DDCreateRasterSurface,110,/O2 /Ob1 /G5 /MD,gog_1261_new,57a3072c2f8307de84e2f54ac58d3fcd7cf3cef18088bf0f0fdec2ac9202b2b1,absent-or-stripped,,0,0.000000,0ccfe59285d71b95f19e7f3b4d2728727107f5b0f4f0f2f768b3ec9a02ff42fe,
DDCreateRasterSurface,110,/O2 /Ob1 /G5 /MD,gog_128_base,18a74ff61c65b8a2d4cfa11ffce82ad7fef022a94eaf0c2f217e479e981420d2,absent-or-stripped,,0,0.000000,0ccfe59285d71b95f19e7f3b4d2728727107f5b0f4f0f2f768b3ec9a02ff42fe,
DDCreateRasterSurface,110,/O2 /Ob1 /G5 /MD,gog_128_patch,fdca6d9cd0940034191e82b8e2900de26bb25e381c74128dcb8967360a9fb824,unavailable,,0,0.000000,0ccfe59285d71b95f19e7f3b4d2728727107f5b0f4f0f2f768b3ec9a02ff42fe,no-text-section
DDCreateRasterSurface,110,/O2 /Ob1 /G5 /MD,retail_2001_12_23,c3639d43568a1ed233be85c6b3b8129b1a4661e65717220e0514c815aa972edd,unavailable,,0,0.000000,0ccfe59285d71b95f19e7f3b4d2728727107f5b0f4f0f2f768b3ec9a02ff42fe,protected-executable
DDCreateSurface,74,/O2 /Ob1 /G5 /MD,demo,8acda50afe39f7e6a867272300a09463fd94aed9a510008fcdefc662143346e4,relocation-equivalent,0040f410,1,1.000000,c68b6dce35f046978717604c40ce9c29e319ccb5bc7e005dfdfc3eb22d2e4137,
DDCreateSurface,74,/O2 /Ob1 /G5 /MD,gog_base,18a74ff61c65b8a2d4cfa11ffce82ad7fef022a94eaf0c2f217e479e981420d2,relocation-equivalent,0040f0b0,1,1.000000,c68b6dce35f046978717604c40ce9c29e319ccb5bc7e005dfdfc3eb22d2e4137,
DDCreateSurface,74,/O2 /Ob1 /G5 /MD,gog_1261,18a74ff61c65b8a2d4cfa11ffce82ad7fef022a94eaf0c2f217e479e981420d2,relocation-equivalent,0040f0b0,1,1.000000,c68b6dce35f046978717604c40ce9c29e319ccb5bc7e005dfdfc3eb22d2e4137,
DDCreateSurface,74,/O2 /Ob1 /G5 /MD,gog_1261_new,57a3072c2f8307de84e2f54ac58d3fcd7cf3cef18088bf0f0fdec2ac9202b2b1,relocation-equivalent,0040f0b0,1,1.000000,c68b6dce35f046978717604c40ce9c29e319ccb5bc7e005dfdfc3eb22d2e4137,
DDCreateSurface,74,/O2 /Ob1 /G5 /MD,gog_128_base,18a74ff61c65b8a2d4cfa11ffce82ad7fef022a94eaf0c2f217e479e981420d2,relocation-equivalent,0040f0b0,1,1.000000,c68b6dce35f046978717604c40ce9c29e319ccb5bc7e005dfdfc3eb22d2e4137,
DDCreateSurface,74,/O2 /Ob1 /G5 /MD,gog_128_patch,fdca6d9cd0940034191e82b8e2900de26bb25e381c74128dcb8967360a9fb824,unavailable,,0,0.000000,c68b6dce35f046978717604c40ce9c29e319ccb5bc7e005dfdfc3eb22d2e4137,no-text-section
DDCreateSurface,74,/O2 /Ob1 /G5 /MD,retail_2001_12_23,c3639d43568a1ed233be85c6b3b8129b1a4661e65717220e0514c815aa972edd,unavailable,,0,0.000000,c68b6dce35f046978717604c40ce9c29e319ccb5bc7e005dfdfc3eb22d2e4137,protected-executable
DDCreateSurfaceInMemory,137,/O2 /Ob1 /G5 /MD,demo,8acda50afe39f7e6a867272300a09463fd94aed9a510008fcdefc662143346e4,absent-or-stripped,,0,0.000000,8e07f0b5781efdb495f5760d77633a20728312d45eb0a0b1147e45bfe3351ac9,
DDCreateSurfaceInMemory,137,/O2 /Ob1 /G5 /MD,gog_base,18a74ff61c65b8a2d4cfa11ffce82ad7fef022a94eaf0c2f217e479e981420d2,absent-or-stripped,,0,0.000000,8e07f0b5781efdb495f5760d77633a20728312d45eb0a0b1147e45bfe3351ac9,
DDCreateSurfaceInMemory,137,/O2 /Ob1 /G5 /MD,gog_1261,18a74ff61c65b8a2d4cfa11ffce82ad7fef022a94eaf0c2f217e479e981420d2,absent-or-stripped,,0,0.000000,8e07f0b5781efdb495f5760d77633a20728312d45eb0a0b1147e45bfe3351ac9,
DDCreateSurfaceInMemory,137,/O2 /Ob1 /G5 /MD,gog_1261_new,57a3072c2f8307de84e2f54ac58d3fcd7cf3cef18088bf0f0fdec2ac9202b2b1,absent-or-stripped,,0,0.000000,8e07f0b5781efdb495f5760d77633a20728312d45eb0a0b1147e45bfe3351ac9,
DDCreateSurfaceInMemory,137,/O2 /Ob1 /G5 /MD,gog_128_base,18a74ff61c65b8a2d4cfa11ffce82ad7fef022a94eaf0c2f217e479e981420d2,absent-or-stripped,,0,0.000000,8e07f0b5781efdb495f5760d77633a20728312d45eb0a0b1147e45bfe3351ac9,
DDCreateSurfaceInMemory,137,/O2 /Ob1 /G5 /MD,gog_128_patch,fdca6d9cd0940034191e82b8e2900de26bb25e381c74128dcb8967360a9fb824,unavailable,,0,0.000000,8e07f0b5781efdb495f5760d77633a20728312d45eb0a0b1147e45bfe3351ac9,no-text-section
DDCreateSurfaceInMemory,137,/O2 /Ob1 /G5 /MD,retail_2001_12_23,c3639d43568a1ed233be85c6b3b8129b1a4661e65717220e0514c815aa972edd,unavailable,,0,0.000000,8e07f0b5781efdb495f5760d77633a20728312d45eb0a0b1147e45bfe3351ac9,protected-executable
DDCreateZBufferSurface,118,/O2 /Ob1 /G5 /MD,demo,8acda50afe39f7e6a867272300a09463fd94aed9a510008fcdefc662143346e4,absent-or-stripped,,0,0.000000,feb4d1628db82c7ef64b63e6d82237f217261bd3cb759d534398abcde453041d,
DDCreateZBufferSurface,118,/O2 /Ob1 /G5 /MD,gog_base,18a74ff61c65b8a2d4cfa11ffce82ad7fef022a94eaf0c2f217e479e981420d2,absent-or-stripped,,0,0.000000,feb4d1628db82c7ef64b63e6d82237f217261bd3cb759d534398abcde453041d,
DDCreateZBufferSurface,118,/O2 /Ob1 /G5 /MD,gog_1261,18a74ff61c65b8a2d4cfa11ffce82ad7fef022a94eaf0c2f217e479e981420d2,absent-or-stripped,,0,0.000000,feb4d1628db82c7ef64b63e6d82237f217261bd3cb759d534398abcde453041d,
DDCreateZBufferSurface,118,/O2 /Ob1 /G5 /MD,gog_1261_new,57a3072c2f8307de84e2f54ac58d3fcd7cf3cef18088bf0f0fdec2ac9202b2b1,absent-or-stripped,,0,0.000000,feb4d1628db82c7ef64b63e6d82237f217261bd3cb759d534398abcde453041d,
DDCreateZBufferSurface,118,/O2 /Ob1 /G5 /MD,gog_128_base,18a74ff61c65b8a2d4cfa11ffce82ad7fef022a94eaf0c2f217e479e981420d2,absent-or-stripped,,0,0.000000,feb4d1628db82c7ef64b63e6d82237f217261bd3cb759d534398abcde453041d,
DDCreateZBufferSurface,118,/O2 /Ob1 /G5 /MD,gog_128_patch,fdca6d9cd0940034191e82b8e2900de26bb25e381c74128dcb8967360a9fb824,unavailable,,0,0.000000,feb4d1628db82c7ef64b63e6d82237f217261bd3cb759d534398abcde453041d,no-text-section
DDCreateZBufferSurface,118,/O2 /Ob1 /G5 /MD,retail_2001_12_23,c3639d43568a1ed233be85c6b3b8129b1a4661e65717220e0514c815aa972edd,unavailable,,0,0.000000,feb4d1628db82c7ef64b63e6d82237f217261bd3cb759d534398abcde453041d,protected-executable
DDDeleteAttachedSurface,37,/O2 /Ob1 /G5 /MD,demo,8acda50afe39f7e6a867272300a09463fd94aed9a510008fcdefc662143346e4,absent-or-stripped,,0,0.000000,dfff33460506d137703a1681d6a39941bf76176901af26de731238e00cce8917,
DDDeleteAttachedSurface,37,/O2 /Ob1 /G5 /MD,gog_base,18a74ff61c65b8a2d4cfa11ffce82ad7fef022a94eaf0c2f217e479e981420d2,absent-or-stripped,,0,0.000000,dfff33460506d137703a1681d6a39941bf76176901af26de731238e00cce8917,
DDDeleteAttachedSurface,37,/O2 /Ob1 /G5 /MD,gog_1261,18a74ff61c65b8a2d4cfa11ffce82ad7fef022a94eaf0c2f217e479e981420d2,absent-or-stripped,,0,0.000000,dfff33460506d137703a1681d6a39941bf76176901af26de731238e00cce8917,
DDDeleteAttachedSurface,37,/O2 /Ob1 /G5 /MD,gog_1261_new,57a3072c2f8307de84e2f54ac58d3fcd7cf3cef18088bf0f0fdec2ac9202b2b1,absent-or-stripped,,0,0.000000,dfff33460506d137703a1681d6a39941bf76176901af26de731238e00cce8917,
DDDeleteAttachedSurface,37,/O2 /Ob1 /G5 /MD,gog_128_base,18a74ff61c65b8a2d4cfa11ffce82ad7fef022a94eaf0c2f217e479e981420d2,absent-or-stripped,,0,0.000000,dfff33460506d137703a1681d6a39941bf76176901af26de731238e00cce8917,
DDDeleteAttachedSurface,37,/O2 /Ob1 /G5 /MD,gog_128_patch,fdca6d9cd0940034191e82b8e2900de26bb25e381c74128dcb8967360a9fb824,unavailable,,0,0.000000,dfff33460506d137703a1681d6a39941bf76176901af26de731238e00cce8917,no-text-section
DDDeleteAttachedSurface,37,/O2 /Ob1 /G5 /MD,retail_2001_12_23,c3639d43568a1ed233be85c6b3b8129b1a4661e65717220e0514c815aa972edd,unavailable,,0,0.000000,dfff33460506d137703a1681d6a39941bf76176901af26de731238e00cce8917,protected-executable
DDGetDC,35,/O2 /Ob1 /G5 /MD,demo,8acda50afe39f7e6a867272300a09463fd94aed9a510008fcdefc662143346e4,absent-or-stripped,,0,0.000000,3d42125a18ebf38516b847b13bb55cb0af3e48b139618e79d573a63a59f0b0fc,
DDGetDC,35,/O2 /Ob1 /G5 /MD,gog_base,18a74ff61c65b8a2d4cfa11ffce82ad7fef022a94eaf0c2f217e479e981420d2,absent-or-stripped,,0,0.000000,3d42125a18ebf38516b847b13bb55cb0af3e48b139618e79d573a63a59f0b0fc,
DDGetDC,35,/O2 /Ob1 /G5 /MD,gog_1261,18a74ff61c65b8a2d4cfa11ffce82ad7fef022a94eaf0c2f217e479e981420d2,absent-or-stripped,,0,0.000000,3d42125a18ebf38516b847b13bb55cb0af3e48b139618e79d573a63a59f0b0fc,
DDGetDC,35,/O2 /Ob1 /G5 /MD,gog_1261_new,57a3072c2f8307de84e2f54ac58d3fcd7cf3cef18088bf0f0fdec2ac9202b2b1,absent-or-stripped,,0,0.000000,3d42125a18ebf38516b847b13bb55cb0af3e48b139618e79d573a63a59f0b0fc,
DDGetDC,35,/O2 /Ob1 /G5 /MD,gog_128_base,18a74ff61c65b8a2d4cfa11ffce82ad7fef022a94eaf0c2f217e479e981420d2,absent-or-stripped,,0,0.000000,3d42125a18ebf38516b847b13bb55cb0af3e48b139618e79d573a63a59f0b0fc,
DDGetDC,35,/O2 /Ob1 /G5 /MD,gog_128_patch,fdca6d9cd0940034191e82b8e2900de26bb25e381c74128dcb8967360a9fb824,unavailable,,0,0.000000,3d42125a18ebf38516b847b13bb55cb0af3e48b139618e79d573a63a59f0b0fc,no-text-section
DDGetDC,35,/O2 /Ob1 /G5 /MD,retail_2001_12_23,c3639d43568a1ed233be85c6b3b8129b1a4661e65717220e0514c815aa972edd,unavailable,,0,0.000000,3d42125a18ebf38516b847b13bb55cb0af3e48b139618e79d573a63a59f0b0fc,protected-executable
DDGetDDInterface,38,/O2 /Ob1 /G5 /MD,demo,8acda50afe39f7e6a867272300a09463fd94aed9a510008fcdefc662143346e4,absent-or-stripped,,0,0.000000,5d801148f47ad75b7129e103ddbcfc4a524827fc206325e61a0baab76a9a149c,
DDGetDDInterface,38,/O2 /Ob1 /G5 /MD,gog_base,18a74ff61c65b8a2d4cfa11ffce82ad7fef022a94eaf0c2f217e479e981420d2,absent-or-stripped,,0,0.000000,5d801148f47ad75b7129e103ddbcfc4a524827fc206325e61a0baab76a9a149c,
DDGetDDInterface,38,/O2 /Ob1 /G5 /MD,gog_1261,18a74ff61c65b8a2d4cfa11ffce82ad7fef022a94eaf0c2f217e479e981420d2,absent-or-stripped,,0,0.000000,5d801148f47ad75b7129e103ddbcfc4a524827fc206325e61a0baab76a9a149c,
DDGetDDInterface,38,/O2 /Ob1 /G5 /MD,gog_1261_new,57a3072c2f8307de84e2f54ac58d3fcd7cf3cef18088bf0f0fdec2ac9202b2b1,absent-or-stripped,,0,0.000000,5d801148f47ad75b7129e103ddbcfc4a524827fc206325e61a0baab76a9a149c,
DDGetDDInterface,38,/O2 /Ob1 /G5 /MD,gog_128_base,18a74ff61c65b8a2d4cfa11ffce82ad7fef022a94eaf0c2f217e479e981420d2,absent-or-stripped,,0,0.000000,5d801148f47ad75b7129e103ddbcfc4a524827fc206325e61a0baab76a9a149c,
DDGetDDInterface,38,/O2 /Ob1 /G5 /MD,gog_128_patch,fdca6d9cd0940034191e82b8e2900de26bb25e381c74128dcb8967360a9fb824,unavailable,,0,0.000000,5d801148f47ad75b7129e103ddbcfc4a524827fc206325e61a0baab76a9a149c,no-text-section
DDGetDDInterface,38,/O2 /Ob1 /G5 /MD,retail_2001_12_23,c3639d43568a1ed233be85c6b3b8129b1a4661e65717220e0514c815aa972edd,unavailable,,0,0.000000,5d801148f47ad75b7129e103ddbcfc4a524827fc206325e61a0baab76a9a149c,protected-executable
DDGetPaletteEntries,50,/O2 /Ob1 /G5 /MD,demo,8acda50afe39f7e6a867272300a09463fd94aed9a510008fcdefc662143346e4,relocation-equivalent,0040f6e0,1,1.000000,560e5edd93a18f75a9c3027c66f7962e917aaa341bd450cc2fc542276788299c,
DDGetPaletteEntries,50,/O2 /Ob1 /G5 /MD,gog_base,18a74ff61c65b8a2d4cfa11ffce82ad7fef022a94eaf0c2f217e479e981420d2,relocation-equivalent,0040f380,1,1.000000,560e5edd93a18f75a9c3027c66f7962e917aaa341bd450cc2fc542276788299c,
DDGetPaletteEntries,50,/O2 /Ob1 /G5 /MD,gog_1261,18a74ff61c65b8a2d4cfa11ffce82ad7fef022a94eaf0c2f217e479e981420d2,relocation-equivalent,0040f380,1,1.000000,560e5edd93a18f75a9c3027c66f7962e917aaa341bd450cc2fc542276788299c,
DDGetPaletteEntries,50,/O2 /Ob1 /G5 /MD,gog_1261_new,57a3072c2f8307de84e2f54ac58d3fcd7cf3cef18088bf0f0fdec2ac9202b2b1,relocation-equivalent,0040f380,1,1.000000,560e5edd93a18f75a9c3027c66f7962e917aaa341bd450cc2fc542276788299c,
DDGetPaletteEntries,50,/O2 /Ob1 /G5 /MD,gog_128_base,18a74ff61c65b8a2d4cfa11ffce82ad7fef022a94eaf0c2f217e479e981420d2,relocation-equivalent,0040f380,1,1.000000,560e5edd93a18f75a9c3027c66f7962e917aaa341bd450cc2fc542276788299c,
DDGetPaletteEntries,50,/O2 /Ob1 /G5 /MD,gog_128_patch,fdca6d9cd0940034191e82b8e2900de26bb25e381c74128dcb8967360a9fb824,unavailable,,0,0.000000,560e5edd93a18f75a9c3027c66f7962e917aaa341bd450cc2fc542276788299c,no-text-section
DDGetPaletteEntries,50,/O2 /Ob1 /G5 /MD,retail_2001_12_23,c3639d43568a1ed233be85c6b3b8129b1a4661e65717220e0514c815aa972edd,unavailable,,0,0.000000,560e5edd93a18f75a9c3027c66f7962e917aaa341bd450cc2fc542276788299c,protected-executable
DDGetSurfaceCaps,35,/O2 /Ob1 /G5 /MD,demo,8acda50afe39f7e6a867272300a09463fd94aed9a510008fcdefc662143346e4,absent-or-stripped,,0,0.000000,eadfde21ed070b40b3cef45111c164ab9d942f8c815ac9bcf1532287ae85894e,
DDGetSurfaceCaps,35,/O2 /Ob1 /G5 /MD,gog_base,18a74ff61c65b8a2d4cfa11ffce82ad7fef022a94eaf0c2f217e479e981420d2,absent-or-stripped,,0,0.000000,eadfde21ed070b40b3cef45111c164ab9d942f8c815ac9bcf1532287ae85894e,
DDGetSurfaceCaps,35,/O2 /Ob1 /G5 /MD,gog_1261,18a74ff61c65b8a2d4cfa11ffce82ad7fef022a94eaf0c2f217e479e981420d2,absent-or-stripped,,0,0.000000,eadfde21ed070b40b3cef45111c164ab9d942f8c815ac9bcf1532287ae85894e,
DDGetSurfaceCaps,35,/O2 /Ob1 /G5 /MD,gog_1261_new,57a3072c2f8307de84e2f54ac58d3fcd7cf3cef18088bf0f0fdec2ac9202b2b1,absent-or-stripped,,0,0.000000,eadfde21ed070b40b3cef45111c164ab9d942f8c815ac9bcf1532287ae85894e,
DDGetSurfaceCaps,35,/O2 /Ob1 /G5 /MD,gog_128_base,18a74ff61c65b8a2d4cfa11ffce82ad7fef022a94eaf0c2f217e479e981420d2,absent-or-stripped,,0,0.000000,eadfde21ed070b40b3cef45111c164ab9d942f8c815ac9bcf1532287ae85894e,
DDGetSurfaceCaps,35,/O2 /Ob1 /G5 /MD,gog_128_patch,fdca6d9cd0940034191e82b8e2900de26bb25e381c74128dcb8967360a9fb824,unavailable,,0,0.000000,eadfde21ed070b40b3cef45111c164ab9d942f8c815ac9bcf1532287ae85894e,no-text-section
DDGetSurfaceCaps,35,/O2 /Ob1 /G5 /MD,retail_2001_12_23,c3639d43568a1ed233be85c6b3b8129b1a4661e65717220e0514c815aa972edd,unavailable,,0,0.000000,eadfde21ed070b40b3cef45111c164ab9d942f8c815ac9bcf1532287ae85894e,protected-executable
DDGetSurfaceDescription,51,/O2 /Ob1 /G5 /MD,demo,8acda50afe39f7e6a867272300a09463fd94aed9a510008fcdefc662143346e4,relocation-equivalent,0040f4e0,1,1.000000,7774abf7cc9a57a7449d030eb0ad43af3935bd017f23544cda705d60e1e03989,
DDGetSurfaceDescription,51,/O2 /Ob1 /G5 /MD,gog_base,18a74ff61c65b8a2d4cfa11ffce82ad7fef022a94eaf0c2f217e479e981420d2,relocation-equivalent,0040f180,1,1.000000,7774abf7cc9a57a7449d030eb0ad43af3935bd017f23544cda705d60e1e03989,
DDGetSurfaceDescription,51,/O2 /Ob1 /G5 /MD,gog_1261,18a74ff61c65b8a2d4cfa11ffce82ad7fef022a94eaf0c2f217e479e981420d2,relocation-equivalent,0040f180,1,1.000000,7774abf7cc9a57a7449d030eb0ad43af3935bd017f23544cda705d60e1e03989,
DDGetSurfaceDescription,51,/O2 /Ob1 /G5 /MD,gog_1261_new,57a3072c2f8307de84e2f54ac58d3fcd7cf3cef18088bf0f0fdec2ac9202b2b1,relocation-equivalent,0040f180,1,1.000000,7774abf7cc9a57a7449d030eb0ad43af3935bd017f23544cda705d60e1e03989,
DDGetSurfaceDescription,51,/O2 /Ob1 /G5 /MD,gog_128_base,18a74ff61c65b8a2d4cfa11ffce82ad7fef022a94eaf0c2f217e479e981420d2,relocation-equivalent,0040f180,1,1.000000,7774abf7cc9a57a7449d030eb0ad43af3935bd017f23544cda705d60e1e03989,
DDGetSurfaceDescription,51,/O2 /Ob1 /G5 /MD,gog_128_patch,fdca6d9cd0940034191e82b8e2900de26bb25e381c74128dcb8967360a9fb824,unavailable,,0,0.000000,7774abf7cc9a57a7449d030eb0ad43af3935bd017f23544cda705d60e1e03989,no-text-section
DDGetSurfaceDescription,51,/O2 /Ob1 /G5 /MD,retail_2001_12_23,c3639d43568a1ed233be85c6b3b8129b1a4661e65717220e0514c815aa972edd,unavailable,,0,0.000000,7774abf7cc9a57a7449d030eb0ad43af3935bd017f23544cda705d60e1e03989,protected-executable
DDGetSurfacePalette,35,/O2 /Ob1 /G5 /MD,demo,8acda50afe39f7e6a867272300a09463fd94aed9a510008fcdefc662143346e4,absent-or-stripped,,0,0.000000,dd425b5cef6417b897fdb6c7eaff966449cdf39913bb7cd74b1c9d7081ef0371,
DDGetSurfacePalette,35,/O2 /Ob1 /G5 /MD,gog_base,18a74ff61c65b8a2d4cfa11ffce82ad7fef022a94eaf0c2f217e479e981420d2,absent-or-stripped,,0,0.000000,dd425b5cef6417b897fdb6c7eaff966449cdf39913bb7cd74b1c9d7081ef0371,
DDGetSurfacePalette,35,/O2 /Ob1 /G5 /MD,gog_1261,18a74ff61c65b8a2d4cfa11ffce82ad7fef022a94eaf0c2f217e479e981420d2,absent-or-stripped,,0,0.000000,dd425b5cef6417b897fdb6c7eaff966449cdf39913bb7cd74b1c9d7081ef0371,
DDGetSurfacePalette,35,/O2 /Ob1 /G5 /MD,gog_1261_new,57a3072c2f8307de84e2f54ac58d3fcd7cf3cef18088bf0f0fdec2ac9202b2b1,absent-or-stripped,,0,0.000000,dd425b5cef6417b897fdb6c7eaff966449cdf39913bb7cd74b1c9d7081ef0371,
DDGetSurfacePalette,35,/O2 /Ob1 /G5 /MD,gog_128_base,18a74ff61c65b8a2d4cfa11ffce82ad7fef022a94eaf0c2f217e479e981420d2,absent-or-stripped,,0,0.000000,dd425b5cef6417b897fdb6c7eaff966449cdf39913bb7cd74b1c9d7081ef0371,
DDGetSurfacePalette,35,/O2 /Ob1 /G5 /MD,gog_128_patch,fdca6d9cd0940034191e82b8e2900de26bb25e381c74128dcb8967360a9fb824,unavailable,,0,0.000000,dd425b5cef6417b897fdb6c7eaff966449cdf39913bb7cd74b1c9d7081ef0371,no-text-section
DDGetSurfacePalette,35,/O2 /Ob1 /G5 /MD,retail_2001_12_23,c3639d43568a1ed233be85c6b3b8129b1a4661e65717220e0514c815aa972edd,unavailable,,0,0.000000,dd425b5cef6417b897fdb6c7eaff966449cdf39913bb7cd74b1c9d7081ef0371,protected-executable
DDLockSurface,79,/O2 /Ob1 /G5 /MD,demo,8acda50afe39f7e6a867272300a09463fd94aed9a510008fcdefc662143346e4,relocation-equivalent,0040f460,1,1.000000,db1e8cef0a742989a7e7cca67847e9bd9f25abdc778aaedd682a4c182c37395a,
DDLockSurface,79,/O2 /Ob1 /G5 /MD,gog_base,18a74ff61c65b8a2d4cfa11ffce82ad7fef022a94eaf0c2f217e479e981420d2,relocation-equivalent,0040f100,1,1.000000,db1e8cef0a742989a7e7cca67847e9bd9f25abdc778aaedd682a4c182c37395a,
DDLockSurface,79,/O2 /Ob1 /G5 /MD,gog_1261,18a74ff61c65b8a2d4cfa11ffce82ad7fef022a94eaf0c2f217e479e981420d2,relocation-equivalent,0040f100,1,1.000000,db1e8cef0a742989a7e7cca67847e9bd9f25abdc778aaedd682a4c182c37395a,
DDLockSurface,79,/O2 /Ob1 /G5 /MD,gog_1261_new,57a3072c2f8307de84e2f54ac58d3fcd7cf3cef18088bf0f0fdec2ac9202b2b1,relocation-equivalent,0040f100,1,1.000000,db1e8cef0a742989a7e7cca67847e9bd9f25abdc778aaedd682a4c182c37395a,
DDLockSurface,79,/O2 /Ob1 /G5 /MD,gog_128_base,18a74ff61c65b8a2d4cfa11ffce82ad7fef022a94eaf0c2f217e479e981420d2,relocation-equivalent,0040f100,1,1.000000,db1e8cef0a742989a7e7cca67847e9bd9f25abdc778aaedd682a4c182c37395a,
DDLockSurface,79,/O2 /Ob1 /G5 /MD,gog_128_patch,fdca6d9cd0940034191e82b8e2900de26bb25e381c74128dcb8967360a9fb824,unavailable,,0,0.000000,db1e8cef0a742989a7e7cca67847e9bd9f25abdc778aaedd682a4c182c37395a,no-text-section
DDLockSurface,79,/O2 /Ob1 /G5 /MD,retail_2001_12_23,c3639d43568a1ed233be85c6b3b8129b1a4661e65717220e0514c815aa972edd,unavailable,,0,0.000000,db1e8cef0a742989a7e7cca67847e9bd9f25abdc778aaedd682a4c182c37395a,protected-executable
DDReleaseClipper,30,/O2 /Ob1 /G5 /MD,demo,8acda50afe39f7e6a867272300a09463fd94aed9a510008fcdefc662143346e4,absent-or-stripped,,0,0.000000,78598d5b0416ca80f4bc3698aa0f7c5f2d3cb593ccfdf2ebe016f2a82bbe4b4b,
DDReleaseClipper,30,/O2 /Ob1 /G5 /MD,gog_base,18a74ff61c65b8a2d4cfa11ffce82ad7fef022a94eaf0c2f217e479e981420d2,absent-or-stripped,,0,0.000000,78598d5b0416ca80f4bc3698aa0f7c5f2d3cb593ccfdf2ebe016f2a82bbe4b4b,
DDReleaseClipper,30,/O2 /Ob1 /G5 /MD,gog_1261,18a74ff61c65b8a2d4cfa11ffce82ad7fef022a94eaf0c2f217e479e981420d2,absent-or-stripped,,0,0.000000,78598d5b0416ca80f4bc3698aa0f7c5f2d3cb593ccfdf2ebe016f2a82bbe4b4b,
DDReleaseClipper,30,/O2 /Ob1 /G5 /MD,gog_1261_new,57a3072c2f8307de84e2f54ac58d3fcd7cf3cef18088bf0f0fdec2ac9202b2b1,absent-or-stripped,,0,0.000000,78598d5b0416ca80f4bc3698aa0f7c5f2d3cb593ccfdf2ebe016f2a82bbe4b4b,
DDReleaseClipper,30,/O2 /Ob1 /G5 /MD,gog_128_base,18a74ff61c65b8a2d4cfa11ffce82ad7fef022a94eaf0c2f217e479e981420d2,absent-or-stripped,,0,0.000000,78598d5b0416ca80f4bc3698aa0f7c5f2d3cb593ccfdf2ebe016f2a82bbe4b4b,
DDReleaseClipper,30,/O2 /Ob1 /G5 /MD,gog_128_patch,fdca6d9cd0940034191e82b8e2900de26bb25e381c74128dcb8967360a9fb824,unavailable,,0,0.000000,78598d5b0416ca80f4bc3698aa0f7c5f2d3cb593ccfdf2ebe016f2a82bbe4b4b,no-text-section
DDReleaseClipper,30,/O2 /Ob1 /G5 /MD,retail_2001_12_23,c3639d43568a1ed233be85c6b3b8129b1a4661e65717220e0514c815aa972edd,unavailable,,0,0.000000,78598d5b0416ca80f4bc3698aa0f7c5f2d3cb593ccfdf2ebe016f2a82bbe4b4b,protected-executable
DDReleaseDC,35,/O2 /Ob1 /G5 /MD,demo,8acda50afe39f7e6a867272300a09463fd94aed9a510008fcdefc662143346e4,absent-or-stripped,,0,0.000000,8e88e2a8938d700804a79448702d7ca0e9bd262bdf2a5dfee8fb29ed8708fdcb,
DDReleaseDC,35,/O2 /Ob1 /G5 /MD,gog_base,18a74ff61c65b8a2d4cfa11ffce82ad7fef022a94eaf0c2f217e479e981420d2,absent-or-stripped,,0,0.000000,8e88e2a8938d700804a79448702d7ca0e9bd262bdf2a5dfee8fb29ed8708fdcb,
DDReleaseDC,35,/O2 /Ob1 /G5 /MD,gog_1261,18a74ff61c65b8a2d4cfa11ffce82ad7fef022a94eaf0c2f217e479e981420d2,absent-or-stripped,,0,0.000000,8e88e2a8938d700804a79448702d7ca0e9bd262bdf2a5dfee8fb29ed8708fdcb,
DDReleaseDC,35,/O2 /Ob1 /G5 /MD,gog_1261_new,57a3072c2f8307de84e2f54ac58d3fcd7cf3cef18088bf0f0fdec2ac9202b2b1,absent-or-stripped,,0,0.000000,8e88e2a8938d700804a79448702d7ca0e9bd262bdf2a5dfee8fb29ed8708fdcb,
DDReleaseDC,35,/O2 /Ob1 /G5 /MD,gog_128_base,18a74ff61c65b8a2d4cfa11ffce82ad7fef022a94eaf0c2f217e479e981420d2,absent-or-stripped,,0,0.000000,8e88e2a8938d700804a79448702d7ca0e9bd262bdf2a5dfee8fb29ed8708fdcb,
DDReleaseDC,35,/O2 /Ob1 /G5 /MD,gog_128_patch,fdca6d9cd0940034191e82b8e2900de26bb25e381c74128dcb8967360a9fb824,unavailable,,0,0.000000,8e88e2a8938d700804a79448702d7ca0e9bd262bdf2a5dfee8fb29ed8708fdcb,no-text-section
DDReleaseDC,35,/O2 /Ob1 /G5 /MD,retail_2001_12_23,c3639d43568a1ed233be85c6b3b8129b1a4661e65717220e0514c815aa972edd,unavailable,,0,0.000000,8e88e2a8938d700804a79448702d7ca0e9bd262bdf2a5dfee8fb29ed8708fdcb,protected-executable
DDReleasePalette,30,/O2 /Ob1 /G5 /MD,demo,8acda50afe39f7e6a867272300a09463fd94aed9a510008fcdefc662143346e4,relocation-equivalent,0040f720,1,1.000000,8f23817c93b5397f4a48e24fbaacd9545ab6aad63310bcbd9a83e395b4565072,
DDReleasePalette,30,/O2 /Ob1 /G5 /MD,gog_base,18a74ff61c65b8a2d4cfa11ffce82ad7fef022a94eaf0c2f217e479e981420d2,relocation-equivalent,0040f3c0,1,1.000000,8f23817c93b5397f4a48e24fbaacd9545ab6aad63310bcbd9a83e395b4565072,
DDReleasePalette,30,/O2 /Ob1 /G5 /MD,gog_1261,18a74ff61c65b8a2d4cfa11ffce82ad7fef022a94eaf0c2f217e479e981420d2,relocation-equivalent,0040f3c0,1,1.000000,8f23817c93b5397f4a48e24fbaacd9545ab6aad63310bcbd9a83e395b4565072,
DDReleasePalette,30,/O2 /Ob1 /G5 /MD,gog_1261_new,57a3072c2f8307de84e2f54ac58d3fcd7cf3cef18088bf0f0fdec2ac9202b2b1,relocation-equivalent,0040f3c0,1,1.000000,8f23817c93b5397f4a48e24fbaacd9545ab6aad63310bcbd9a83e395b4565072,
DDReleasePalette,30,/O2 /Ob1 /G5 /MD,gog_128_base,18a74ff61c65b8a2d4cfa11ffce82ad7fef022a94eaf0c2f217e479e981420d2,relocation-equivalent,0040f3c0,1,1.000000,8f23817c93b5397f4a48e24fbaacd9545ab6aad63310bcbd9a83e395b4565072,
DDReleasePalette,30,/O2 /Ob1 /G5 /MD,gog_128_patch,fdca6d9cd0940034191e82b8e2900de26bb25e381c74128dcb8967360a9fb824,unavailable,,0,0.000000,8f23817c93b5397f4a48e24fbaacd9545ab6aad63310bcbd9a83e395b4565072,no-text-section
DDReleasePalette,30,/O2 /Ob1 /G5 /MD,retail_2001_12_23,c3639d43568a1ed233be85c6b3b8129b1a4661e65717220e0514c815aa972edd,unavailable,,0,0.000000,8f23817c93b5397f4a48e24fbaacd9545ab6aad63310bcbd9a83e395b4565072,protected-executable
DDReleaseSurface,79,/O2 /Ob1 /G5 /MD,demo,8acda50afe39f7e6a867272300a09463fd94aed9a510008fcdefc662143346e4,relocation-equivalent,0040f520,1,1.000000,f7fdfa1be54c8d1f5efc90f169e3b36c880c08a5de9f81459594d83ecdba514b,
DDReleaseSurface,79,/O2 /Ob1 /G5 /MD,gog_base,18a74ff61c65b8a2d4cfa11ffce82ad7fef022a94eaf0c2f217e479e981420d2,relocation-equivalent,0040f1c0,1,1.000000,f7fdfa1be54c8d1f5efc90f169e3b36c880c08a5de9f81459594d83ecdba514b,
DDReleaseSurface,79,/O2 /Ob1 /G5 /MD,gog_1261,18a74ff61c65b8a2d4cfa11ffce82ad7fef022a94eaf0c2f217e479e981420d2,relocation-equivalent,0040f1c0,1,1.000000,f7fdfa1be54c8d1f5efc90f169e3b36c880c08a5de9f81459594d83ecdba514b,
DDReleaseSurface,79,/O2 /Ob1 /G5 /MD,gog_1261_new,57a3072c2f8307de84e2f54ac58d3fcd7cf3cef18088bf0f0fdec2ac9202b2b1,relocation-equivalent,0040f1c0,1,1.000000,f7fdfa1be54c8d1f5efc90f169e3b36c880c08a5de9f81459594d83ecdba514b,
DDReleaseSurface,79,/O2 /Ob1 /G5 /MD,gog_128_base,18a74ff61c65b8a2d4cfa11ffce82ad7fef022a94eaf0c2f217e479e981420d2,relocation-equivalent,0040f1c0,1,1.000000,f7fdfa1be54c8d1f5efc90f169e3b36c880c08a5de9f81459594d83ecdba514b,
DDReleaseSurface,79,/O2 /Ob1 /G5 /MD,gog_128_patch,fdca6d9cd0940034191e82b8e2900de26bb25e381c74128dcb8967360a9fb824,unavailable,,0,0.000000,f7fdfa1be54c8d1f5efc90f169e3b36c880c08a5de9f81459594d83ecdba514b,no-text-section
DDReleaseSurface,79,/O2 /Ob1 /G5 /MD,retail_2001_12_23,c3639d43568a1ed233be85c6b3b8129b1a4661e65717220e0514c815aa972edd,unavailable,,0,0.000000,f7fdfa1be54c8d1f5efc90f169e3b36c880c08a5de9f81459594d83ecdba514b,protected-executable
DDRestoreSurface,30,/O2 /Ob1 /G5 /MD,demo,8acda50afe39f7e6a867272300a09463fd94aed9a510008fcdefc662143346e4,relocation-equivalent,0040f570,1,1.000000,c64e2d0c6ecedae04e3303f207708517f93e4c3a69b0d7362aab90870f5c46e7,
DDRestoreSurface,30,/O2 /Ob1 /G5 /MD,gog_base,18a74ff61c65b8a2d4cfa11ffce82ad7fef022a94eaf0c2f217e479e981420d2,relocation-equivalent,0040f210,1,1.000000,c64e2d0c6ecedae04e3303f207708517f93e4c3a69b0d7362aab90870f5c46e7,
DDRestoreSurface,30,/O2 /Ob1 /G5 /MD,gog_1261,18a74ff61c65b8a2d4cfa11ffce82ad7fef022a94eaf0c2f217e479e981420d2,relocation-equivalent,0040f210,1,1.000000,c64e2d0c6ecedae04e3303f207708517f93e4c3a69b0d7362aab90870f5c46e7,
DDRestoreSurface,30,/O2 /Ob1 /G5 /MD,gog_1261_new,57a3072c2f8307de84e2f54ac58d3fcd7cf3cef18088bf0f0fdec2ac9202b2b1,relocation-equivalent,0040f210,1,1.000000,c64e2d0c6ecedae04e3303f207708517f93e4c3a69b0d7362aab90870f5c46e7,
DDRestoreSurface,30,/O2 /Ob1 /G5 /MD,gog_128_base,18a74ff61c65b8a2d4cfa11ffce82ad7fef022a94eaf0c2f217e479e981420d2,relocation-equivalent,0040f210,1,1.000000,c64e2d0c6ecedae04e3303f207708517f93e4c3a69b0d7362aab90870f5c46e7,
DDRestoreSurface,30,/O2 /Ob1 /G5 /MD,gog_128_patch,fdca6d9cd0940034191e82b8e2900de26bb25e381c74128dcb8967360a9fb824,unavailable,,0,0.000000,c64e2d0c6ecedae04e3303f207708517f93e4c3a69b0d7362aab90870f5c46e7,no-text-section
DDRestoreSurface,30,/O2 /Ob1 /G5 /MD,retail_2001_12_23,c3639d43568a1ed233be85c6b3b8129b1a4661e65717220e0514c815aa972edd,unavailable,,0,0.000000,c64e2d0c6ecedae04e3303f207708517f93e4c3a69b0d7362aab90870f5c46e7,protected-executable
DDSetClipper,35,/O2 /Ob1 /G5 /MD,demo,8acda50afe39f7e6a867272300a09463fd94aed9a510008fcdefc662143346e4,absent-or-stripped,,0,0.000000,4f2df13aa4c6c799b23dd99337aaa83173ff61f408ef4a7f8557c92207a18ee5,
DDSetClipper,35,/O2 /Ob1 /G5 /MD,gog_base,18a74ff61c65b8a2d4cfa11ffce82ad7fef022a94eaf0c2f217e479e981420d2,absent-or-stripped,,0,0.000000,4f2df13aa4c6c799b23dd99337aaa83173ff61f408ef4a7f8557c92207a18ee5,
DDSetClipper,35,/O2 /Ob1 /G5 /MD,gog_1261,18a74ff61c65b8a2d4cfa11ffce82ad7fef022a94eaf0c2f217e479e981420d2,absent-or-stripped,,0,0.000000,4f2df13aa4c6c799b23dd99337aaa83173ff61f408ef4a7f8557c92207a18ee5,
DDSetClipper,35,/O2 /Ob1 /G5 /MD,gog_1261_new,57a3072c2f8307de84e2f54ac58d3fcd7cf3cef18088bf0f0fdec2ac9202b2b1,absent-or-stripped,,0,0.000000,4f2df13aa4c6c799b23dd99337aaa83173ff61f408ef4a7f8557c92207a18ee5,
DDSetClipper,35,/O2 /Ob1 /G5 /MD,gog_128_base,18a74ff61c65b8a2d4cfa11ffce82ad7fef022a94eaf0c2f217e479e981420d2,absent-or-stripped,,0,0.000000,4f2df13aa4c6c799b23dd99337aaa83173ff61f408ef4a7f8557c92207a18ee5,
DDSetClipper,35,/O2 /Ob1 /G5 /MD,gog_128_patch,fdca6d9cd0940034191e82b8e2900de26bb25e381c74128dcb8967360a9fb824,unavailable,,0,0.000000,4f2df13aa4c6c799b23dd99337aaa83173ff61f408ef4a7f8557c92207a18ee5,no-text-section
DDSetClipper,35,/O2 /Ob1 /G5 /MD,retail_2001_12_23,c3639d43568a1ed233be85c6b3b8129b1a4661e65717220e0514c815aa972edd,unavailable,,0,0.000000,4f2df13aa4c6c799b23dd99337aaa83173ff61f408ef4a7f8557c92207a18ee5,protected-executable
DDSetClipperList,40,/O2 /Ob1 /G5 /MD,demo,8acda50afe39f7e6a867272300a09463fd94aed9a510008fcdefc662143346e4,absent-or-stripped,,0,0.000000,93b65f2d0ed35dedd7110c57cc7d1149db06c02358efdd30bdb7b86169939384,
DDSetClipperList,40,/O2 /Ob1 /G5 /MD,gog_base,18a74ff61c65b8a2d4cfa11ffce82ad7fef022a94eaf0c2f217e479e981420d2,absent-or-stripped,,0,0.000000,93b65f2d0ed35dedd7110c57cc7d1149db06c02358efdd30bdb7b86169939384,
DDSetClipperList,40,/O2 /Ob1 /G5 /MD,gog_1261,18a74ff61c65b8a2d4cfa11ffce82ad7fef022a94eaf0c2f217e479e981420d2,absent-or-stripped,,0,0.000000,93b65f2d0ed35dedd7110c57cc7d1149db06c02358efdd30bdb7b86169939384,
DDSetClipperList,40,/O2 /Ob1 /G5 /MD,gog_1261_new,57a3072c2f8307de84e2f54ac58d3fcd7cf3cef18088bf0f0fdec2ac9202b2b1,absent-or-stripped,,0,0.000000,93b65f2d0ed35dedd7110c57cc7d1149db06c02358efdd30bdb7b86169939384,
DDSetClipperList,40,/O2 /Ob1 /G5 /MD,gog_128_base,18a74ff61c65b8a2d4cfa11ffce82ad7fef022a94eaf0c2f217e479e981420d2,absent-or-stripped,,0,0.000000,93b65f2d0ed35dedd7110c57cc7d1149db06c02358efdd30bdb7b86169939384,
DDSetClipperList,40,/O2 /Ob1 /G5 /MD,gog_128_patch,fdca6d9cd0940034191e82b8e2900de26bb25e381c74128dcb8967360a9fb824,unavailable,,0,0.000000,93b65f2d0ed35dedd7110c57cc7d1149db06c02358efdd30bdb7b86169939384,no-text-section
DDSetClipperList,40,/O2 /Ob1 /G5 /MD,retail_2001_12_23,c3639d43568a1ed233be85c6b3b8129b1a4661e65717220e0514c815aa972edd,unavailable,,0,0.000000,93b65f2d0ed35dedd7110c57cc7d1149db06c02358efdd30bdb7b86169939384,protected-executable
DDSetPaletteEntries,50,/O2 /Ob1 /G5 /MD,demo,8acda50afe39f7e6a867272300a09463fd94aed9a510008fcdefc662143346e4,relocation-equivalent,0040f6a0,1,1.000000,e1a99fa7fffde852d88806c64d0c2a7a8ef77c04c1e754bfdecc8b0a5ec57e52,
DDSetPaletteEntries,50,/O2 /Ob1 /G5 /MD,gog_base,18a74ff61c65b8a2d4cfa11ffce82ad7fef022a94eaf0c2f217e479e981420d2,relocation-equivalent,0040f340,1,1.000000,e1a99fa7fffde852d88806c64d0c2a7a8ef77c04c1e754bfdecc8b0a5ec57e52,
DDSetPaletteEntries,50,/O2 /Ob1 /G5 /MD,gog_1261,18a74ff61c65b8a2d4cfa11ffce82ad7fef022a94eaf0c2f217e479e981420d2,relocation-equivalent,0040f340,1,1.000000,e1a99fa7fffde852d88806c64d0c2a7a8ef77c04c1e754bfdecc8b0a5ec57e52,
DDSetPaletteEntries,50,/O2 /Ob1 /G5 /MD,gog_1261_new,57a3072c2f8307de84e2f54ac58d3fcd7cf3cef18088bf0f0fdec2ac9202b2b1,relocation-equivalent,0040f340,1,1.000000,e1a99fa7fffde852d88806c64d0c2a7a8ef77c04c1e754bfdecc8b0a5ec57e52,
DDSetPaletteEntries,50,/O2 /Ob1 /G5 /MD,gog_128_base,18a74ff61c65b8a2d4cfa11ffce82ad7fef022a94eaf0c2f217e479e981420d2,relocation-equivalent,0040f340,1,1.000000,e1a99fa7fffde852d88806c64d0c2a7a8ef77c04c1e754bfdecc8b0a5ec57e52,
DDSetPaletteEntries,50,/O2 /Ob1 /G5 /MD,gog_128_patch,fdca6d9cd0940034191e82b8e2900de26bb25e381c74128dcb8967360a9fb824,unavailable,,0,0.000000,e1a99fa7fffde852d88806c64d0c2a7a8ef77c04c1e754bfdecc8b0a5ec57e52,no-text-section
DDSetPaletteEntries,50,/O2 /Ob1 /G5 /MD,retail_2001_12_23,c3639d43568a1ed233be85c6b3b8129b1a4661e65717220e0514c815aa972edd,unavailable,,0,0.000000,e1a99fa7fffde852d88806c64d0c2a7a8ef77c04c1e754bfdecc8b0a5ec57e52,protected-executable
DDSetSurfaceColorKey,40,/O2 /Ob1 /G5 /MD,demo,8acda50afe39f7e6a867272300a09463fd94aed9a510008fcdefc662143346e4,relocation-equivalent,0040f740,1,1.000000,5649fcd4b3543ee3b88f6c604050f0ddfceef50fda0456b24e0213efd7dd1bf0,
DDSetSurfaceColorKey,40,/O2 /Ob1 /G5 /MD,gog_base,18a74ff61c65b8a2d4cfa11ffce82ad7fef022a94eaf0c2f217e479e981420d2,relocation-equivalent,0040f3e0,1,1.000000,5649fcd4b3543ee3b88f6c604050f0ddfceef50fda0456b24e0213efd7dd1bf0,
DDSetSurfaceColorKey,40,/O2 /Ob1 /G5 /MD,gog_1261,18a74ff61c65b8a2d4cfa11ffce82ad7fef022a94eaf0c2f217e479e981420d2,relocation-equivalent,0040f3e0,1,1.000000,5649fcd4b3543ee3b88f6c604050f0ddfceef50fda0456b24e0213efd7dd1bf0,
DDSetSurfaceColorKey,40,/O2 /Ob1 /G5 /MD,gog_1261_new,57a3072c2f8307de84e2f54ac58d3fcd7cf3cef18088bf0f0fdec2ac9202b2b1,relocation-equivalent,0040f3e0,1,1.000000,5649fcd4b3543ee3b88f6c604050f0ddfceef50fda0456b24e0213efd7dd1bf0,
DDSetSurfaceColorKey,40,/O2 /Ob1 /G5 /MD,gog_128_base,18a74ff61c65b8a2d4cfa11ffce82ad7fef022a94eaf0c2f217e479e981420d2,relocation-equivalent,0040f3e0,1,1.000000,5649fcd4b3543ee3b88f6c604050f0ddfceef50fda0456b24e0213efd7dd1bf0,
DDSetSurfaceColorKey,40,/O2 /Ob1 /G5 /MD,gog_128_patch,fdca6d9cd0940034191e82b8e2900de26bb25e381c74128dcb8967360a9fb824,unavailable,,0,0.000000,5649fcd4b3543ee3b88f6c604050f0ddfceef50fda0456b24e0213efd7dd1bf0,no-text-section
DDSetSurfaceColorKey,40,/O2 /Ob1 /G5 /MD,retail_2001_12_23,c3639d43568a1ed233be85c6b3b8129b1a4661e65717220e0514c815aa972edd,unavailable,,0,0.000000,5649fcd4b3543ee3b88f6c604050f0ddfceef50fda0456b24e0213efd7dd1bf0,protected-executable
DDSetSurfacePalette,35,/O2 /Ob1 /G5 /MD,demo,8acda50afe39f7e6a867272300a09463fd94aed9a510008fcdefc662143346e4,absent-or-stripped,,0,0.000000,3d33acec33c35e9affb07cf70231ab732cff43b3b3cd3700ff21c6695409077d,
DDSetSurfacePalette,35,/O2 /Ob1 /G5 /MD,gog_base,18a74ff61c65b8a2d4cfa11ffce82ad7fef022a94eaf0c2f217e479e981420d2,absent-or-stripped,,0,0.000000,3d33acec33c35e9affb07cf70231ab732cff43b3b3cd3700ff21c6695409077d,
DDSetSurfacePalette,35,/O2 /Ob1 /G5 /MD,gog_1261,18a74ff61c65b8a2d4cfa11ffce82ad7fef022a94eaf0c2f217e479e981420d2,absent-or-stripped,,0,0.000000,3d33acec33c35e9affb07cf70231ab732cff43b3b3cd3700ff21c6695409077d,
DDSetSurfacePalette,35,/O2 /Ob1 /G5 /MD,gog_1261_new,57a3072c2f8307de84e2f54ac58d3fcd7cf3cef18088bf0f0fdec2ac9202b2b1,absent-or-stripped,,0,0.000000,3d33acec33c35e9affb07cf70231ab732cff43b3b3cd3700ff21c6695409077d,
DDSetSurfacePalette,35,/O2 /Ob1 /G5 /MD,gog_128_base,18a74ff61c65b8a2d4cfa11ffce82ad7fef022a94eaf0c2f217e479e981420d2,absent-or-stripped,,0,0.000000,3d33acec33c35e9affb07cf70231ab732cff43b3b3cd3700ff21c6695409077d,
DDSetSurfacePalette,35,/O2 /Ob1 /G5 /MD,gog_128_patch,fdca6d9cd0940034191e82b8e2900de26bb25e381c74128dcb8967360a9fb824,unavailable,,0,0.000000,3d33acec33c35e9affb07cf70231ab732cff43b3b3cd3700ff21c6695409077d,no-text-section
DDSetSurfacePalette,35,/O2 /Ob1 /G5 /MD,retail_2001_12_23,c3639d43568a1ed233be85c6b3b8129b1a4661e65717220e0514c815aa972edd,unavailable,,0,0.000000,3d33acec33c35e9affb07cf70231ab732cff43b3b3cd3700ff21c6695409077d,protected-executable
DDUnlockSurface,35,/O2 /Ob1 /G5 /MD,demo,8acda50afe39f7e6a867272300a09463fd94aed9a510008fcdefc662143346e4,relocation-equivalent,0040f4b0,1,1.000000,ad656b482a39f475838bc89a2ae5e894746382a64a60674a3df0208a24eeabea,
DDUnlockSurface,35,/O2 /Ob1 /G5 /MD,gog_base,18a74ff61c65b8a2d4cfa11ffce82ad7fef022a94eaf0c2f217e479e981420d2,relocation-equivalent,0040f150,1,1.000000,ad656b482a39f475838bc89a2ae5e894746382a64a60674a3df0208a24eeabea,
DDUnlockSurface,35,/O2 /Ob1 /G5 /MD,gog_1261,18a74ff61c65b8a2d4cfa11ffce82ad7fef022a94eaf0c2f217e479e981420d2,relocation-equivalent,0040f150,1,1.000000,ad656b482a39f475838bc89a2ae5e894746382a64a60674a3df0208a24eeabea,
DDUnlockSurface,35,/O2 /Ob1 /G5 /MD,gog_1261_new,57a3072c2f8307de84e2f54ac58d3fcd7cf3cef18088bf0f0fdec2ac9202b2b1,relocation-equivalent,0040f150,1,1.000000,ad656b482a39f475838bc89a2ae5e894746382a64a60674a3df0208a24eeabea,
DDUnlockSurface,35,/O2 /Ob1 /G5 /MD,gog_128_base,18a74ff61c65b8a2d4cfa11ffce82ad7fef022a94eaf0c2f217e479e981420d2,relocation-equivalent,0040f150,1,1.000000,ad656b482a39f475838bc89a2ae5e894746382a64a60674a3df0208a24eeabea,
DDUnlockSurface,35,/O2 /Ob1 /G5 /MD,gog_128_patch,fdca6d9cd0940034191e82b8e2900de26bb25e381c74128dcb8967360a9fb824,unavailable,,0,0.000000,ad656b482a39f475838bc89a2ae5e894746382a64a60674a3df0208a24eeabea,no-text-section
DDUnlockSurface,35,/O2 /Ob1 /G5 /MD,retail_2001_12_23,c3639d43568a1ed233be85c6b3b8129b1a4661e65717220e0514c815aa972edd,unavailable,,0,0.000000,ad656b482a39f475838bc89a2ae5e894746382a64a60674a3df0208a24eeabea,protected-executable
