call_site,containing_function,source_path,line,expression
004c5e6f,004c5b60,..\Engine Code\Include\AnimRep.hpp,135,bBehaviour >= BEHAVIOUR_FIRST && bBehaviour <= BEHAVIOUR_LAST
0045992f,00459650,..\Engine Code\Include\stHeap.hpp,121,hlist
0045cafc,0045c9a0,..\Engine Code\Include\stHeap.hpp,225,heapsize < maxheapsize
00460f0e,00460b80,..\Engine Code\Include\stHeap.hpp,225,heapsize < maxheapsize
00461050,00460b80,..\Engine Code\Include\stHeap.hpp,225,heapsize < maxheapsize
00463918,00463290,..\Engine Code\Include\stHeap.hpp,225,heapsize < maxheapsize
00463d61,00463290,..\Engine Code\Include\stHeap.hpp,225,heapsize < maxheapsize
00463eb3,00463290,..\Engine Code\Include\stHeap.hpp,225,heapsize < maxheapsize
004675d2,004675b0,..\Engine Code\Include\stHeap.hpp,225,heapsize < maxheapsize
00457831,004577f0,..\Engine Code\Include\stHeap.hpp,242,heapsize > 0
0046116f,00460b80,..\Engine Code\Include\stHeap.hpp,242,heapsize > 0
00463f35,00463290,..\Engine Code\Include\stHeap.hpp,242,heapsize > 0
004a2172,004a20f0,..\Engine Code\Include\stLight.hpp,86,pNew
004a22dc,004a2230,..\Engine Code\Include\stLight.hpp,147,pNew
0043ebb9,0043d940,..\Engine Code\Include\Trigger.hpp,1005,m_bRepType == TRIGGER_REP_PROP
0043ec4b,0043d940,..\Engine Code\Include\Trigger.hpp,1005,m_bRepType == TRIGGER_REP_PROP
0043ece9,0043d940,..\Engine Code\Include\Trigger.hpp,1005,m_bRepType == TRIGGER_REP_PROP
00445243,00445200,..\Engine Code\Include\Trigger.hpp,1005,m_bRepType == TRIGGER_REP_PROP
004dbaef,004dbab0,..\Engine Code\Include\Trigger.hpp,1005,m_bRepType == TRIGGER_REP_PROP
004e074c,004e06d0,..\Engine Code\Include\Trigger.hpp,1005,m_bRepType == TRIGGER_REP_PROP
004e089f,004e0880,..\Engine Code\Include\Trigger.hpp,1005,m_bRepType == TRIGGER_REP_PROP
004e11a7,004e1180,..\Engine Code\Include\Trigger.hpp,1005,m_bRepType == TRIGGER_REP_PROP
004e1809,004e17c0,..\Engine Code\Include\Trigger.hpp,1005,m_bRepType == TRIGGER_REP_PROP
004e1e59,004e1e10,..\Engine Code\Include\Trigger.hpp,1005,m_bRepType == TRIGGER_REP_PROP
004e2056,004e2010,..\Engine Code\Include\Trigger.hpp,1005,m_bRepType == TRIGGER_REP_PROP
004e20ae,004e2010,..\Engine Code\Include\Trigger.hpp,1005,m_bRepType == TRIGGER_REP_PROP
004e20f9,004e2010,..\Engine Code\Include\Trigger.hpp,1005,m_bRepType == TRIGGER_REP_PROP
004e213a,004e2010,..\Engine Code\Include\Trigger.hpp,1005,m_bRepType == TRIGGER_REP_PROP
004e2192,004e2010,..\Engine Code\Include\Trigger.hpp,1005,m_bRepType == TRIGGER_REP_PROP
004e21da,004e2010,..\Engine Code\Include\Trigger.hpp,1005,m_bRepType == TRIGGER_REP_PROP
0051712c,00517080,..\Engine Code\Include\Trigger.hpp,1005,m_bRepType == TRIGGER_REP_PROP
005e3b8c,005e3ab0,..\Engine Code\Include\Trigger.hpp,1005,m_bRepType == TRIGGER_REP_PROP
005e29b6,005e29a0,C:\Projects\Wizardry 8\3D Code\IList.cpp,100,pls
005e2a79,005e2a60,C:\Projects\Wizardry 8\3D Code\IList.cpp,154,pls
005e2b69,005e2b50,C:\Projects\Wizardry 8\3D Code\IList.cpp,327,pls
005e2c99,005e2c80,C:\Projects\Wizardry 8\3D Code\IList.cpp,426,pls
005e2cd9,005e2cc0,C:\Projects\Wizardry 8\3D Code\IList.cpp,542,pls
005e2459,005e2440,C:\Projects\Wizardry 8\3D Code\PList.cpp,142,ppl
005e26c9,005e26b0,C:\Projects\Wizardry 8\3D Code\PList.cpp,346,ppl
005d854c,005d7310,C:\Projects\Wizardry 8\Dialog Code\AssayDialog.cpp,912,uiSpell != SPELL_NONE
005d9557,005d9460,C:\Projects\Wizardry 8\Dialog Code\AssayDialog.cpp,1681,usIndex < NUM_RPC_RACES
005cf536,005cf520,C:\Projects\Wizardry 8\Dialog Code\DialogInterface.cpp,102,pDialog
005cf566,005cf550,C:\Projects\Wizardry 8\Dialog Code\DialogInterface.cpp,116,pDialog
005cf599,005cf580,C:\Projects\Wizardry 8\Dialog Code\DialogInterface.cpp,152,pCDialog
005df11b,005df0d0,C:\Projects\Wizardry 8\Dialog Code\ProfRaceInfoDialog.cpp,291,uiIndex < PROF_COUNT
005df5bb,005df570,C:\Projects\Wizardry 8\Dialog Code\ProfRaceInfoDialog.cpp,409,uiIndex < RACE_COUNT
005dc324,005dbee0,C:\Projects\Wizardry 8\Dialog Code\SpellInfoDialog.cpp,197,uiUnits == uiUnitsLvl
005dfcbb,005dfc70,C:\Projects\Wizardry 8\Dialog Code\StatInfoDialogs.cpp,204,uiIndex < ATTR_COUNT
005dfe8b,005dfdb0,C:\Projects\Wizardry 8\Dialog Code\StatInfoDialogs.cpp,227,uiIndex < SKILL_COUNT
005e01cb,005e0180,C:\Projects\Wizardry 8\Dialog Code\StatInfoDialogs.cpp,278,uiIndex < ATTR_COUNT
005db649,005db620,C:\Projects\Wizardry 8\Dialog Code\stButton.cpp,407,pButton
005ccea5,005cce70,C:\Projects\Wizardry 8\Dialog Code\stListBox.cpp,757,pDialog
005ccf57,005ccf30,C:\Projects\Wizardry 8\Dialog Code\stListBox.cpp,773,pDialog
005cd007,005ccfe0,C:\Projects\Wizardry 8\Dialog Code\stListBox.cpp,810,pDialog
005cd0b7,005cd090,C:\Projects\Wizardry 8\Dialog Code\stListBox.cpp,844,pDialog
005cd157,005cd130,C:\Projects\Wizardry 8\Dialog Code\stListBox.cpp,879,pDialog
005cd216,005cd1e0,C:\Projects\Wizardry 8\Dialog Code\stListBox.cpp,920,pDialog
005d281e,005d2800,C:\Projects\Wizardry 8\Dialog Code\stMessageDialog.cpp,131,pMessage
005d2ac2,005d2a50,C:\Projects\Wizardry 8\Dialog Code\stMessageDialog.cpp,213,pRemainingText
005d32e7,005d32c0,C:\Projects\Wizardry 8\Dialog Code\stMessageDialog.cpp,615,pDialog
005d3397,005d3370,C:\Projects\Wizardry 8\Dialog Code\stMessageDialog.cpp,652,pDialog
0046dca9,0046dc90,C:\Projects\Wizardry 8\Engine Code\3d.cpp,241,psrScene
0046def3,0046ded0,C:\Projects\Wizardry 8\Engine Code\3d.cpp,344,pWorld && pWorld->plsProps
0046e15e,0046e030,C:\Projects\Wizardry 8\Engine Code\3d.cpp,603,name
0046e17f,0046e030,C:\Projects\Wizardry 8\Engine Code\3d.cpp,604,pWorld
0046e1ab,0046e030,C:\Projects\Wizardry 8\Engine Code\3d.cpp,608,pLight
0046e4e0,0046e4a0,C:\Projects\Wizardry 8\Engine Code\3d.cpp,632,pWorld
0046e4fd,0046e4a0,C:\Projects\Wizardry 8\Engine Code\3d.cpp,633,pLight
0046e369,0046e300,C:\Projects\Wizardry 8\Engine Code\3d.cpp,651,pWorld
0046e3b9,0046e3a0,C:\Projects\Wizardry 8\Engine Code\3d.cpp,663,pWorld
0046e3ec,0046e3d0,C:\Projects\Wizardry 8\Engine Code\3d.cpp,670,pWorld
0046ea07,0046e8a0,C:\Projects\Wizardry 8\Engine Code\3d.cpp,1107,psrDIG
0044f1fe,0044f190,C:\Projects\Wizardry 8\Engine Code\3dapi.cpp,160,pWorld
0044f4fa,0044f4e0,C:\Projects\Wizardry 8\Engine Code\3dapi.cpp,262,pWorld
0044f62e,0044f5f0,C:\Projects\Wizardry 8\Engine Code\3dapi.cpp,351,pWorld
0044f9cb,0044f5f0,C:\Projects\Wizardry 8\Engine Code\3dapi.cpp,446,pWorld->psrMeshes
0044fa5c,0044f5f0,C:\Projects\Wizardry 8\Engine Code\3dapi.cpp,472,hFile
0044fa9f,0044f5f0,C:\Projects\Wizardry 8\Engine Code\3dapi.cpp,477,fSuccess
0044fb0d,0044f5f0,C:\Projects\Wizardry 8\Engine Code\3dapi.cpp,511,pWorld
0045022a,00450080,C:\Projects\Wizardry 8\Engine Code\3dapi.cpp,801,pWorld
0045117c,00451160,C:\Projects\Wizardry 8\Engine Code\3dapi.cpp,1014,pWorld
004511ed,004511d0,C:\Projects\Wizardry 8\Engine Code\3dapi.cpp,1043,pWorld
0045043e,00450420,C:\Projects\Wizardry 8\Engine Code\3dapi.cpp,1058,pWorld
0045062c,00450610,C:\Projects\Wizardry 8\Engine Code\3dapi.cpp,1131,pWorld
004506e6,004506c0,C:\Projects\Wizardry 8\Engine Code\3dapi.cpp,1160,CamPos
0047a6cd,0047a670,C:\Projects\Wizardry 8\Engine Code\AmbientSound.cpp,757,pSound
0047a719,0047a700,C:\Projects\Wizardry 8\Engine Code\AmbientSound.cpp,765,pAmbient
0047a7d0,0047a790,C:\Projects\Wizardry 8\Engine Code\AmbientSound.cpp,862,pSound->pacSoundName
004b589a,004b5880,C:\Projects\Wizardry 8\Engine Code\AniMesh.cpp,145,pAniMesh
004b58ec,004b58d0,C:\Projects\Wizardry 8\Engine Code\AniMesh.cpp,176,pOther
004b5918,004b58d0,C:\Projects\Wizardry 8\Engine Code\AniMesh.cpp,180,pAniMesh
004b59b6,004b58d0,C:\Projects\Wizardry 8\Engine Code\AniMesh.cpp,198,pAniMesh->strBitmapDir
004b59d7,004b58d0,C:\Projects\Wizardry 8\Engine Code\AniMesh.cpp,199,pAniMesh->strFilename
004b5a4e,004b58d0,C:\Projects\Wizardry 8\Engine Code\AniMesh.cpp,212,pAniMesh->ppsrMeshes
004b5ab1,004b58d0,C:\Projects\Wizardry 8\Engine Code\AniMesh.cpp,222,pAniMesh->ppsrMeshes
004b5b53,004b5b30,C:\Projects\Wizardry 8\Engine Code\AniMesh.cpp,261,pInfo&&pAniMesh
004b5d58,004b5d00,C:\Projects\Wizardry 8\Engine Code\AniMesh.cpp,409,0
004b5dc4,004b5d00,C:\Projects\Wizardry 8\Engine Code\AniMesh.cpp,429,fSuccess
004b6066,004b5d00,C:\Projects\Wizardry 8\Engine Code\AniMesh.cpp,497,fSuccess
004b6409,004b63f0,C:\Projects\Wizardry 8\Engine Code\AniMesh.cpp,650,pAniMesh
004b618f,004b5d00,C:\Projects\Wizardry 8\Engine Code\AniMesh.cpp,702,pAniMesh
004b6509,004b64f0,C:\Projects\Wizardry 8\Engine Code\AniMesh.cpp,702,pAniMesh
004b61c1,004b5d00,C:\Projects\Wizardry 8\Engine Code\AniMesh.cpp,710,0
004b6463,004b63f0,C:\Projects\Wizardry 8\Engine Code\AniMesh.cpp,710,0
004b653d,004b64f0,C:\Projects\Wizardry 8\Engine Code\AniMesh.cpp,710,0
004b6622,004b64f0,C:\Projects\Wizardry 8\Engine Code\AniMesh.cpp,742,0
004b659a,004b64f0,C:\Projects\Wizardry 8\Engine Code\AniMesh.cpp,750,0
004b6659,004b6640,C:\Projects\Wizardry 8\Engine Code\AniMesh.cpp,791,pAniMesh
004b668d,004b6640,C:\Projects\Wizardry 8\Engine Code\AniMesh.cpp,799,0
004b684f,004b6770,C:\Projects\Wizardry 8\Engine Code\AniMesh.cpp,925,0
004b6879,004b6860,C:\Projects\Wizardry 8\Engine Code\AniMesh.cpp,951,pAniMesh
004b67d8,004b6770,C:\Projects\Wizardry 8\Engine Code\AniMesh.cpp,976,pAniMesh
004a01c0,004a01a0,C:\Projects\Wizardry 8\Engine Code\AnimObj.cpp,36,pao
004a0345,004a0320,C:\Projects\Wizardry 8\Engine Code\AnimObj.cpp,36,pao
004a08c9,004a05c0,C:\Projects\Wizardry 8\Engine Code\AnimObj.cpp,300,pao->pfKnownBBoxFrames && pao->pvecBoundMin && pao->pvecBoundMax
004a106f,004a05c0,C:\Projects\Wizardry 8\Engine Code\AnimObj.cpp,434,0
004a10f7,004a05c0,C:\Projects\Wizardry 8\Engine Code\AnimObj.cpp,453,fSuccess
004a1269,004a05c0,C:\Projects\Wizardry 8\Engine Code\AnimObj.cpp,512,fSuccess
004a12bc,004a05c0,C:\Projects\Wizardry 8\Engine Code\AnimObj.cpp,520,fSuccess
004a1310,004a05c0,C:\Projects\Wizardry 8\Engine Code\AnimObj.cpp,527,fSuccess
004a1355,004a05c0,C:\Projects\Wizardry 8\Engine Code\AnimObj.cpp,535,fSuccess
004a14ea,004a14d0,C:\Projects\Wizardry 8\Engine Code\AnimObj.cpp,579,pao
004a157a,004a1560,C:\Projects\Wizardry 8\Engine Code\AnimObj.cpp,620,pao
004a19cb,004a1710,C:\Projects\Wizardry 8\Engine Code\AnimObj.cpp,620,pao
004a1b6b,004a1710,C:\Projects\Wizardry 8\Engine Code\AnimObj.cpp,620,pao
004a04c7,004a0320,C:\Projects\Wizardry 8\Engine Code\AnimObj.cpp,657,pao
004a13ea,004a05c0,C:\Projects\Wizardry 8\Engine Code\AnimObj.cpp,657,pao
004a1434,004a05c0,C:\Projects\Wizardry 8\Engine Code\AnimObj.cpp,657,pao
004a1477,004a05c0,C:\Projects\Wizardry 8\Engine Code\AnimObj.cpp,657,pao
004a15e9,004a15d0,C:\Projects\Wizardry 8\Engine Code\AnimObj.cpp,657,pao
004a1639,004a1620,C:\Projects\Wizardry 8\Engine Code\AnimObj.cpp,679,pao
004a194a,004a1710,C:\Projects\Wizardry 8\Engine Code\AnimObj.cpp,679,pao
004a1679,004a1660,C:\Projects\Wizardry 8\Engine Code\AnimObj.cpp,701,pao
004a16d9,004a16c0,C:\Projects\Wizardry 8\Engine Code\AnimObj.cpp,723,pao
004a1a20,004a1710,C:\Projects\Wizardry 8\Engine Code\AnimObj.cpp,723,pao
004a1bc4,004a1710,C:\Projects\Wizardry 8\Engine Code\AnimObj.cpp,723,pao
004a18ee,004a1710,C:\Projects\Wizardry 8\Engine Code\AnimObj.cpp,798,pao->pfKnownBBoxFrames && pao->pvecBoundMin && pao->pvecBoundMax
004a1dd9,004a1dc0,C:\Projects\Wizardry 8\Engine Code\AnimObj.cpp,945,pao
004b546a,004b53d0,C:\Projects\Wizardry 8\Engine Code\AnimRep.cpp,78,gpsrTimer
004b5587,004b54a0,C:\Projects\Wizardry 8\Engine Code\AnimRep.cpp,100,gpsrTimer
004b55e0,004b55c0,C:\Projects\Wizardry 8\Engine Code\AnimRep.cpp,106,bFrameMethod >= DIR_FIRST && bFrameMethod <= DIR_LAST
0043ad54,0043acc0,C:\Projects\Wizardry 8\Engine Code\BitArray.cpp,59,puiIndex
0043ae51,0043ada0,C:\Projects\Wizardry 8\Engine Code\BitArray.cpp,89,puiIndex
0043b789,0043b700,C:\Projects\Wizardry 8\Engine Code\BitArray.cpp,741,pulNewArray
00483ac9,00483a60,C:\Projects\Wizardry 8\Engine Code\Environment.cpp,648,pWorld
00483afc,00483ae0,C:\Projects\Wizardry 8\Engine Code\Environment.cpp,664,pWorld
00483bc3,00483ba0,C:\Projects\Wizardry 8\Engine Code\Environment.cpp,688,pWorld
0041b266,0041aa40,C:\Projects\Wizardry 8\Engine Code\GameData.cpp,595,lCollisions < 100
0041c9bd,0041c140,C:\Projects\Wizardry 8\Engine Code\GameData.cpp,1389,pstMeshModel
0041f2c8,0041f1f0,C:\Projects\Wizardry 8\Engine Code\GameData.cpp,2739,gpGDCamera
0044760d,00447570,C:\Projects\Wizardry 8\Engine Code\GDFileIO.cpp,167,pGameData
0044781b,00447660,C:\Projects\Wizardry 8\Engine Code\GDFileIO.cpp,262,m_pSurfaces
0044787a,00447660,C:\Projects\Wizardry 8\Engine Code\GDFileIO.cpp,268,pCondFaces
004478af,00447660,C:\Projects\Wizardry 8\Engine Code\GDFileIO.cpp,270,m_ppNames
0044793d,00447660,C:\Projects\Wizardry 8\Engine Code\GDFileIO.cpp,278,m_pSurfaces
0044799a,00447660,C:\Projects\Wizardry 8\Engine Code\GDFileIO.cpp,288,fSuccess
00447b06,00447660,C:\Projects\Wizardry 8\Engine Code\GDFileIO.cpp,322,(tfFace.iVersion == 2 )
00447b69,00447660,C:\Projects\Wizardry 8\Engine Code\GDFileIO.cpp,326,fSuccess
00447db3,00447660,C:\Projects\Wizardry 8\Engine Code\GDFileIO.cpp,391,m_ppNames[i2]
00447ff3,00447fb0,C:\Projects\Wizardry 8\Engine Code\GDFileIO.cpp,479,m_pInterfaces
004481f7,00447fb0,C:\Projects\Wizardry 8\Engine Code\GDFileIO.cpp,526,m_pStates
0044824c,00447fb0,C:\Projects\Wizardry 8\Engine Code\GDFileIO.cpp,529,m_piCondPolys
00448956,00448840,C:\Projects\Wizardry 8\Engine Code\GDFileIO.cpp,812,pNewSurfaces
00448b66,00448a60,C:\Projects\Wizardry 8\Engine Code\GDFileIO.cpp,865,pNewSurfaces
00448eaa,00448e60,C:\Projects\Wizardry 8\Engine Code\GDFileIO.cpp,1004,ppTempEnvirons
0044914f,00449010,C:\Projects\Wizardry 8\Engine Code\GDFileIO.cpp,1089,m_ppEnvirons
004496e8,00449240,C:\Projects\Wizardry 8\Engine Code\GDFileIO.cpp,1214,m_ppEnvirons[i]
0044972a,00449240,C:\Projects\Wizardry 8\Engine Code\GDFileIO.cpp,1218,fSuccess
004b77a9,004b7730,C:\Projects\Wizardry 8\Engine Code\GDProp.cpp,578,pusNewList
004b7a48,004b7830,C:\Projects\Wizardry 8\Engine Code\GDProp.cpp,653,pusNewList
004a64f9,004a5f20,C:\Projects\Wizardry 8\Engine Code\GrCycle.cpp,102,m_pstParticles
004a6121,004a5f20,C:\Projects\Wizardry 8\Engine Code\GrCycle.cpp,203,pstLight
004a629b,004a5f20,C:\Projects\Wizardry 8\Engine Code\GrCycle.cpp,227,m_plsShakeEvents
004a6318,004a5f20,C:\Projects\Wizardry 8\Engine Code\GrCycle.cpp,233,pEvent
004a6430,004a5f20,C:\Projects\Wizardry 8\Engine Code\GrCycle.cpp,246,m_plsParticles
004a652e,004a5f20,C:\Projects\Wizardry 8\Engine Code\GrCycle.cpp,251,pPartSys
004a6811,004a67e0,C:\Projects\Wizardry 8\Engine Code\GrCycle.cpp,374,pacName && ppCycle
004a694f,004a67e0,C:\Projects\Wizardry 8\Engine Code\GrCycle.cpp,408,fSuccess
004a743f,004a72f0,C:\Projects\Wizardry 8\Engine Code\GrCycle.cpp,942,pRep
004a7526,004a72f0,C:\Projects\Wizardry 8\Engine Code\GrCycle.cpp,996,psrMesh
004a7731,004a72f0,C:\Projects\Wizardry 8\Engine Code\GrCycle.cpp,1039,psrMesh
004a7aeb,004a7a70,C:\Projects\Wizardry 8\Engine Code\GrCycle.cpp,1142,psrMesh
004a7b57,004a7a70,C:\Projects\Wizardry 8\Engine Code\GrCycle.cpp,1156,pWorld
004a7e29,004a7e10,C:\Projects\Wizardry 8\Engine Code\GrCycle.cpp,1345,0
004a7077,004a6fc0,C:\Projects\Wizardry 8\Engine Code\GrCycle.cpp,1598,(bBehaviour >= BEHAVIOUR_FIRST) && (bBehaviour <= BEHAVIOUR_LAST)
004a8488,004a8460,C:\Projects\Wizardry 8\Engine Code\GrCycle.cpp,1598,(bBehaviour >= BEHAVIOUR_FIRST) && (bBehaviour <= BEHAVIOUR_LAST)
004a84e8,004a84c0,C:\Projects\Wizardry 8\Engine Code\GrCycle.cpp,1656,!m_fDeleteLights || (m_fDeleteLights && !m_plsLights)
004a8743,004a8700,C:\Projects\Wizardry 8\Engine Code\GrCycle.cpp,1766,plsCyclesOfAName->Length()
004a8815,004a87a0,C:\Projects\Wizardry 8\Engine Code\GrCycle.cpp,1801,plsCyclesOfThisName->Length()
004a8875,004a8830,C:\Projects\Wizardry 8\Engine Code\GrCycle.cpp,1830,plsCyclesOfAName->Length()
004a8aa7,004a89a0,C:\Projects\Wizardry 8\Engine Code\GrCycle.cpp,1891,plsCyclesOfThisName->Length()
004b6a62,004b69a0,C:\Projects\Wizardry 8\Engine Code\GrObject.cpp,66,m_plsSoundEvents
004b6c8b,004b6bd0,C:\Projects\Wizardry 8\Engine Code\GrObject.cpp,139,m_plsSoundEvents
0049f1a7,0049f170,C:\Projects\Wizardry 8\Engine Code\Item.cpp,126,pInfo && pInfo->hFile && pItem
0049f207,0049f170,C:\Projects\Wizardry 8\Engine Code\Item.cpp,140,fSuccess && psrMesh
0049f4ca,0049f4a0,C:\Projects\Wizardry 8\Engine Code\Item.cpp,282,pacName && ppItem
0049f759,0049f720,C:\Projects\Wizardry 8\Engine Code\Item.cpp,458,m_pRep
0049fac2,0049faa0,C:\Projects\Wizardry 8\Engine Code\Item.cpp,614,m_pRep->m_psrMesh
004cfdec,004cfdc0,C:\Projects\Wizardry 8\Engine Code\LevelFile.cpp,43,pLevel
004cfe6a,004cfdc0,C:\Projects\Wizardry 8\Engine Code\LevelFile.cpp,56,pLevel->pMeshes
004cfedc,004cfdc0,C:\Projects\Wizardry 8\Engine Code\LevelFile.cpp,65,pLevel->pTextures
004cffcf,004cfdc0,C:\Projects\Wizardry 8\Engine Code\LevelFile.cpp,77,pLevel->pLights
004d006e,004cfdc0,C:\Projects\Wizardry 8\Engine Code\LevelFile.cpp,93,pLevel->pMonsters
004d010f,004cfdc0,C:\Projects\Wizardry 8\Engine Code\LevelFile.cpp,105,pLevel->pMonsters[i1].MonPath
004d01cc,004cfdc0,C:\Projects\Wizardry 8\Engine Code\LevelFile.cpp,121,pLevel->pItems
004d0266,004cfdc0,C:\Projects\Wizardry 8\Engine Code\LevelFile.cpp,137,pLevel->pProps
004d02a9,004cfdc0,C:\Projects\Wizardry 8\Engine Code\LevelFile.cpp,145,pLevel->pBitmaps
004d02fd,004cfdc0,C:\Projects\Wizardry 8\Engine Code\LevelFile.cpp,167,pLevel->pCameras
004d0499,004cfdc0,C:\Projects\Wizardry 8\Engine Code\LevelFile.cpp,188,pLevel->pTriggers
004d057b,004cfdc0,C:\Projects\Wizardry 8\Engine Code\LevelFile.cpp,203,pLevel->pClippingPlanes
004d0612,004cfdc0,C:\Projects\Wizardry 8\Engine Code\LevelFile.cpp,214,pLevel->pParticleSystems
004d06bf,004cfdc0,C:\Projects\Wizardry 8\Engine Code\LevelFile.cpp,227,pLevel->pNamedPositions
004d0c3e,004d07c0,C:\Projects\Wizardry 8\Engine Code\LevelFile.cpp,393,pLevel->pCameras
004d0dd7,004d07c0,C:\Projects\Wizardry 8\Engine Code\LevelFile.cpp,416,pLevel->pTriggers
004d13b2,004d07c0,C:\Projects\Wizardry 8\Engine Code\LevelFile.cpp,666,pMesh->pstVertices
004d1428,004d07c0,C:\Projects\Wizardry 8\Engine Code\LevelFile.cpp,679,pMesh->pstCompFaces
004d1497,004d07c0,C:\Projects\Wizardry 8\Engine Code\LevelFile.cpp,690,pMesh->pstFaces
004d1733,004d1510,C:\Projects\Wizardry 8\Engine Code\LevelFile.cpp,789,pMesh->pstVertices
004d1794,004d1510,C:\Projects\Wizardry 8\Engine Code\LevelFile.cpp,799,pMesh->pstCompFaces
004d17e2,004d1510,C:\Projects\Wizardry 8\Engine Code\LevelFile.cpp,806,pMesh->pstFaces
004d1947,004d1820,C:\Projects\Wizardry 8\Engine Code\LevelFile.cpp,863,fSuccess
004d1a75,004d1960,C:\Projects\Wizardry 8\Engine Code\LevelFile.cpp,910,fSuccess
004d1b3e,004d1a90,C:\Projects\Wizardry 8\Engine Code\LevelFile.cpp,946,fSuccess
004d1bf7,004d1b50,C:\Projects\Wizardry 8\Engine Code\LevelFile.cpp,980,fSuccess
004d1c82,004d1c10,C:\Projects\Wizardry 8\Engine Code\LevelFile.cpp,1016,pSwitch
004d1d92,004d1c10,C:\Projects\Wizardry 8\Engine Code\LevelFile.cpp,1032,fSuccess
004d1ecf,004d1c10,C:\Projects\Wizardry 8\Engine Code\LevelFile.cpp,1071,pInvis
004d1fdc,004d1c10,C:\Projects\Wizardry 8\Engine Code\LevelFile.cpp,1089,pInvis->pPlane
004d21f1,004d1c10,C:\Projects\Wizardry 8\Engine Code\LevelFile.cpp,1132,pSound
004d2617,004d23f0,C:\Projects\Wizardry 8\Engine Code\LevelFile.cpp,1258,pInvis
004d2855,004d23f0,C:\Projects\Wizardry 8\Engine Code\LevelFile.cpp,1310,pSound
004d3812,004d3660,C:\Projects\Wizardry 8\Engine Code\LevelFile.cpp,1842,pPathAI->pScaledPaths
004d3889,004d3660,C:\Projects\Wizardry 8\Engine Code\LevelFile.cpp,1853,pPathAI->pPaths
004d3974,004d38e0,C:\Projects\Wizardry 8\Engine Code\LevelFile.cpp,1889,pPathAI->pScaledPaths
004d39c6,004d38e0,C:\Projects\Wizardry 8\Engine Code\LevelFile.cpp,1899,pPathAI->pPaths
004d3b7f,004d3a10,C:\Projects\Wizardry 8\Engine Code\LevelFile.cpp,1962,pAnimObj->abHowMany
004d3bf9,004d3a10,C:\Projects\Wizardry 8\Engine Code\LevelFile.cpp,1971,pAnimObj->pBoundBox
004d3da6,004d3a10,C:\Projects\Wizardry 8\Engine Code\LevelFile.cpp,2017,pAnimObj->pMorphs
004d3e6a,004d3a10,C:\Projects\Wizardry 8\Engine Code\LevelFile.cpp,2027,pAnimObj->pMorphs[i].LODMesh.pFrames
004d3f77,004d3a10,C:\Projects\Wizardry 8\Engine Code\LevelFile.cpp,2041,pAnimObj->pMorphs[i].LODMesh.pFrames[i2].pTextures
004d40fe,004d3a10,C:\Projects\Wizardry 8\Engine Code\LevelFile.cpp,2062,pAnimObj->pTransforms
004d41cd,004d3a10,C:\Projects\Wizardry 8\Engine Code\LevelFile.cpp,2072,pAnimObj->pTransforms[i].LODMesh.pFrames
004d42e9,004d3a10,C:\Projects\Wizardry 8\Engine Code\LevelFile.cpp,2094,pAnimObj->pTransforms[i].LODMesh.pFrames[i2].pTextures
004d45c3,004d4480,C:\Projects\Wizardry 8\Engine Code\LevelFile.cpp,2155,pAnimObj->abHowMany
004d4623,004d4480,C:\Projects\Wizardry 8\Engine Code\LevelFile.cpp,2164,pAnimObj->pBoundBox
004d476b,004d4480,C:\Projects\Wizardry 8\Engine Code\LevelFile.cpp,2206,pAnimObj->pMorphs
004d47e3,004d4480,C:\Projects\Wizardry 8\Engine Code\LevelFile.cpp,2213,pAnimObj->pMorphs[i].LODMesh.pFrames
004d4892,004d4480,C:\Projects\Wizardry 8\Engine Code\LevelFile.cpp,2223,pAnimObj->pMorphs[i].LODMesh.pFrames[i2].pTextures
004d4a26,004d4480,C:\Projects\Wizardry 8\Engine Code\LevelFile.cpp,2247,pAnimObj->pTransforms
004d4aa4,004d4480,C:\Projects\Wizardry 8\Engine Code\LevelFile.cpp,2254,pAnimObj->pTransforms[i].LODMesh.pFrames
004d4b53,004d4480,C:\Projects\Wizardry 8\Engine Code\LevelFile.cpp,2264,pAnimObj->pTransforms[i].LODMesh.pFrames[i2].pTextures
004d4cf2,004d4cb0,C:\Projects\Wizardry 8\Engine Code\LevelFile.cpp,2309,pProps
004d4dc8,004d4cb0,C:\Projects\Wizardry 8\Engine Code\LevelFile.cpp,2328,fSuccess
004d4e31,004d4cb0,C:\Projects\Wizardry 8\Engine Code\LevelFile.cpp,2335,pProps[i1].usFrame_Pos
004d4e78,004d4cb0,C:\Projects\Wizardry 8\Engine Code\LevelFile.cpp,2340,fSuccess
004d4eaa,004d4cb0,C:\Projects\Wizardry 8\Engine Code\LevelFile.cpp,2353,fSuccess
004d4ede,004d4cb0,C:\Projects\Wizardry 8\Engine Code\LevelFile.cpp,2357,pProps[i1].pTrigger
004d4f1a,004d4cb0,C:\Projects\Wizardry 8\Engine Code\LevelFile.cpp,2360,fSuccess
004d4f52,004d4cb0,C:\Projects\Wizardry 8\Engine Code\LevelFile.cpp,2366,fSuccess
004d4fe9,004d4fc0,C:\Projects\Wizardry 8\Engine Code\LevelFile.cpp,2402,pProps
004d5097,004d4fc0,C:\Projects\Wizardry 8\Engine Code\LevelFile.cpp,2416,fSuccess
004d50de,004d4fc0,C:\Projects\Wizardry 8\Engine Code\LevelFile.cpp,2422,pProps[i1].usFrame_Pos
004d5145,004d4fc0,C:\Projects\Wizardry 8\Engine Code\LevelFile.cpp,2439,fSuccess
004d5179,004d4fc0,C:\Projects\Wizardry 8\Engine Code\LevelFile.cpp,2443,fSuccess
004d51cb,004d4fc0,C:\Projects\Wizardry 8\Engine Code\LevelFile.cpp,2451,fSuccess
004d531b,004d5240,C:\Projects\Wizardry 8\Engine Code\LevelFile.cpp,2563,fSuccess
004d5421,004d5240,C:\Projects\Wizardry 8\Engine Code\LevelFile.cpp,2602,fSuccess
0042a397,0042a370,C:\Projects\Wizardry 8\Engine Code\Levels.cpp,237,ulLevel < TEST_LEVEL_COUNT
0042a726,0042a6f0,C:\Projects\Wizardry 8\Engine Code\Levels.cpp,385,iLevel < TEST_LEVEL_COUNT
0042b199,0042b020,C:\Projects\Wizardry 8\Engine Code\Levels.cpp,899,pMat
004b9083,004b8a70,C:\Projects\Wizardry 8\Engine Code\materials.cpp,228,*ppstMaterial
004b934b,004b9280,C:\Projects\Wizardry 8\Engine Code\materials.cpp,304,*ppstMaterial
004b9745,004b95d0,C:\Projects\Wizardry 8\Engine Code\materials.cpp,401,psrTexture
004b98ae,004b95d0,C:\Projects\Wizardry 8\Engine Code\materials.cpp,423,psrTexture
004a2731,004a2710,C:\Projects\Wizardry 8\Engine Code\Missile.cpp,126,pao
004a27de,004a27c0,C:\Projects\Wizardry 8\Engine Code\Missile.cpp,200,pWorld
004a2cd8,004a28d0,C:\Projects\Wizardry 8\Engine Code\Missile.cpp,288,pMissile->GrObject::GetAI()
004a2f4f,004a2db0,C:\Projects\Wizardry 8\Engine Code\Missile.cpp,388,plsNewLights
004a303c,004a2db0,C:\Projects\Wizardry 8\Engine Code\Missile.cpp,396,pstNewLight
004a339d,004a3300,C:\Projects\Wizardry 8\Engine Code\Missile.cpp,479,pInfo && pInfo->hFile && pMissile
004a3813,004a3550,C:\Projects\Wizardry 8\Engine Code\Missile.cpp,815,pacName
004a3946,004a3550,C:\Projects\Wizardry 8\Engine Code\Missile.cpp,815,pacName
004a3a13,004a3550,C:\Projects\Wizardry 8\Engine Code\Missile.cpp,815,pacName
004a3de8,004a3c10,C:\Projects\Wizardry 8\Engine Code\Missile.cpp,910,m_pRep
004a42ce,004a4210,C:\Projects\Wizardry 8\Engine Code\Missile.cpp,1215,bCycle<MISSILE_NUM_CYCLES
004a4330,004a4300,C:\Projects\Wizardry 8\Engine Code\Missile.cpp,1238,bCycle >= MISSILE_CYCLE_FIRST && bCycle <= MISSILE_CYCLE_LAST
004a461c,004a45f0,C:\Projects\Wizardry 8\Engine Code\Missile.cpp,1374,pao
004a4a00,004a49e0,C:\Projects\Wizardry 8\Engine Code\Missile.cpp,1733,m_Source.iType == SOURCE_TYPE_CHAR
004a53c2,004a53a0,C:\Projects\Wizardry 8\Engine Code\Missile.cpp,2157,pAIMissile
004a56a6,004a5450,C:\Projects\Wizardry 8\Engine Code\Missile.cpp,2262,s_pMissileTable
0048aa20,0048a7a0,C:\Projects\Wizardry 8\Engine Code\MonGen.cpp,211,pTable
0048aac6,0048a7a0,C:\Projects\Wizardry 8\Engine Code\MonGen.cpp,221,pScript
0048ae3a,0048ad20,C:\Projects\Wizardry 8\Engine Code\MonGen.cpp,326,pMonsterDB
0048af69,0048ad20,C:\Projects\Wizardry 8\Engine Code\MonGen.cpp,379,ulNumMonsters
0048b08c,0048ad20,C:\Projects\Wizardry 8\Engine Code\MonGen.cpp,403,pMonsterDB
0048b48a,0048b420,C:\Projects\Wizardry 8\Engine Code\MonGen.cpp,535,m_pTimer
0048b7eb,0048b770,C:\Projects\Wizardry 8\Engine Code\MonGen.cpp,777,fSuccess
0048c2a3,0048c110,C:\Projects\Wizardry 8\Engine Code\MonGen.cpp,1162,pMonGen
004bf2b5,004bf0f0,C:\Projects\Wizardry 8\Engine Code\Monster.cpp,485,plsNewLights
004bf36f,004bf0f0,C:\Projects\Wizardry 8\Engine Code\Monster.cpp,493,pstNewLight
004bf5d2,004bf520,C:\Projects\Wizardry 8\Engine Code\Monster.cpp,557,pInfo && pInfo->hFile && pMonster
004bf9b6,004bf970,C:\Projects\Wizardry 8\Engine Code\Monster.cpp,734,pao
004c1da2,004c1d20,C:\Projects\Wizardry 8\Engine Code\Monster.cpp,757,flStart <= flEnd
004bfad1,004bfab0,C:\Projects\Wizardry 8\Engine Code\Monster.cpp,960,bCycle < CYCLE_NUM_UNIQUE
004c6398,004c6350,C:\Projects\Wizardry 8\Engine Code\Monster.cpp,960,bCycle < CYCLE_NUM_UNIQUE
004c006f,004bfe00,C:\Projects\Wizardry 8\Engine Code\Monster.cpp,1099,rhs.m_pRep
004c0386,004c0300,C:\Projects\Wizardry 8\Engine Code\Monster.cpp,1235,*ppMonster
004c0516,004c0300,C:\Projects\Wizardry 8\Engine Code\Monster.cpp,1295,hFile
004c0a3a,004c0300,C:\Projects\Wizardry 8\Engine Code\Monster.cpp,1422,pSndEvent
004c0aa0,004c0300,C:\Projects\Wizardry 8\Engine Code\Monster.cpp,1429,pSndEvent
004c0b7c,004c0300,C:\Projects\Wizardry 8\Engine Code\Monster.cpp,1445,pSndEvent
004c145e,004c0300,C:\Projects\Wizardry 8\Engine Code\Monster.cpp,1590,FALSE
004c202f,004c2010,C:\Projects\Wizardry 8\Engine Code\Monster.cpp,1937,pacName
004c2123,004c2100,C:\Projects\Wizardry 8\Engine Code\Monster.cpp,2041,m_pRep
004c2c7d,004c2bf0,C:\Projects\Wizardry 8\Engine Code\Monster.cpp,2431,FALSE
004c3761,004c3740,C:\Projects\Wizardry 8\Engine Code\Monster.cpp,2812,bCycle < CYCLE_NUM_UNIQUE
004c37b7,004c3790,C:\Projects\Wizardry 8\Engine Code\Monster.cpp,2836,bCycle >= CYCLE_FIRST && bCycle <= CYCLE_LAST
004c38a0,004c3790,C:\Projects\Wizardry 8\Engine Code\Monster.cpp,2854,FALSE
004c3927,004c3790,C:\Projects\Wizardry 8\Engine Code\Monster.cpp,2883,0
004c3a57,004c3790,C:\Projects\Wizardry 8\Engine Code\Monster.cpp,2897,pao
004bf625,004bf520,C:\Projects\Wizardry 8\Engine Code\Monster.cpp,3125,bCycle>=CYCLE_FIRST && bCycle<=CYCLE_LAST
004c3f43,004c3f00,C:\Projects\Wizardry 8\Engine Code\Monster.cpp,3150,pao
004c4cbf,004c4ca0,C:\Projects\Wizardry 8\Engine Code\Monster.cpp,3812,pMonsterB
004c4d61,004c4d40,C:\Projects\Wizardry 8\Engine Code\Monster.cpp,3838,pPlayer
004c5889,004c5860,C:\Projects\Wizardry 8\Engine Code\Monster.cpp,4703,pMonster
004c770e,004c75c0,C:\Projects\Wizardry 8\Engine Code\Monster.cpp,6242,uiAttack < MAX_MONSTER_ATTACKS
004c7829,004c77f0,C:\Projects\Wizardry 8\Engine Code\Monster.cpp,6321,!(IsCycleSupported(CYCLE_ATTACK_SHOOT) && IsCycleSupported(CYCLE_ATTACK_THROW))
004c9e48,004c9dc0,C:\Projects\Wizardry 8\Engine Code\Monster.cpp,7503,pEvalVar
004c9e75,004c9dc0,C:\Projects\Wizardry 8\Engine Code\Monster.cpp,7504,strlen(pEvalVar) < 512
004c9f85,004c9dc0,C:\Projects\Wizardry 8\Engine Code\Monster.cpp,7526,lsParmList.Length()
004ca07f,004c9dc0,C:\Projects\Wizardry 8\Engine Code\Monster.cpp,7542,lsParmList.Length()
004536c7,00453690,C:\Projects\Wizardry 8\Engine Code\Navigator.cpp,1735,pNavAI
004462c6,00446250,C:\Projects\Wizardry 8\Engine Code\OctBuildTree.cpp,140,m_apLinkLists[m_usCurrent]
00459475,00459400,C:\Projects\Wizardry 8\Engine Code\OctPath.cpp,2408,m_pFileWayPoints
0045b23e,0045b120,C:\Projects\Wizardry 8\Engine Code\OctPath.cpp,3596,ulCount<200
0045cf2d,0045c9a0,C:\Projects\Wizardry 8\Engine Code\OctPath.cpp,4368,(ulBestNode <= m_ulSearchNodesUsed)
0045d5ac,0045d530,C:\Projects\Wizardry 8\Engine Code\OctPath.cpp,4585,pstMeshModel
0045d831,0045d530,C:\Projects\Wizardry 8\Engine Code\OctPath.cpp,4646,m_pPathModelInstance
0045de22,0045ddb0,C:\Projects\Wizardry 8\Engine Code\OctPath.cpp,4844,pNewWayPoints
0045ed95,0045ec30,C:\Projects\Wizardry 8\Engine Code\OctPath.cpp,5414,pNewWayPtLinks
0046028e,00460250,C:\Projects\Wizardry 8\Engine Code\OctPath.cpp,6764,pusLinks[i] < (UINT16)m_ulNumWayPtLinks
004609f5,00460950,C:\Projects\Wizardry 8\Engine Code\OctPath.cpp,7074,i < m_ulNumWayPoints
00460bee,00460b80,C:\Projects\Wizardry 8\Engine Code\OctPath.cpp,7131,usStartNode < m_ulNumWayPoints
00460c1d,00460b80,C:\Projects\Wizardry 8\Engine Code\OctPath.cpp,7132,usEndNode < m_ulNumWayPoints
00460ca1,00460b80,C:\Projects\Wizardry 8\Engine Code\OctPath.cpp,7146,usWayPt < m_ulNumWayPoints
00460cdf,00460b80,C:\Projects\Wizardry 8\Engine Code\OctPath.cpp,7148,usLink < m_ulNumWayPtLinks
00460d0f,00460b80,C:\Projects\Wizardry 8\Engine Code\OctPath.cpp,7152,usLink < m_ulNumWayPtLinks
00460dfa,00460b80,C:\Projects\Wizardry 8\Engine Code\OctPath.cpp,7157,usNextNode < m_ulNumWayPoints
00461111,00460b80,C:\Projects\Wizardry 8\Engine Code\OctPath.cpp,7202,usLink < m_ulNumWayPtLinks
00461257,00460b80,C:\Projects\Wizardry 8\Engine Code\OctPath.cpp,7210,usWayPt < m_ulNumWayPoints
00461464,004612a0,C:\Projects\Wizardry 8\Engine Code\OctPath.cpp,7319,i < m_ulNumWayPoints
00461bb8,00461960,C:\Projects\Wizardry 8\Engine Code\OctPath.cpp,7559,i < m_ulNumWayPoints
00461d80,00461d10,C:\Projects\Wizardry 8\Engine Code\OctPath.cpp,7631,usLink < m_ulNumWayPtLinks
00461e92,00461d10,C:\Projects\Wizardry 8\Engine Code\OctPath.cpp,7641,usNextNode < m_ulNumWayPoints
00461fbf,00461d10,C:\Projects\Wizardry 8\Engine Code\OctPath.cpp,7680,ulLinkNum < 20
00462198,00461d10,C:\Projects\Wizardry 8\Engine Code\OctPath.cpp,7695,usNextNode < m_ulNumWayPoints
00463fa1,00463290,C:\Projects\Wizardry 8\Engine Code\OctPath.cpp,8877,(ulBestNode <= m_ulSearchNodesUsed)
00465a6e,00465a00,C:\Projects\Wizardry 8\Engine Code\OctPath.cpp,10065,pNewSearchNodes
004ce667,004ce510,C:\Projects\Wizardry 8\Engine Code\OctPrePath.cpp,1037,ppCondPaths
004ce7b4,004ce510,C:\Projects\Wizardry 8\Engine Code\OctPrePath.cpp,1065,ulOriginalCount <= (UINT32)lNumProps
004ce861,004ce510,C:\Projects\Wizardry 8\Engine Code\OctPrePath.cpp,1077,m_ulNumCondFrames < 10000
004ce8aa,004ce510,C:\Projects\Wizardry 8\Engine Code\OctPrePath.cpp,1082,m_ulNumCondNodes < 10000
004cea31,004ce510,C:\Projects\Wizardry 8\Engine Code\OctPrePath.cpp,1116,m_pCondPaths
004cead8,004ce510,C:\Projects\Wizardry 8\Engine Code\OctPrePath.cpp,1127,m_pulCondLookup
004ceb2e,004ce510,C:\Projects\Wizardry 8\Engine Code\OctPrePath.cpp,1130,m_pusCondNodeFrames
004ceb87,004ce510,C:\Projects\Wizardry 8\Engine Code\OctPrePath.cpp,1134,m_pulCondNodeKeys
004cebe1,004ce510,C:\Projects\Wizardry 8\Engine Code\OctPrePath.cpp,1137,m_pulCondNodeValues
004689d2,004683f0,C:\Projects\Wizardry 8\Engine Code\OctPreTree.cpp,548,m_pAlphaBits->Save(hOctFile)
0046b9a5,0046b060,C:\Projects\Wizardry 8\Engine Code\OctPreTree.cpp,1963,(m_lNumSupports < 30 && m_lNumBlocks < 30)
0046bac6,0046b9d0,C:\Projects\Wizardry 8\Engine Code\OctPreTree.cpp,2016,pCondNode
0046bb75,0046b9d0,C:\Projects\Wizardry 8\Engine Code\OctPreTree.cpp,2024,FALSE
0046bc79,0046b9d0,C:\Projects\Wizardry 8\Engine Code\OctPreTree.cpp,2044,pCondNode
0046be84,0046b9d0,C:\Projects\Wizardry 8\Engine Code\OctPreTree.cpp,2052,FALSE
0046c212,0046c0f0,C:\Projects\Wizardry 8\Engine Code\OctPreTree.cpp,2190,pPreProps[i].pStopMeshes
0046c4e8,0046c0f0,C:\Projects\Wizardry 8\Engine Code\OctPreTree.cpp,2221,pPreProps[i].pStopMeshes
0046c553,0046c0f0,C:\Projects\Wizardry 8\Engine Code\OctPreTree.cpp,2228,(pLVL->pProps[i].usFrame_Pos[j*2] < (UINT16)(pLVL->pProps[i].bNumFrames))
0042bce7,0042bc10,C:\Projects\Wizardry 8\Engine Code\Octree.cpp,163,hOctFile
0042bd5e,0042bc10,C:\Projects\Wizardry 8\Engine Code\Octree.cpp,172,fSuccess && (uiTerminator==0xffffffff)
0042c4c2,0042bc10,C:\Projects\Wizardry 8\Engine Code\Octree.cpp,351,fSuccess && (uiTerminator==0xffffffff)
0042c5c7,0042bc10,C:\Projects\Wizardry 8\Engine Code\Octree.cpp,377,(i2 < 10000)
0042c68a,0042bc10,C:\Projects\Wizardry 8\Engine Code\Octree.cpp,394,m_pAlphaBits
0042c6bb,0042bc10,C:\Projects\Wizardry 8\Engine Code\Octree.cpp,395,m_pAlphaBits->Load(hOctFile)
0042c70c,0042bc10,C:\Projects\Wizardry 8\Engine Code\Octree.cpp,401,m_pusMeshParticleLookup
0042c7ab,0042bc10,C:\Projects\Wizardry 8\Engine Code\Octree.cpp,408,m_pusMeshParticles
0042c850,0042bc10,C:\Projects\Wizardry 8\Engine Code\Octree.cpp,417,m_pusMeshPropLookup
0042cc7f,0042bc10,C:\Projects\Wizardry 8\Engine Code\Octree.cpp,482,fSuccess && (uiTerminator==0xffffffff)
0042ddc7,0042d2a0,C:\Projects\Wizardry 8\Engine Code\Octree.cpp,874,m_pfRegsVisited
0042de20,0042d2a0,C:\Projects\Wizardry 8\Engine Code\Octree.cpp,882,m_aulGDObjs
0042e471,0042e440,C:\Projects\Wizardry 8\Engine Code\Octree.cpp,1157,m_usNumPropsLoaded<(UINT16)m_ulNumProps
0042e4f1,0042e4c0,C:\Projects\Wizardry 8\Engine Code\Octree.cpp,1181,m_usNumParticlesLoaded<(UINT16)m_ulNumParticles
00430adb,00430a70,C:\Projects\Wizardry 8\Engine Code\Octree.cpp,2567,usProp<=m_usMeshParticlesLen
00430b87,00430a70,C:\Projects\Wizardry 8\Engine Code\Octree.cpp,2587,usProp<=m_usMeshPropsLen
0049e67f,0049e5d0,C:\Projects\Wizardry 8\Engine Code\OctSubMesh.cpp,261,fSuccess
0049e6b1,0049e5d0,C:\Projects\Wizardry 8\Engine Code\OctSubMesh.cpp,265,fSuccess
0049e8e7,0049e5d0,C:\Projects\Wizardry 8\Engine Code\OctSubMesh.cpp,316,fSuccess
0049e93b,0049e5d0,C:\Projects\Wizardry 8\Engine Code\OctSubMesh.cpp,323,fSuccess
0049ecb0,0049e9a0,C:\Projects\Wizardry 8\Engine Code\OctSubMesh.cpp,429,m_plVertMats[iCount] >= 0
0049ee0c,0049e9a0,C:\Projects\Wizardry 8\Engine Code\OctSubMesh.cpp,466,m_plVertMats[iCount] >= 0
004a98ff,004a98c0,C:\Projects\Wizardry 8\Engine Code\PathAI.CPP,495,pPathAI
004a9c63,004a9c30,C:\Projects\Wizardry 8\Engine Code\PathAI.CPP,662,pPathAI
004a9c81,004a9c30,C:\Projects\Wizardry 8\Engine Code\PathAI.CPP,663,pPathAI->plsPoints
004a9f39,004a9f20,C:\Projects\Wizardry 8\Engine Code\PathAI.CPP,1083,pPathAI
004a9de4,004a9c30,C:\Projects\Wizardry 8\Engine Code\PathAI.CPP,1134,pPathAI
004a9f7c,004a9f60,C:\Projects\Wizardry 8\Engine Code\PathAI.CPP,1134,pPathAI
004aa210,004aa1f0,C:\Projects\Wizardry 8\Engine Code\PathAI.CPP,1312,pPathAI
004a922e,004a91f0,C:\Projects\Wizardry 8\Engine Code\PathAI.CPP,1429,pPathAI&&pRep
004aa9e9,004aa9d0,C:\Projects\Wizardry 8\Engine Code\PathAI.CPP,1756,pPathAI
004aaa29,004aaa10,C:\Projects\Wizardry 8\Engine Code\PathAI.CPP,1774,pPathAI
0044af32,0044aee0,C:\Projects\Wizardry 8\Engine Code\Prop.cpp,174,pInfo && pInfo->hFile && pProp
0044b013,0044aee0,C:\Projects\Wizardry 8\Engine Code\Prop.cpp,213,pAniMesh
0044b043,0044aee0,C:\Projects\Wizardry 8\Engine Code\Prop.cpp,216,fSuccess
0044b282,0044aee0,C:\Projects\Wizardry 8\Engine Code\Prop.cpp,287,(usTemp < (UINT16)ubNumFrames)
0044b616,0044aee0,C:\Projects\Wizardry 8\Engine Code\Prop.cpp,386,psrMesh
0044b69d,0044aee0,C:\Projects\Wizardry 8\Engine Code\Prop.cpp,402,psrMesh
0044bb81,0044bb20,C:\Projects\Wizardry 8\Engine Code\Prop.cpp,707,lSegment!=(-1)
0044c220,0044c200,C:\Projects\Wizardry 8\Engine Code\Prop.cpp,987,pWorld
0044c298,0044c200,C:\Projects\Wizardry 8\Engine Code\Prop.cpp,1002,psrMesh
0044c6e0,0044c600,C:\Projects\Wizardry 8\Engine Code\Prop.cpp,1391,psrMesh
0044c7d9,0044c600,C:\Projects\Wizardry 8\Engine Code\Prop.cpp,1409,psrMesh
0044c866,0044c830,C:\Projects\Wizardry 8\Engine Code\Prop.cpp,1441,pWorld
0044c901,0044c830,C:\Projects\Wizardry 8\Engine Code\Prop.cpp,1460,psrMesh
0044d1bd,0044c830,C:\Projects\Wizardry 8\Engine Code\Prop.cpp,1572,psrMesh
0044d37f,0044d360,C:\Projects\Wizardry 8\Engine Code\Prop.cpp,1643,pWorld
0044d3f5,0044d360,C:\Projects\Wizardry 8\Engine Code\Prop.cpp,1656,psrMesh
0044d47b,0044d360,C:\Projects\Wizardry 8\Engine Code\Prop.cpp,1670,psrMesh
0044df47,0044dea0,C:\Projects\Wizardry 8\Engine Code\Prop.cpp,2361,pstInstance
0044e033,0044e010,C:\Projects\Wizardry 8\Engine Code\Prop.cpp,2409,pWorld && pWorld->plsProps
0044e20b,0044e1f0,C:\Projects\Wizardry 8\Engine Code\Prop.cpp,2698,m_pRep
004be2c2,004be200,C:\Projects\Wizardry 8\Engine Code\quad.cpp,58,pq
0047b528,0047b500,C:\Projects\Wizardry 8\Engine Code\Quality.cpp,159,gpQuality
004bb13f,004baff0,C:\Projects\Wizardry 8\Engine Code\ReadLevel.cpp,250,psrMesh
004bb645,004baff0,C:\Projects\Wizardry 8\Engine Code\ReadLevel.cpp,348,fSuccess
004bbb0f,004bbad0,C:\Projects\Wizardry 8\Engine Code\ReadLevel.cpp,486,fSuccess
004bbcb7,004bbad0,C:\Projects\Wizardry 8\Engine Code\ReadLevel.cpp,532,fSuccess
004bbef5,004bbad0,C:\Projects\Wizardry 8\Engine Code\ReadLevel.cpp,593,pstLight
004bcfbb,004bce20,C:\Projects\Wizardry 8\Engine Code\ReadLevel.cpp,1454,psrClipPlane
004bd22c,004bd0d0,C:\Projects\Wizardry 8\Engine Code\ReadLevel.cpp,1534,0
004bd291,004bd0d0,C:\Projects\Wizardry 8\Engine Code\ReadLevel.cpp,1539,pParticle
004bdd57,004bdc90,C:\Projects\Wizardry 8\Engine Code\ReadLevel.cpp,1750,bVersion == 1
00485fab,00485c10,C:\Projects\Wizardry 8\Engine Code\ReadMesh.cpp,270,ppCompVertices
00485ff0,00485c10,C:\Projects\Wizardry 8\Engine Code\ReadMesh.cpp,276,ppCompVertices[i]
0048602c,00485c10,C:\Projects\Wizardry 8\Engine Code\ReadMesh.cpp,280,fSuccess
00486056,00485c10,C:\Projects\Wizardry 8\Engine Code\ReadMesh.cpp,305,FALSE
00486092,00485c10,C:\Projects\Wizardry 8\Engine Code\ReadMesh.cpp,313,pstVertices
004860cd,00485c10,C:\Projects\Wizardry 8\Engine Code\ReadMesh.cpp,315,fSuccess
0048625c,00485c10,C:\Projects\Wizardry 8\Engine Code\ReadMesh.cpp,358,fSuccess
004862ae,00485c10,C:\Projects\Wizardry 8\Engine Code\ReadMesh.cpp,363,ppsrMats
004862cb,00485c10,C:\Projects\Wizardry 8\Engine Code\ReadMesh.cpp,364,uiMatCount
00488abc,00488650,C:\Projects\Wizardry 8\Engine Code\ReadMesh.cpp,1115,iPolyType >=0
0048910a,00488650,C:\Projects\Wizardry 8\Engine Code\ReadMesh.cpp,1255,pstMeshModel[iCount]
004d5860,004d57a0,C:\Projects\Wizardry 8\Engine Code\SoundEvent.cpp,121,pSndEvent->m_pacWaveName
004d5e75,004d5a10,C:\Projects\Wizardry 8\Engine Code\SoundEvent.cpp,289,vPos
004aab9e,004aab80,C:\Projects\Wizardry 8\Engine Code\Spells.cpp,304,pWorld
004aaedd,004aad20,C:\Projects\Wizardry 8\Engine Code\Spells.cpp,408,plsNewLights
004aafca,004aad20,C:\Projects\Wizardry 8\Engine Code\Spells.cpp,416,pstNewLight
004ab2e4,004ab2c0,C:\Projects\Wizardry 8\Engine Code\Spells.cpp,512,pao
004ab3e9,004ab340,C:\Projects\Wizardry 8\Engine Code\Spells.cpp,602,pInfo && pInfo->hFile && pSpell
004abb5d,004ab580,C:\Projects\Wizardry 8\Engine Code\Spells.cpp,869,*ppSpell
004abcbe,004abbb0,C:\Projects\Wizardry 8\Engine Code\Spells.cpp,960,m_pRep
004ac404,004ac3d0,C:\Projects\Wizardry 8\Engine Code\Spells.cpp,1308,pSpell
004ab792,004ab580,C:\Projects\Wizardry 8\Engine Code\Spells.cpp,1330,pacName
004ab903,004ab580,C:\Projects\Wizardry 8\Engine Code\Spells.cpp,1330,pacName
004ab9d0,004ab580,C:\Projects\Wizardry 8\Engine Code\Spells.cpp,1330,pacName
004ac4fe,004ac4e0,C:\Projects\Wizardry 8\Engine Code\Spells.cpp,1370,bCycle<SPELL_NUM_CYCLES
004ac5a4,004ac580,C:\Projects\Wizardry 8\Engine Code\Spells.cpp,1473,bCycle >= SPELL_CYCLE_FIRST && bCycle <= SPELL_CYCLE_LAST
004ac8cc,004ac8a0,C:\Projects\Wizardry 8\Engine Code\Spells.cpp,1619,pao
004accb9,004acba0,C:\Projects\Wizardry 8\Engine Code\Spells.cpp,1908,s_pSpellTable
004ad017,004acd80,C:\Projects\Wizardry 8\Engine Code\Spells.cpp,2075,pSpellMI
004acfaa,004acd80,C:\Projects\Wizardry 8\Engine Code\Spells.cpp,2130,pMonster
004acfcd,004acd80,C:\Projects\Wizardry 8\Engine Code\Spells.cpp,2132,pMonRep
004ad0b5,004ad080,C:\Projects\Wizardry 8\Engine Code\Spells.cpp,2169,pMLS && strlen(pMLS)
004ad45d,004ad430,C:\Projects\Wizardry 8\Engine Code\Spells.cpp,2228,pMLS && strlen(pMLS)
004ad8cd,004ad8a0,C:\Projects\Wizardry 8\Engine Code\Spells.cpp,2367,pMLS && strlen(pMLS)
004adb4d,004adb20,C:\Projects\Wizardry 8\Engine Code\Spells.cpp,2449,pMLS && strlen(pMLS)
0048d7bd,0048d080,C:\Projects\Wizardry 8\Engine Code\stCube.cpp,172,psrSurface
0048ea4a,0048e7b0,C:\Projects\Wizardry 8\Engine Code\stCube.cpp,267,pCube
0048e625,0048e470,C:\Projects\Wizardry 8\Engine Code\stCube.cpp,968,pCube->pUserdata
0048ef73,0048ef40,C:\Projects\Wizardry 8\Engine Code\stCube.cpp,968,pCube->pUserdata
004717cd,00471720,C:\Projects\Wizardry 8\Engine Code\stMeshModel.cpp,579,m_pVertexLoc[uiFrame]
00471873,00471720,C:\Projects\Wizardry 8\Engine Code\stMeshModel.cpp,590,m_pVertexNormal[uiFrame]
0047191e,00471720,C:\Projects\Wizardry 8\Engine Code\stMeshModel.cpp,601,m_pPolyNormal[uiFrame]
00471b64,00471ad0,C:\Projects\Wizardry 8\Engine Code\stMeshModel.cpp,724,m_pLerpBuffer
00472ace,00472990,C:\Projects\Wizardry 8\Engine Code\stMeshModel.cpp,1226,l
00472cab,00472990,C:\Projects\Wizardry 8\Engine Code\stMeshModel.cpp,1243,vnorm
0047356f,00473260,C:\Projects\Wizardry 8\Engine Code\stMeshModel.cpp,1485,m_plsSkinBlankingAPT
00473611,00473260,C:\Projects\Wizardry 8\Engine Code\stMeshModel.cpp,1494,m_plsSkinBlankingAPTNum
00473696,00473260,C:\Projects\Wizardry 8\Engine Code\stMeshModel.cpp,1503,m_plsSkinBlankingChecked
00473b1d,00473b00,C:\Projects\Wizardry 8\Engine Code\stMeshModel.cpp,1768,uiFrames
00473c52,00473bf0,C:\Projects\Wizardry 8\Engine Code\stMeshModel.cpp,1810,pstModel
00480ce5,00480920,C:\Projects\Wizardry 8\Engine Code\stModelInstance.cpp,926,m_pGlowMaterial
00497c21,00497af0,C:\Projects\Wizardry 8\Engine Code\stParticle.cpp,65,cnt < 10000
00498355,00498180,C:\Projects\Wizardry 8\Engine Code\stParticle.cpp,218,pLoc
004983e1,00498180,C:\Projects\Wizardry 8\Engine Code\stParticle.cpp,228,vUV
0049842a,00498180,C:\Projects\Wizardry 8\Engine Code\stParticle.cpp,229,vLoc
00498473,00498180,C:\Projects\Wizardry 8\Engine Code\stParticle.cpp,231,pVertex
0049ad72,0049ad10,C:\Projects\Wizardry 8\Engine Code\stParticle.cpp,1210,m_pflFlutterAngle
004cf467,004cf3b0,C:\Projects\Wizardry 8\Engine Code\stScript.cpp,69,pNewLine
0043be91,0043be60,C:\Projects\Wizardry 8\Engine Code\Trigger.cpp,387,hFile
0043c1e6,0043c1b0,C:\Projects\Wizardry 8\Engine Code\Trigger.cpp,496,hFile
0043c331,0043c1b0,C:\Projects\Wizardry 8\Engine Code\Trigger.cpp,523,pDoor
0043e49e,0043d940,C:\Projects\Wizardry 8\Engine Code\Trigger.cpp,1426,m_pProp && m_bRepType == TRIGGER_REP_PROP
0043da8a,0043d940,C:\Projects\Wizardry 8\Engine Code\Trigger.cpp,1530,m_pEvent
0043dafb,0043d940,C:\Projects\Wizardry 8\Engine Code\Trigger.cpp,1539,glsTimedEvents.Find(m_pEvent) == -1
0043f249,0043d940,C:\Projects\Wizardry 8\Engine Code\Trigger.cpp,1988,m_pEvent
0043f4db,0043d940,C:\Projects\Wizardry 8\Engine Code\Trigger.cpp,2020,m_lData3!=-1
0043f7b7,0043d940,C:\Projects\Wizardry 8\Engine Code\Trigger.cpp,2124,m_pEvent
0043fc58,0043d940,C:\Projects\Wizardry 8\Engine Code\Trigger.cpp,2212,m_pEvent
0043fce3,0043d940,C:\Projects\Wizardry 8\Engine Code\Trigger.cpp,2222,glsTimedEvents.Find(m_pEvent) == -1
00440417,0043d940,C:\Projects\Wizardry 8\Engine Code\Trigger.cpp,2368,m_pEvent
00441215,00441110,C:\Projects\Wizardry 8\Engine Code\Trigger.cpp,2822,m_pActionData
00442b7c,00441a20,C:\Projects\Wizardry 8\Engine Code\Trigger.cpp,3656,pTrigger->m_pacRecipients
00442e1d,00441a20,C:\Projects\Wizardry 8\Engine Code\Trigger.cpp,3695,pTrigger->m_pacRequiredStates
00442e96,00441a20,C:\Projects\Wizardry 8\Engine Code\Trigger.cpp,3701,pTrigger->m_pacStateToMod
00442f3f,00441a20,C:\Projects\Wizardry 8\Engine Code\Trigger.cpp,4244,pacName
00443ddc,00443dc0,C:\Projects\Wizardry 8\Engine Code\Trigger.cpp,4244,pacName
00445291,00445200,C:\Projects\Wizardry 8\Engine Code\Trigger.cpp,4244,pacName
00442fe0,00441a20,C:\Projects\Wizardry 8\Engine Code\Trigger.cpp,4252,pacVariableName
00443e79,00443dc0,C:\Projects\Wizardry 8\Engine Code\Trigger.cpp,4252,pacVariableName
00445337,00445200,C:\Projects\Wizardry 8\Engine Code\Trigger.cpp,4252,pacVariableName
0043fe5b,0043d940,C:\Projects\Wizardry 8\Engine Code\Trigger.cpp,4297,iVar != BAD_INDEX
0043ff34,0043d940,C:\Projects\Wizardry 8\Engine Code\Trigger.cpp,4297,iVar != BAD_INDEX
00440c09,004409b0,C:\Projects\Wizardry 8\Engine Code\Trigger.cpp,4297,iVar != BAD_INDEX
00440c37,004409b0,C:\Projects\Wizardry 8\Engine Code\Trigger.cpp,4297,iVar != BAD_INDEX
004440a9,00444030,C:\Projects\Wizardry 8\Engine Code\Trigger.cpp,4297,iVar != BAD_INDEX
0043d403,0043d120,C:\Projects\Wizardry 8\Engine Code\Trigger.cpp,4317,iVar != BAD_INDEX
0043d4d9,0043d120,C:\Projects\Wizardry 8\Engine Code\Trigger.cpp,4317,iVar != BAD_INDEX
00444149,004440d0,C:\Projects\Wizardry 8\Engine Code\Trigger.cpp,4317,iVar != BAD_INDEX
004443d4,00444310,C:\Projects\Wizardry 8\Engine Code\Trigger.cpp,4419,pacName
0043f34e,0043d940,C:\Projects\Wizardry 8\Engine Code\Trigger.cpp,4830,m_pCountdown
0043f3e0,0043d940,C:\Projects\Wizardry 8\Engine Code\Trigger.cpp,4830,m_pCountdown
00440543,0043d940,C:\Projects\Wizardry 8\Engine Code\Trigger.cpp,4830,m_pCountdown
0044515e,00445140,C:\Projects\Wizardry 8\Engine Code\Trigger.cpp,5013,pWorld
004baf79,004baf60,C:\Projects\Wizardry 8\Engine Code\UpdateMesh.cpp,674,pWorld
0042415b,00424040,C:\Projects\Wizardry 8\Engine Code\Video2.cpp,1589,psrMouseSurface
004240e2,00424040,C:\Projects\Wizardry 8\Engine Code\Video2.cpp,1595,psrMouseSurface
004241d1,00424040,C:\Projects\Wizardry 8\Engine Code\Video2.cpp,1601,psrMouseSurface
004e1065,004e1040,C:\Projects\Wizardry 8\Level Specific Code\Arnika.cpp,494,pMookHolo
004e23fd,004e23c0,C:\Projects\Wizardry 8\Level Specific Code\Arnika.cpp,1469,pTrigger
004e24b6,004e2420,C:\Projects\Wizardry 8\Level Specific Code\Arnika.cpp,1520,pTrigger
004e2540,004e24e0,C:\Projects\Wizardry 8\Level Specific Code\Arnika.cpp,1543,pTrigger
004d9b0a,004d9ad0,C:\Projects\Wizardry 8\Level Specific Code\Cosmic Circle.cpp,25,pNPC
004d71c7,004d6bf0,C:\Projects\Wizardry 8\Level Specific Code\MasterFunctionList.cpp,231,pTrigger
004d8a78,004d6bf0,C:\Projects\Wizardry 8\Level Specific Code\MasterFunctionList.cpp,762,pTrigger
004d8da9,004d6bf0,C:\Projects\Wizardry 8\Level Specific Code\MasterFunctionList.cpp,826,pTrigger
005587e9,005587c0,C:\Projects\Wizardry 8\Local Code\ButtonSound.cpp,93,giSchemeStackTop < SCHEME_STACK_SIZE
00557a10,005579e0,C:\Projects\Wizardry 8\Local Code\CharGeneration.cpp,896,iModifier < 0
00557bef,00557bc0,C:\Projects\Wizardry 8\Local Code\CharGeneration.cpp,1096,iModifier < 0
0055c3b2,0055c390,C:\Projects\Wizardry 8\Local Code\chunk.cpp,310,pHead
0055c059,0055c000,C:\Projects\Wizardry 8\Local Code\chunk.cpp,496,pHead
0055c0d9,0055c080,C:\Projects\Wizardry 8\Local Code\chunk.cpp,496,pHead
0055c67f,0055c660,C:\Projects\Wizardry 8\Local Code\chunk.cpp,496,pHead
0055c6af,0055c690,C:\Projects\Wizardry 8\Local Code\chunk.cpp,516,pHead
0055ca3c,0055ca20,C:\Projects\Wizardry 8\Local Code\chunk.cpp,640,!m_fWriting
0055c175,0055c100,C:\Projects\Wizardry 8\Local Code\chunk.cpp,669,m_fWriting
0055c60d,0055c5a0,C:\Projects\Wizardry 8\Local Code\chunk.cpp,669,m_fWriting
0055c9b2,0055c930,C:\Projects\Wizardry 8\Local Code\chunk.cpp,669,m_fWriting
0055ca9c,0055ca80,C:\Projects\Wizardry 8\Local Code\chunk.cpp,669,m_fWriting
0055cb7f,0055cb60,C:\Projects\Wizardry 8\Local Code\chunk.cpp,771,pHead
0053d2b8,0053d2a0,C:\Projects\Wizardry 8\Local Code\Combat Attack.cpp,102,uiHand < HAND_COUNT
0053d3d9,0053d390,C:\Projects\Wizardry 8\Local Code\Combat Attack.cpp,102,uiHand < HAND_COUNT
0053d6cb,0053d680,C:\Projects\Wizardry 8\Local Code\Combat Attack.cpp,102,uiHand < HAND_COUNT
0053d78d,0053d680,C:\Projects\Wizardry 8\Local Code\Combat Attack.cpp,102,uiHand < HAND_COUNT
0053d809,0053d680,C:\Projects\Wizardry 8\Local Code\Combat Attack.cpp,102,uiHand < HAND_COUNT
0053d8fb,0053d870,C:\Projects\Wizardry 8\Local Code\Combat Attack.cpp,102,uiHand < HAND_COUNT
0053f8bf,0053e250,C:\Projects\Wizardry 8\Local Code\Combat Attack.cpp,102,uiHand < HAND_COUNT
0053d4cb,0053d4b0,C:\Projects\Wizardry 8\Local Code\Combat Attack.cpp,235,uiAttack < MAX_MONSTER_ATTACKS
0053d88d,0053d870,C:\Projects\Wizardry 8\Local Code\Combat Attack.cpp,436,uiChar < MAX_CHARS
0053df17,0053d870,C:\Projects\Wizardry 8\Local Code\Combat Attack.cpp,640,CHAR_CURRENT_TARGET(uiChar).iType == TARGET_TYPE_CHAR
0053df3d,0053d870,C:\Projects\Wizardry 8\Local Code\Combat Attack.cpp,641,CHAR_CURRENT_TARGET(uiChar).iChar != BAD_INDEX
0053e00a,0053d870,C:\Projects\Wizardry 8\Local Code\Combat Attack.cpp,671,pPC->Hand[uiHand].uiHolds != HOLDS_NOTHING
0053e554,0053e250,C:\Projects\Wizardry 8\Local Code\Combat Attack.cpp,857,plsFumbleTargetList != NULL
0053f865,0053e250,C:\Projects\Wizardry 8\Local Code\Combat Attack.cpp,1553,pCmbt->uiSwingsRemaining > 0
00540118,0053ffe0,C:\Projects\Wizardry 8\Local Code\Combat Attack.cpp,1864,FALSE
0054038e,0053ffe0,C:\Projects\Wizardry 8\Local Code\Combat Attack.cpp,2012,plsFumbleTargetList != NULL
005405de,0053ffe0,C:\Projects\Wizardry 8\Local Code\Combat Attack.cpp,2059,pMonsterInfo->fMissileReleased
0054103c,0053ffe0,C:\Projects\Wizardry 8\Local Code\Combat Attack.cpp,2384,pCmbt->uiSwingsRemaining > 0
00541998,00541630,C:\Projects\Wizardry 8\Local Code\Combat Attack.cpp,2769,pMonsterInfo->Target.iType == TARGET_TYPE_MONSTER
00541b01,00541630,C:\Projects\Wizardry 8\Local Code\Combat Attack.cpp,2813,pAttack->ubWeaponNameIndex != MON_WEAPON_NAME_UNARMED
00542111,00541ec0,C:\Projects\Wizardry 8\Local Code\Combat Attack.cpp,3056,gpCombat->TargetHit.iMonsterID != BAD_INDEX
0054219c,00541ec0,C:\Projects\Wizardry 8\Local Code\Combat Attack.cpp,3071,gpCombat->TargetHit.iChar != BAD_INDEX
00542468,00541ec0,C:\Projects\Wizardry 8\Local Code\Combat Attack.cpp,3152,pPC->Hand[uiHand].uiHolds == HOLDS_NOTHING
00542518,00541ec0,C:\Projects\Wizardry 8\Local Code\Combat Attack.cpp,3157,pPC->Hand[uiHand].uiHolds == HOLDS_NOTHING
005423ca,00541ec0,C:\Projects\Wizardry 8\Local Code\Combat Attack.cpp,3164,pPC->Hand[uiHand].uiHolds != HOLDS_NOTHING
005429a1,00542960,C:\Projects\Wizardry 8\Local Code\Combat Attack.cpp,3387,gpCombat->TargetHit.iChar != BAD_INDEX
00542a54,00542960,C:\Projects\Wizardry 8\Local Code\Combat Attack.cpp,3400,gpCombat->TargetHit.iMonsterID != BAD_INDEX
00542dcd,00542db0,C:\Projects\Wizardry 8\Local Code\Combat Attack.cpp,3557,fsAttackModes != 0
00542e8a,00542db0,C:\Projects\Wizardry 8\Local Code\Combat Attack.cpp,3663,FALSE
00542f91,00542db0,C:\Projects\Wizardry 8\Local Code\Combat Attack.cpp,3784,FALSE
00543097,00542fc0,C:\Projects\Wizardry 8\Local Code\Combat Attack.cpp,3834,FALSE
0054324e,00543110,C:\Projects\Wizardry 8\Local Code\Combat Attack.cpp,4006,FALSE
0053e5dc,0053e250,C:\Projects\Wizardry 8\Local Code\Combat Attack.cpp,4560,uiNumTargets > 0
0054041a,0053ffe0,C:\Projects\Wizardry 8\Local Code\Combat Attack.cpp,4560,uiNumTargets > 0
0053e6f0,0053e250,C:\Projects\Wizardry 8\Local Code\Combat Attack.cpp,4734,uiChoices > 0
005404d6,0053ffe0,C:\Projects\Wizardry 8\Local Code\Combat Attack.cpp,4734,uiChoices > 0
0053e71f,0053e250,C:\Projects\Wizardry 8\Local Code\Combat Attack.cpp,4738,pListElement != NULL
00540505,0053ffe0,C:\Projects\Wizardry 8\Local Code\Combat Attack.cpp,4738,pListElement != NULL
0054437b,00544250,C:\Projects\Wizardry 8\Local Code\Combat Attack.cpp,4775,SourceIsMonster(pSource)
0054476c,00544630,C:\Projects\Wizardry 8\Local Code\Combat Attack.cpp,4952,FALSE
005448ad,00544630,C:\Projects\Wizardry 8\Local Code\Combat Attack.cpp,4998,pSource->iMonsterID != -1
00544b40,00544630,C:\Projects\Wizardry 8\Local Code\Combat Attack.cpp,5050,FALSE
00544ab7,00544630,C:\Projects\Wizardry 8\Local Code\Combat Attack.cpp,5097,pMissileFired
00545a70,00545a00,C:\Projects\Wizardry 8\Local Code\Combat Attack.cpp,5788,FALSE
0054623d,00545e50,C:\Projects\Wizardry 8\Local Code\Combat Attack.cpp,6170,FALSE
0054639a,00545e50,C:\Projects\Wizardry 8\Local Code\Combat Attack.cpp,6191,FALSE
005464d3,00545e50,C:\Projects\Wizardry 8\Local Code\Combat Attack.cpp,6205,FALSE
005466ff,00545e50,C:\Projects\Wizardry 8\Local Code\Combat Attack.cpp,6268,uiSuccessfulCnt > 0
00546a5d,00545e50,C:\Projects\Wizardry 8\Local Code\Combat Attack.cpp,6546,FALSE
00546f61,00546f10,C:\Projects\Wizardry 8\Local Code\Combat Hostility.cpp,105,FALSE
0054734f,00547310,C:\Projects\Wizardry 8\Local Code\Combat Hostility.cpp,450,iType < SPELL_COUNT
005473e7,00547310,C:\Projects\Wizardry 8\Local Code\Combat Hostility.cpp,450,iType < SPELL_COUNT
00547475,00547440,C:\Projects\Wizardry 8\Local Code\Combat Hostility.cpp,450,iType < SPELL_COUNT
005474d1,005474b0,C:\Projects\Wizardry 8\Local Code\Combat Hostility.cpp,450,iType < SPELL_COUNT
004f0225,004f01d0,C:\Projects\Wizardry 8\Local Code\Combat Party Movement.cpp,359,gXStatus.flPartyMoveDistLimit > 0.0f
004f034b,004f01d0,C:\Projects\Wizardry 8\Local Code\Combat Party Movement.cpp,359,gXStatus.flPartyMoveDistLimit > 0.0f
004f04e9,004f0480,C:\Projects\Wizardry 8\Local Code\Combat Party Movement.cpp,410,( *puiPhase > 0 ) && ( *puiPhase <= PHASES_PER_ROUND )
004f0c5a,004f0af0,C:\Projects\Wizardry 8\Local Code\Combat Party Movement.cpp,410,( *puiPhase > 0 ) && ( *puiPhase <= PHASES_PER_ROUND )
004f0cef,004f0c80,C:\Projects\Wizardry 8\Local Code\Combat Party Movement.cpp,410,( *puiPhase > 0 ) && ( *puiPhase <= PHASES_PER_ROUND )
004f0d73,004f0c80,C:\Projects\Wizardry 8\Local Code\Combat Party Movement.cpp,410,( *puiPhase > 0 ) && ( *puiPhase <= PHASES_PER_ROUND )
004f0e2a,004f0c80,C:\Projects\Wizardry 8\Local Code\Combat Party Movement.cpp,410,( *puiPhase > 0 ) && ( *puiPhase <= PHASES_PER_ROUND )
004f053a,004f0520,C:\Projects\Wizardry 8\Local Code\Combat Party Movement.cpp,435,gXStatus.fCombatMode
004f057a,004f0560,C:\Projects\Wizardry 8\Local Code\Combat Party Movement.cpp,470,gXStatus.fCombatMode
004f081a,004f0800,C:\Projects\Wizardry 8\Local Code\Combat Party Movement.cpp,613,gXStatus.fCombatMode
004f09aa,004f0990,C:\Projects\Wizardry 8\Local Code\Combat Party Movement.cpp,674,gXStatus.fCombatMode
004f0b0c,004f0af0,C:\Projects\Wizardry 8\Local Code\Combat Party Movement.cpp,759,uiPartyAction != PARTY_ACTION_NONE
00519486,00519180,C:\Projects\Wizardry 8\Local Code\Combat Range.cpp,416,pMonsterGroup != NULL
00519969,005197c0,C:\Projects\Wizardry 8\Local Code\Combat Range.cpp,416,pMonsterGroup != NULL
00519add,005199f0,C:\Projects\Wizardry 8\Local Code\Combat Range.cpp,498,uiHand == HAND_ANY
005196ff,005194e0,C:\Projects\Wizardry 8\Local Code\Combat Range.cpp,1123,FALSE
0051a9eb,0051a9a0,C:\Projects\Wizardry 8\Local Code\Combat Range.cpp,1123,FALSE
0051ab9b,0051ab50,C:\Projects\Wizardry 8\Local Code\Combat Range.cpp,1123,FALSE
0051af62,0051aec0,C:\Projects\Wizardry 8\Local Code\Combat Range.cpp,1432,ubMonsterQuadrant != QUADRANT_CENTER
0051b3db,0051b320,C:\Projects\Wizardry 8\Local Code\Combat Range.cpp,1606,FALSE
00549a64,005499d0,C:\Projects\Wizardry 8\Local Code\Combat Sound.cpp,104,FileExists(zSoundFileName)
0054a00c,00549f50,C:\Projects\Wizardry 8\Local Code\Combat Sound.cpp,168,FALSE
0054a175,0054a0e0,C:\Projects\Wizardry 8\Local Code\Combat Sound.cpp,168,FALSE
0054a2fb,0054a0e0,C:\Projects\Wizardry 8\Local Code\Combat Sound.cpp,168,FALSE
0054a076,00549f50,C:\Projects\Wizardry 8\Local Code\Combat Sound.cpp,415,FALSE
0054a1e0,0054a0e0,C:\Projects\Wizardry 8\Local Code\Combat Sound.cpp,465,FALSE
0054a366,0054a0e0,C:\Projects\Wizardry 8\Local Code\Combat Sound.cpp,504,FALSE
004e7862,004e77b0,C:\Projects\Wizardry 8\Local Code\Combat.cpp,736,gXStatus.fItemSelectMode
004e7902,004e77b0,C:\Projects\Wizardry 8\Local Code\Combat.cpp,784,FALSE
004e808e,004e8000,C:\Projects\Wizardry 8\Local Code\Combat.cpp,1156,iAction < CHAR_ACTION_COUNT
004e8855,004e8370,C:\Projects\Wizardry 8\Local Code\Combat.cpp,1510,FALSE
004e897d,004e8370,C:\Projects\Wizardry 8\Local Code\Combat.cpp,1546,FALSE
004e8e3f,004e8da0,C:\Projects\Wizardry 8\Local Code\Combat.cpp,1837,gStatus.iSelectedCharacter != BAD_INDEX
004e91b1,004e8da0,C:\Projects\Wizardry 8\Local Code\Combat.cpp,2053,FALSE
004e94b7,004e9490,C:\Projects\Wizardry 8\Local Code\Combat.cpp,2127,gpCombat->eCombatActionStatus == COMBAT_ACTION_NONE
004eae62,004eae20,C:\Projects\Wizardry 8\Local Code\Combat.cpp,3588,gXStatus.fCombatMode
004eb77f,004eb5a0,C:\Projects\Wizardry 8\Local Code\Combat.cpp,4082,pMonsterInfo->fSpellReleased
004ec21e,004ec1e0,C:\Projects\Wizardry 8\Local Code\Combat.cpp,4499,pSource->iChar != BAD_INDEX
004ec639,004ec1e0,C:\Projects\Wizardry 8\Local Code\Combat.cpp,4676,gXStatus.fCombatMode
004ecd91,004ecc80,C:\Projects\Wizardry 8\Local Code\Combat.cpp,5118,pTarget->iMonsterID != -1
004ecd3a,004ecc80,C:\Projects\Wizardry 8\Local Code\Combat.cpp,5132,pTarget->iGroupID != -1
004ecf75,004ecf50,C:\Projects\Wizardry 8\Local Code\Combat.cpp,5458,gXStatus.fCombatMode
004ed3b2,004ed390,C:\Projects\Wizardry 8\Local Code\Combat.cpp,5766,(iCharAction == CHAR_ACTION_DEFEND) || (iCharAction == CHAR_ACTION_PROTECT)
0052302c,00522fe0,C:\Projects\Wizardry 8\Local Code\Conditions & Enchantments.cpp,42,fCHAR_OCCUPIED(uiChar)
00523054,00522fe0,C:\Projects\Wizardry 8\Local Code\Conditions & Enchantments.cpp,45,(uiPoisonStrength == 0) || (uiCondition == COND_POISONED)
0052381f,005237e0,C:\Projects\Wizardry 8\Local Code\Conditions & Enchantments.cpp,387,fCHAR_OCCUPIED(uiChar)
00523c26,00523c00,C:\Projects\Wizardry 8\Local Code\Conditions & Enchantments.cpp,544,(uiPoisonStrength == 0) || (uiCondition == COND_POISONED)
00523f8c,00523f40,C:\Projects\Wizardry 8\Local Code\Conditions & Enchantments.cpp,728,pMonsterInfo->uiCondition[uiCondition] > 0
0052415d,00523f40,C:\Projects\Wizardry 8\Local Code\Conditions & Enchantments.cpp,795,pMonsterInfo->uiCondition[uiCondition] > 0
0054b95c,0054b810,C:\Projects\Wizardry 8\Local Code\Configuration.cpp,217,FALSE
004f310b,004f30f0,C:\Projects\Wizardry 8\Local Code\Controls.cpp,399,m_uiRegionSetId != REGSET_NULL
004f3175,004f3140,C:\Projects\Wizardry 8\Local Code\Controls.cpp,426,pControl
004f486e,004f4850,C:\Projects\Wizardry 8\Local Code\Controls.cpp,1849,m_pPanel != NULL
004f5560,004f54b0,C:\Projects\Wizardry 8\Local Code\Controls.cpp,2679,iSelected < m_lsButtons.Length()
004f55fd,004f54b0,C:\Projects\Wizardry 8\Local Code\Controls.cpp,2718,iIndex != -1
005547fd,005545f0,C:\Projects\Wizardry 8\Local Code\Formation & Facing.cpp,190,bQuadrantSlot != -1
005548d6,005545f0,C:\Projects\Wizardry 8\Local Code\Formation & Facing.cpp,225,bQuadrantSlot != -1
00554a3a,00554a20,C:\Projects\Wizardry 8\Local Code\Formation & Facing.cpp,258,gXStatus.fCombatMode
00554a7a,00554a20,C:\Projects\Wizardry 8\Local Code\Formation & Facing.cpp,266,gXStatus.fCombatMode
00554ba8,00554ae0,C:\Projects\Wizardry 8\Local Code\Formation & Facing.cpp,345,iChar != -1
00554f72,00554e70,C:\Projects\Wizardry 8\Local Code\Formation & Facing.cpp,345,iChar != -1
00555055,00554e70,C:\Projects\Wizardry 8\Local Code\Formation & Facing.cpp,345,iChar != -1
0055510d,00555080,C:\Projects\Wizardry 8\Local Code\Formation & Facing.cpp,345,iChar != -1
0055529c,00555160,C:\Projects\Wizardry 8\Local Code\Formation & Facing.cpp,345,iChar != -1
00554b5a,00554ae0,C:\Projects\Wizardry 8\Local Code\Formation & Facing.cpp,370,iChar == -1
00554f1a,00554e70,C:\Projects\Wizardry 8\Local Code\Formation & Facing.cpp,370,iChar == -1
00554fff,00554e70,C:\Projects\Wizardry 8\Local Code\Formation & Facing.cpp,370,iChar == -1
005550c2,00555080,C:\Projects\Wizardry 8\Local Code\Formation & Facing.cpp,370,iChar == -1
00555251,00555160,C:\Projects\Wizardry 8\Local Code\Formation & Facing.cpp,370,iChar == -1
00554c18,00554bd0,C:\Projects\Wizardry 8\Local Code\Formation & Facing.cpp,398,pFormation->bOccupantChar[bOldQuadrant][bOldSlot] != -1
00554c3a,00554bd0,C:\Projects\Wizardry 8\Local Code\Formation & Facing.cpp,399,pFormation->ubQuadrantOccupants[bOldQuadrant] > 0
00554c86,00554bd0,C:\Projects\Wizardry 8\Local Code\Formation & Facing.cpp,413,pFormation->bOccupantChar[bNewQuadrant][bNewSlot] == -1
00554ca7,00554bd0,C:\Projects\Wizardry 8\Local Code\Formation & Facing.cpp,414,pFormation->ubQuadrantOccupants[bNewQuadrant] < MAX_CHARS_PER_QUADRANT
00555197,00555160,C:\Projects\Wizardry 8\Local Code\Formation & Facing.cpp,662,uiChar1 != uiChar2
00555594,00555560,C:\Projects\Wizardry 8\Local Code\Formation & Facing.cpp,826,pTarget->iChar != BAD_INDEX
0055577e,00555560,C:\Projects\Wizardry 8\Local Code\Formation & Facing.cpp,1110,FALSE
00555901,00555820,C:\Projects\Wizardry 8\Local Code\Formation & Facing.cpp,1110,FALSE
00555a39,00555960,C:\Projects\Wizardry 8\Local Code\Formation & Facing.cpp,1110,FALSE
00555d41,00555c60,C:\Projects\Wizardry 8\Local Code\Formation & Facing.cpp,1110,FALSE
004ee0ff,004ee000,C:\Projects\Wizardry 8\Local Code\GameplayCode.cpp,380,FALSE
004ee15d,004ee000,C:\Projects\Wizardry 8\Local Code\GameplayCode.cpp,398,pPC != NULL
004ee182,004ee000,C:\Projects\Wizardry 8\Local Code\GameplayCode.cpp,399,(pPC->iProfession >= 0) && (pPC->iProfession < PROF_COUNT)
004ee1d9,004ee000,C:\Projects\Wizardry 8\Local Code\GameplayCode.cpp,444,FALSE
004ee4bb,004ee000,C:\Projects\Wizardry 8\Local Code\GameplayCode.cpp,715,FALSE
004ef663,004ef610,C:\Projects\Wizardry 8\Local Code\GameplayCode.cpp,2197,!fSaveCharData || fCHAR_NPC(uiSlot)
004ef916,004ef7e0,C:\Projects\Wizardry 8\Local Code\GameplayCode.cpp,2338,uiValue <= gStatus.uiPartyGold
004ef96c,004ef950,C:\Projects\Wizardry 8\Local Code\GameplayCode.cpp,2359,pPC->iRace < PC_RACE_COUNT
0054a8c3,0054a8a0,C:\Projects\Wizardry 8\Local Code\GameplayDatabase.cpp,320,uiMonsterIndex < gXStatus.uiMonstersInDatabase
005021f1,00501fd0,C:\Projects\Wizardry 8\Local Code\GameplayTime.cpp,109,uiTurnsElapsed > 0
00503207,00503100,C:\Projects\Wizardry 8\Local Code\GameplayTime.cpp,819,FALSE
00556264,005560a0,C:\Projects\Wizardry 8\Local Code\GroupAttacks.cpp,220,iTargetChar != BAD_INDEX
00556615,005560a0,C:\Projects\Wizardry 8\Local Code\GroupAttacks.cpp,361,iTargetMonsterID != BAD_INDEX
00556b99,00556b10,C:\Projects\Wizardry 8\Local Code\GroupAttacks.cpp,600,pGroup
0052a8db,0052a890,C:\Projects\Wizardry 8\Local Code\Health Stamina Mana.cpp,403,fCHAR_OCCUPIED(uiChar)
0052ac38,0052abf0,C:\Projects\Wizardry 8\Local Code\Health Stamina Mana.cpp,561,fCHAR_OCCUPIED(uiChar)
0052ae16,0052add0,C:\Projects\Wizardry 8\Local Code\Health Stamina Mana.cpp,661,fCHAR_OCCUPIED(uiChar)
0052afeb,0052af50,C:\Projects\Wizardry 8\Local Code\Health Stamina Mana.cpp,813,FALSE
0052b4c6,0052b2f0,C:\Projects\Wizardry 8\Local Code\Health Stamina Mana.cpp,1067,pPC->iSPLeft[uiRealm] >= (INT32) uiSPs
0052b652,0052b590,C:\Projects\Wizardry 8\Local Code\Health Stamina Mana.cpp,1067,pPC->iSPLeft[uiRealm] >= (INT32) uiSPs
0052b77e,0052b6d0,C:\Projects\Wizardry 8\Local Code\Health Stamina Mana.cpp,1067,pPC->iSPLeft[uiRealm] >= (INT32) uiSPs
0052b825,0052b7e0,C:\Projects\Wizardry 8\Local Code\Health Stamina Mana.cpp,1186,fCHAR_OCCUPIED(uiChar)
0052c2d4,0052c240,C:\Projects\Wizardry 8\Local Code\Health Stamina Mana.cpp,1774,FALSE
0055d84a,0055d7a0,C:\Projects\Wizardry 8\Local Code\InputMapper.cpp,478,hFile
004f6ca7,004f6c50,C:\Projects\Wizardry 8\Local Code\ItemManager.cpp,398,pItemInfo
004f89e5,004f88f0,C:\Projects\Wizardry 8\Local Code\ItemManager.cpp,398,pItemInfo
004f8c08,004f88f0,C:\Projects\Wizardry 8\Local Code\ItemManager.cpp,398,pItemInfo
004f8dc4,004f8cb0,C:\Projects\Wizardry 8\Local Code\ItemManager.cpp,398,pItemInfo
004f8f01,004f8cb0,C:\Projects\Wizardry 8\Local Code\ItemManager.cpp,398,pItemInfo
004f9008,004f8cb0,C:\Projects\Wizardry 8\Local Code\ItemManager.cpp,398,pItemInfo
004f9116,004f8cb0,C:\Projects\Wizardry 8\Local Code\ItemManager.cpp,398,pItemInfo
004f6d14,004f6cf0,C:\Projects\Wizardry 8\Local Code\ItemManager.cpp,468,pItemInfo != NULL
004f6d35,004f6cf0,C:\Projects\Wizardry 8\Local Code\ItemManager.cpp,469,!pItemInfo->fActive
004f78f5,004f7610,C:\Projects\Wizardry 8\Local Code\ItemManager.cpp,825,pItemInfo != NULL
004f8149,004f8130,C:\Projects\Wizardry 8\Local Code\ItemManager.cpp,998,pItemInfo
004f8189,004f8170,C:\Projects\Wizardry 8\Local Code\ItemManager.cpp,1004,pItemInfo
004f81d9,004f81c0,C:\Projects\Wizardry 8\Local Code\ItemManager.cpp,1019,pItemInfo
004f831d,004f8300,C:\Projects\Wizardry 8\Local Code\ItemManager.cpp,1115,pItemInfo
004f835d,004f8340,C:\Projects\Wizardry 8\Local Code\ItemManager.cpp,1130,pItemInfo
004f915c,004f8cb0,C:\Projects\Wizardry 8\Local Code\ItemManager.cpp,1130,pItemInfo
004f83bd,004f83a0,C:\Projects\Wizardry 8\Local Code\ItemManager.cpp,1142,pItemInfo
004f842d,004f8410,C:\Projects\Wizardry 8\Local Code\ItemManager.cpp,1178,pItemInfo
004f8460,004f8440,C:\Projects\Wizardry 8\Local Code\ItemManager.cpp,1185,pItemInfo
004f8d4e,004f8cb0,C:\Projects\Wizardry 8\Local Code\ItemManager.cpp,1459,pNPC
00512eb1,00512e80,C:\Projects\Wizardry 8\Local Code\LoadSaveGame.cpp,870,"LevelFilesExist(ulLevel, &LevelName)"
00513a1d,00513650,C:\Projects\Wizardry 8\Local Code\LoadSaveGame.cpp,870,"LevelFilesExist(ulLevel, &LevelName)"
00513c7f,00513c20,C:\Projects\Wizardry 8\Local Code\LoadSaveGame.cpp,1517,uiSize <= sizeof(*pMonsterGroup)
00513e5a,00513d80,C:\Projects\Wizardry 8\Local Code\LoadSaveGame.cpp,1630,uiSize <= sizeof(*pMonsterInfo)
00515e2b,00515cf0,C:\Projects\Wizardry 8\Local Code\LoadSaveGame.cpp,3300,uiSize <= sizeof(*&pStatus->Char[uiChar])
00515ec8,00515cf0,C:\Projects\Wizardry 8\Local Code\LoadSaveGame.cpp,3314,uiSize <= sizeof(*&pStatus->XChar[uiChar])
0051659d,00516580,C:\Projects\Wizardry 8\Local Code\LoadSaveGame.cpp,3507,pLure
0054c067,0054ba00,C:\Projects\Wizardry 8\Local Code\Magic Effects.cpp,450,SourceIsCharacter(&(pQueue->Source))
0054cd4b,0054cbf0,C:\Projects\Wizardry 8\Local Code\Magic Effects.cpp,782,pMonsterInfo
0054cc8b,0054cbf0,C:\Projects\Wizardry 8\Local Code\Magic Effects.cpp,793,fFound
0054ce04,0054cdd0,C:\Projects\Wizardry 8\Local Code\Magic Effects.cpp,809,gXStatus.fCombatMode
0054cfa8,0054cdd0,C:\Projects\Wizardry 8\Local Code\Magic Effects.cpp,835,pMonsterInfo
0054d122,0054d100,C:\Projects\Wizardry 8\Local Code\Magic Effects.cpp,900,gXStatus.fCombatMode
0054d28e,0054d100,C:\Projects\Wizardry 8\Local Code\Magic Effects.cpp,936,pMonsterInfo
0054d3ac,0054d380,C:\Projects\Wizardry 8\Local Code\Magic Effects.cpp,965,gXStatus.fCombatMode
0054d4fc,0054d380,C:\Projects\Wizardry 8\Local Code\Magic Effects.cpp,985,pMonsterInfo
0054d68f,0054d380,C:\Projects\Wizardry 8\Local Code\Magic Effects.cpp,1036,iChar != -1
0054d8cb,0054d380,C:\Projects\Wizardry 8\Local Code\Magic Effects.cpp,1086,pMonsterInfo
0054dcbb,0054dbe0,C:\Projects\Wizardry 8\Local Code\Magic Effects.cpp,1215,iChar != -1
0054de37,0054dbe0,C:\Projects\Wizardry 8\Local Code\Magic Effects.cpp,1241,pMonsterInfo
0054df86,0054df00,C:\Projects\Wizardry 8\Local Code\Magic Effects.cpp,1281,iChar != -1
0054e1f4,0054df00,C:\Projects\Wizardry 8\Local Code\Magic Effects.cpp,1369,pMonsterInfo
0054e497,0054e3f0,C:\Projects\Wizardry 8\Local Code\Magic Effects.cpp,1458,iChar != -1
0054e588,0054e3f0,C:\Projects\Wizardry 8\Local Code\Magic Effects.cpp,1481,pMonsterInfo
0054e688,0054e610,C:\Projects\Wizardry 8\Local Code\Magic Effects.cpp,1518,(pQueue->Target.iType == TARGET_TYPE_CHAR)
0054e9d9,0054e950,C:\Projects\Wizardry 8\Local Code\Magic Effects.cpp,1684,iChar != -1
0054eb3c,0054e950,C:\Projects\Wizardry 8\Local Code\Magic Effects.cpp,1709,pMonsterInfo
0054ed0d,0054ec80,C:\Projects\Wizardry 8\Local Code\Magic Effects.cpp,1768,iChar != -1
0054ee9f,0054ec80,C:\Projects\Wizardry 8\Local Code\Magic Effects.cpp,1797,pMonsterInfo
0054f131,0054ec80,C:\Projects\Wizardry 8\Local Code\Magic Effects.cpp,1849,pMonsterInfo
0054f206,0054ec80,C:\Projects\Wizardry 8\Local Code\Magic Effects.cpp,1886,iChar != -1
0054f33b,0054ec80,C:\Projects\Wizardry 8\Local Code\Magic Effects.cpp,1918,pMonsterInfo
0054f588,0054f520,C:\Projects\Wizardry 8\Local Code\Magic Effects.cpp,2017,iChar != -1
0054f6d1,0054f520,C:\Projects\Wizardry 8\Local Code\Magic Effects.cpp,2049,pMonsterInfo
0054fb1d,0054fa30,C:\Projects\Wizardry 8\Local Code\Magic Effects.cpp,2250,iChar != -1
0054fd6b,0054fa30,C:\Projects\Wizardry 8\Local Code\Magic Effects.cpp,2312,pMonsterInfo
0055031c,005500c0,C:\Projects\Wizardry 8\Local Code\Magic Effects.cpp,2572,pGroup
0054c1db,0054ba00,C:\Projects\Wizardry 8\Local Code\Magic Effects.cpp,2671,SourceIsCharacter(&(pQueue->Source))
005507fc,005500c0,C:\Projects\Wizardry 8\Local Code\Magic Effects.cpp,2685,SourceIsCharacter(&(pQueue->Source))
00550c7b,00550c10,C:\Projects\Wizardry 8\Local Code\Magic Effects.cpp,2847,iChar != -1
00550e03,00550c10,C:\Projects\Wizardry 8\Local Code\Magic Effects.cpp,2874,pMonsterInfo
00551130,005510b0,C:\Projects\Wizardry 8\Local Code\Magic Effects.cpp,2998,iChar != -1
0054bb51,0054ba00,C:\Projects\Wizardry 8\Local Code\Magic Effects.cpp,3339,FALSE
00550729,005500c0,C:\Projects\Wizardry 8\Local Code\Magic Effects.cpp,3339,FALSE
00551956,00551900,C:\Projects\Wizardry 8\Local Code\Magic Effects.cpp,3339,FALSE
005503f5,005500c0,C:\Projects\Wizardry 8\Local Code\Magic Effects.cpp,4060,pMonsterInfo
0055046a,005500c0,C:\Projects\Wizardry 8\Local Code\Magic Effects.cpp,4060,pMonsterInfo
005527fc,005526f0,C:\Projects\Wizardry 8\Local Code\Magic Effects.cpp,4463,0
00553092,00552ef0,C:\Projects\Wizardry 8\Local Code\Magic Effects.cpp,4519,pMonsterInfo
005539cd,00553910,C:\Projects\Wizardry 8\Local Code\Magic Effects.cpp,4746,0
004fabc0,004f9aa0,C:\Projects\Wizardry 8\Local Code\Magic.cpp,981,uiUsagePoints >= 2
004fb0f7,004faec0,C:\Projects\Wizardry 8\Local Code\Magic.cpp,1132,FALSE
004fb302,004faec0,C:\Projects\Wizardry 8\Local Code\Magic.cpp,1389,FALSE
004fbc1f,004fb360,C:\Projects\Wizardry 8\Local Code\Magic.cpp,1714,pSource->iType == SOURCE_TYPE_3D_POINT
004fcd9c,004fb360,C:\Projects\Wizardry 8\Local Code\Magic.cpp,2242,pSource->iType == SOURCE_TYPE_CHAR
004fcdc9,004fb360,C:\Projects\Wizardry 8\Local Code\Magic.cpp,2246,pSource->iType == SOURCE_TYPE_CHAR
004fd1e7,004fd030,C:\Projects\Wizardry 8\Local Code\Magic.cpp,2385,fVertextAvail
004fe763,004fe740,C:\Projects\Wizardry 8\Local Code\Magic.cpp,3063,!pSource->fBackfire
004fe90f,004fe740,C:\Projects\Wizardry 8\Local Code\Magic.cpp,3117,FALSE
004fea0f,004fe740,C:\Projects\Wizardry 8\Local Code\Magic.cpp,3154,FALSE
004fed84,004fea50,C:\Projects\Wizardry 8\Local Code\Magic.cpp,3332,FALSE
004feff7,004fef90,C:\Projects\Wizardry 8\Local Code\Magic.cpp,3456,pSource->iType == SOURCE_TYPE_MONSTER
004ff3d8,004ff3b0,C:\Projects\Wizardry 8\Local Code\Magic.cpp,3603,iProfession != -1
004ff621,004ff4b0,C:\Projects\Wizardry 8\Local Code\Magic.cpp,3603,iProfession != -1
004ffa57,004ff7f0,C:\Projects\Wizardry 8\Local Code\Magic.cpp,3603,iProfession != -1
004ffbba,004ff7f0,C:\Projects\Wizardry 8\Local Code\Magic.cpp,3881,(iHighestSkill != SKILL_NONE)
004fff85,004ffe70,C:\Projects\Wizardry 8\Local Code\Magic.cpp,4060,wTempMsg
00500095,00500060,C:\Projects\Wizardry 8\Local Code\Magic.cpp,4127,gpItemDB[pPCItem->iItemNo].ubSpellNumber != SPELL_NONE
0050044e,00500330,C:\Projects\Wizardry 8\Local Code\Magic.cpp,4287,( uiPowerLevel >= 1 ) && ( uiPowerLevel <= 7 )
00501182,005010f0,C:\Projects\Wizardry 8\Local Code\Magic.cpp,4851,FALSE
0050121b,005011c0,C:\Projects\Wizardry 8\Local Code\Magic.cpp,4889,FALSE
005018b7,00501880,C:\Projects\Wizardry 8\Local Code\Magic.cpp,5320,CanCharReBreathe(uiChar)
004fa9ae,004f9aa0,C:\Projects\Wizardry 8\Local Code\Magic.cpp,5352,FALSE
004ff6ed,004ff4b0,C:\Projects\Wizardry 8\Local Code\Magic.cpp,5352,FALSE
004ffb20,004ff7f0,C:\Projects\Wizardry 8\Local Code\Magic.cpp,5352,FALSE
0050193e,00501910,C:\Projects\Wizardry 8\Local Code\Magic.cpp,5352,FALSE
004fce6c,004fb360,C:\Projects\Wizardry 8\Local Code\Magic.cpp,5380,pOrigSource->iMonsterID != -1
00500c67,00500930,C:\Projects\Wizardry 8\Local Code\Magic.cpp,5380,pOrigSource->iMonsterID != -1
0053071a,00530560,C:\Projects\Wizardry 8\Local Code\MonsterAI.cpp,389,FALSE
00530875,00530560,C:\Projects\Wizardry 8\Local Code\MonsterAI.cpp,457,ubAIDecision != RT_AI_MODE_CHARGE_PARTY
0053102c,00530f10,C:\Projects\Wizardry 8\Local Code\MonsterAI.cpp,810,pMonsterInfo->ubDisposition != DISP_HOSTILE
0053177c,00531540,C:\Projects\Wizardry 8\Local Code\MonsterAI.cpp,1052,fSuccess
005305ba,00530560,C:\Projects\Wizardry 8\Local Code\MonsterAI.cpp,1145,pMonsterInfo
00530f4b,00530f10,C:\Projects\Wizardry 8\Local Code\MonsterAI.cpp,1145,pMonsterInfo
00531c36,00531c00,C:\Projects\Wizardry 8\Local Code\MonsterAI.cpp,1272,pMonsterInfo->fInCombat
00531d6d,00531ce0,C:\Projects\Wizardry 8\Local Code\MonsterAI.cpp,1385,pMonsterInfo->pCombat->plsCombatActionList != NULL
00531ffc,00531ce0,C:\Projects\Wizardry 8\Local Code\MonsterAI.cpp,1510,pTarget->iChar != BAD_INDEX
00532041,00531ce0,C:\Projects\Wizardry 8\Local Code\MonsterAI.cpp,1519,pTarget->iMonsterID != BAD_INDEX
005324d3,005324b0,C:\Projects\Wizardry 8\Local Code\MonsterAI.cpp,1840,pMonsterGroup
00534486,00534300,C:\Projects\Wizardry 8\Local Code\MonsterAI.cpp,1840,pMonsterGroup
00535715,005355d0,C:\Projects\Wizardry 8\Local Code\MonsterAI.cpp,1840,pMonsterGroup
005332dc,00533260,C:\Projects\Wizardry 8\Local Code\MonsterAI.cpp,2563,uiCastableSpellCnt > 0
0053439b,00534300,C:\Projects\Wizardry 8\Local Code\MonsterAI.cpp,3078,pMonsterGroup
00534585,00534300,C:\Projects\Wizardry 8\Local Code\MonsterAI.cpp,3078,pMonsterGroup
005347bc,005347a0,C:\Projects\Wizardry 8\Local Code\MonsterAI.cpp,3199,pMonsterGroup
0053565d,005355d0,C:\Projects\Wizardry 8\Local Code\MonsterAI.cpp,3199,pMonsterGroup
00534df7,00534dd0,C:\Projects\Wizardry 8\Local Code\MonsterAI.cpp,3524,pTargetMonsterGroup
00510168,005100b0,C:\Projects\Wizardry 8\Local Code\MonsterGroup.cpp,946,FALSE
00510199,00510180,C:\Projects\Wizardry 8\Local Code\MonsterGroup.cpp,957,pMonsterGroup != NULL
00510263,00510180,C:\Projects\Wizardry 8\Local Code\MonsterGroup.cpp,988,pMonsterGroup != NULL
0051186a,00511850,C:\Projects\Wizardry 8\Local Code\MonsterGroup.cpp,2091,pMonsterGroup
005119a9,00511990,C:\Projects\Wizardry 8\Local Code\MonsterGroup.cpp,2170,pMonsterGroup
004e41cf,004e3c70,C:\Projects\Wizardry 8\Local Code\MonsterManager.cpp,522,fSuccess
004e4185,004e3c70,C:\Projects\Wizardry 8\Local Code\MonsterManager.cpp,527,fSuccess
004e3be7,004e3af0,C:\Projects\Wizardry 8\Local Code\MonsterManager.cpp,642,pMonsterInfo
004e4f62,004e4db0,C:\Projects\Wizardry 8\Local Code\MonsterManager.cpp,642,pMonsterInfo
004e4619,004e4600,C:\Projects\Wizardry 8\Local Code\MonsterManager.cpp,759,pMonsterInfo != NULL
004e4815,004e46f0,C:\Projects\Wizardry 8\Local Code\MonsterManager.cpp,852,(iKilledByPC == BAD_INDEX) || VALID_CHAR(iKilledByPC)
004e48f5,004e46f0,C:\Projects\Wizardry 8\Local Code\MonsterManager.cpp,897,pKillerMonsterInfo != NULL
004e4e6a,004e4db0,C:\Projects\Wizardry 8\Local Code\MonsterManager.cpp,1175,FALSE
004e4ea0,004e4db0,C:\Projects\Wizardry 8\Local Code\MonsterManager.cpp,1188,FALSE
004e5608,004e52c0,C:\Projects\Wizardry 8\Local Code\MonsterManager.cpp,1473,FALSE
004e3ee0,004e3c70,C:\Projects\Wizardry 8\Local Code\MonsterManager.cpp,1513,pMonsterInfo != NULL
004e4710,004e46f0,C:\Projects\Wizardry 8\Local Code\MonsterManager.cpp,1513,pMonsterInfo != NULL
004e5d1e,004e5d00,C:\Projects\Wizardry 8\Local Code\MonsterManager.cpp,1513,pMonsterInfo != NULL
004e63b3,004e6370,C:\Projects\Wizardry 8\Local Code\MonsterManager.cpp,1513,pMonsterInfo != NULL
004e64da,004e6370,C:\Projects\Wizardry 8\Local Code\MonsterManager.cpp,1513,pMonsterInfo != NULL
004e3f05,004e3c70,C:\Projects\Wizardry 8\Local Code\MonsterManager.cpp,1523,uiMonsterSpecies < MAX_MONSTERS_IN_DATABASE
004e4735,004e46f0,C:\Projects\Wizardry 8\Local Code\MonsterManager.cpp,1523,uiMonsterSpecies < MAX_MONSTERS_IN_DATABASE
004e57df,004e57c0,C:\Projects\Wizardry 8\Local Code\MonsterManager.cpp,1523,uiMonsterSpecies < MAX_MONSTERS_IN_DATABASE
004e58f1,004e58b0,C:\Projects\Wizardry 8\Local Code\MonsterManager.cpp,1523,uiMonsterSpecies < MAX_MONSTERS_IN_DATABASE
004e5b6f,004e5b50,C:\Projects\Wizardry 8\Local Code\MonsterManager.cpp,1523,uiMonsterSpecies < MAX_MONSTERS_IN_DATABASE
004e5d43,004e5d00,C:\Projects\Wizardry 8\Local Code\MonsterManager.cpp,1523,uiMonsterSpecies < MAX_MONSTERS_IN_DATABASE
004e63d8,004e6370,C:\Projects\Wizardry 8\Local Code\MonsterManager.cpp,1523,uiMonsterSpecies < MAX_MONSTERS_IN_DATABASE
004e64ff,004e6370,C:\Projects\Wizardry 8\Local Code\MonsterManager.cpp,1523,uiMonsterSpecies < MAX_MONSTERS_IN_DATABASE
004e589d,004e5840,C:\Projects\Wizardry 8\Local Code\MonsterManager.cpp,1574,FALSE
004e5b0c,004e5af0,C:\Projects\Wizardry 8\Local Code\MonsterManager.cpp,1721,pMonsterInfo
004e5dae,004e5d00,C:\Projects\Wizardry 8\Local Code\MonsterManager.cpp,1933,uiMonsterAttribute < MONSTER_ATTR_COUNT
004e5df7,004e5d00,C:\Projects\Wizardry 8\Local Code\MonsterManager.cpp,1944,FALSE
004e603a,004e6020,C:\Projects\Wizardry 8\Local Code\MonsterManager.cpp,2139,pMonsterInfo
004e6149,004e60b0,C:\Projects\Wizardry 8\Local Code\MonsterManager.cpp,2232,pMonsterInfo
00509e15,00509cd0,C:\Projects\Wizardry 8\Local Code\NPC Manager.cpp,404,pNode
0050a109,00509fc0,C:\Projects\Wizardry 8\Local Code\NPC Manager.cpp,535,uiSize <= sizeof(*pNode->pPCData)
0050bf62,0050bc90,C:\Projects\Wizardry 8\Local Code\NPC Manager.cpp,1956,pNPC
0050ba9a,0050b9e0,C:\Projects\Wizardry 8\Local Code\NPC Manager.cpp,1975,pNPC
0050d503,0050d480,C:\Projects\Wizardry 8\Local Code\NPC Manager.cpp,3052,pNPC
005067d3,00506670,C:\Projects\Wizardry 8\Local Code\NPC Scripting Facts.cpp,1556,pNPC
00506d41,00506670,C:\Projects\Wizardry 8\Local Code\NPC Scripting Facts.cpp,1590,pNPC
00506d7e,00506670,C:\Projects\Wizardry 8\Local Code\NPC Scripting Facts.cpp,1600,pTrigger
00527264,00526e90,C:\Projects\Wizardry 8\Local Code\NPC Scripting.cpp,1974,pDoor
0051ba1a,0051ba00,C:\Projects\Wizardry 8\Local Code\PC Item.cpp,376,gStatus.fItemInCursor
0051baa8,0051ba00,C:\Projects\Wizardry 8\Local Code\PC Item.cpp,404,gStatus.fGameStarted
0051badc,0051ba00,C:\Projects\Wizardry 8\Local Code\PC Item.cpp,405,fCHAR_OCCUPIED(uiChar)
0051c057,0051c020,C:\Projects\Wizardry 8\Local Code\PC Item.cpp,564,uiItemNo < gXStatus.uiItemsInDatabase
0051c1d6,0051c020,C:\Projects\Wizardry 8\Local Code\PC Item.cpp,578,uiMAX_DICE(pMulti) < 256
0051c22e,0051c020,C:\Projects\Wizardry 8\Local Code\PC Item.cpp,599,FALSE
0051d77a,0051d610,C:\Projects\Wizardry 8\Local Code\PC Item.cpp,1832,uiSpell != SPELL_NONE
0051d715,0051d610,C:\Projects\Wizardry 8\Local Code\PC Item.cpp,1844,uiSpell != SPELL_NONE
0051e717,0051dde0,C:\Projects\Wizardry 8\Local Code\PC Item.cpp,2356,FALSE
0051ebee,0051e9f0,C:\Projects\Wizardry 8\Local Code\PC Item.cpp,2642,pPCItem->iItemNo != -1
00520b9b,00520b40,C:\Projects\Wizardry 8\Local Code\PC Item.cpp,2875,pPCItem
0051f99c,0051f8d0,C:\Projects\Wizardry 8\Local Code\PC Item.cpp,3371,FALSE
0051fd4b,0051fd20,C:\Projects\Wizardry 8\Local Code\PC Item.cpp,3516,(pPCItem1->iItemNo != -1) || (pPCItem2->iItemNo != -1)
005205ca,005205b0,C:\Projects\Wizardry 8\Local Code\PC Item.cpp,3795,gStatus.fGameStarted
00520a8c,00520a70,C:\Projects\Wizardry 8\Local Code\PC Item.cpp,4113,pPCItem
005222e9,005222d0,C:\Projects\Wizardry 8\Local Code\PC Item.cpp,5403,pPCItem != NULL
004f2062,004f2040,C:\Projects\Wizardry 8\Local Code\RegionManager.cpp,470,uiRegionIndex < guiRegionCount
004f21ff,004f21e0,C:\Projects\Wizardry 8\Local Code\RegionManager.cpp,555,uiRegionSetIndex < guiRegsetCount
004f223f,004f2220,C:\Projects\Wizardry 8\Local Code\RegionManager.cpp,564,uiRegionSetIndex < guiRegsetCount
004f239f,004f22f0,C:\Projects\Wizardry 8\Local Code\RegionManager.cpp,601,uiRegionIndex < guiRegionCount
004f23ef,004f23d0,C:\Projects\Wizardry 8\Local Code\RegionManager.cpp,610,uiRegionIndex < guiRegionCount
004f243f,004f2420,C:\Projects\Wizardry 8\Local Code\RegionManager.cpp,637,uiRegionIndex < guiRegionCount
004f24af,004f2490,C:\Projects\Wizardry 8\Local Code\RegionManager.cpp,676,uiRegionIndex < guiRegionCount
004f256f,004f2550,C:\Projects\Wizardry 8\Local Code\RegionManager.cpp,710,uiRegionIndex < guiRegionCount
004f28a6,004f2880,C:\Projects\Wizardry 8\Local Code\RegionManager.cpp,1159,guiRegsetCount <= REGSET_LIMIT
004f28ff,004f28e0,C:\Projects\Wizardry 8\Local Code\RegionManager.cpp,1184,uiRegionSet < guiRegsetCount
004f29df,004f29c0,C:\Projects\Wizardry 8\Local Code\RegionManager.cpp,1247,uiRegionIndex <= guiRegionCount
004f2a4f,004f2a30,C:\Projects\Wizardry 8\Local Code\RegionManager.cpp,1286,uiRegionIndex <= guiRegionCount
004f2bcf,004f2bb0,C:\Projects\Wizardry 8\Local Code\RegionManager.cpp,1368,uiRegionIndex <= guiRegionCount
004f2c0f,004f2bf0,C:\Projects\Wizardry 8\Local Code\RegionManager.cpp,1375,uiRegionIndex <= guiRegionCount
00516e5b,00516e20,C:\Projects\Wizardry 8\Local Code\search.cpp,293,pSearchable
00516f3b,00516f00,C:\Projects\Wizardry 8\Local Code\search.cpp,337,pSearchable
00504a1c,005049c0,C:\Projects\Wizardry 8\Local Code\Sight.cpp,94,flViewingDistance > 0
00504d2b,005049c0,C:\Projects\Wizardry 8\Local Code\Sight.cpp,155,fFoundMissileVertex
00504d6b,005049c0,C:\Projects\Wizardry 8\Local Code\Sight.cpp,163,fFoundSpellVertex
00505065,005049c0,C:\Projects\Wizardry 8\Local Code\Sight.cpp,233,pNPC != NULL
0050540a,005049c0,C:\Projects\Wizardry 8\Local Code\Sight.cpp,347,pNPC != NULL
0050566e,005049c0,C:\Projects\Wizardry 8\Local Code\Sight.cpp,501,fFoundMissileVertex
005056ad,005049c0,C:\Projects\Wizardry 8\Local Code\Sight.cpp,509,fFoundSpellVertex
00505a73,00505a40,C:\Projects\Wizardry 8\Local Code\Sight.cpp,780,flViewingDistance > 0
005361c6,00536170,C:\Projects\Wizardry 8\Local Code\Targeting.cpp,108,pTarget->iChar != BAD_INDEX
00536230,00536170,C:\Projects\Wizardry 8\Local Code\Targeting.cpp,117,pTarget->iChar != BAD_INDEX
005363b7,00536170,C:\Projects\Wizardry 8\Local Code\Targeting.cpp,180,pTarget->pPCItem != NULL
00537936,00537780,C:\Projects\Wizardry 8\Local Code\Targeting.cpp,843,FALSE
0053842f,005383e0,C:\Projects\Wizardry 8\Local Code\Targeting.cpp,1177,pSortBuffer != NULL
00539301,005392e0,C:\Projects\Wizardry 8\Local Code\Targeting.cpp,1765,uiGroupID != BAD_INDEX
00538c97,00538c00,C:\Projects\Wizardry 8\Local Code\Targeting.cpp,1888,pMonster
00539672,00539630,C:\Projects\Wizardry 8\Local Code\Targeting.cpp,1888,pMonster
0053ab62,0053a930,C:\Projects\Wizardry 8\Local Code\Targeting.cpp,1888,pMonster
0053ace1,0053ac30,C:\Projects\Wizardry 8\Local Code\Targeting.cpp,1888,pMonster
0053adac,0053ac30,C:\Projects\Wizardry 8\Local Code\Targeting.cpp,1888,pMonster
0053988c,00539870,C:\Projects\Wizardry 8\Local Code\Targeting.cpp,2040,pMonsterInfo
0053996e,005398d0,C:\Projects\Wizardry 8\Local Code\Targeting.cpp,2040,pMonsterInfo
00539b20,00539a30,C:\Projects\Wizardry 8\Local Code\Targeting.cpp,2132,pSource->iType == SOURCE_TYPE_3D_POINT
0053b8e5,0053b660,C:\Projects\Wizardry 8\Local Code\Targeting.cpp,3119,FALSE
00536be1,00536ad0,C:\Projects\Wizardry 8\Local Code\Targeting.cpp,3163,FALSE
00537037,00536f60,C:\Projects\Wizardry 8\Local Code\Targeting.cpp,3163,FALSE
00537433,00537380,C:\Projects\Wizardry 8\Local Code\Targeting.cpp,3163,FALSE
005388eb,005387f0,C:\Projects\Wizardry 8\Local Code\Targeting.cpp,3163,FALSE
0053b9ed,0053b920,C:\Projects\Wizardry 8\Local Code\Targeting.cpp,3163,FALSE
0053bb6a,0053ba20,C:\Projects\Wizardry 8\Local Code\Targeting.cpp,3163,FALSE
0053bdc7,0053bc10,C:\Projects\Wizardry 8\Local Code\Targeting.cpp,3163,FALSE
0053cc1c,0053c920,C:\Projects\Wizardry 8\Local Code\Targeting.cpp,3163,FALSE
0053bbb6,0053ba20,C:\Projects\Wizardry 8\Local Code\Targeting.cpp,3207,FALSE
0053cc76,0053c920,C:\Projects\Wizardry 8\Local Code\Targeting.cpp,3207,FALSE
00536e6b,00536ad0,C:\Projects\Wizardry 8\Local Code\Targeting.cpp,3273,pSource != NULL
00537cd3,00537b00,C:\Projects\Wizardry 8\Local Code\Targeting.cpp,3273,pSource != NULL
00537e59,00537d20,C:\Projects\Wizardry 8\Local Code\Targeting.cpp,3273,pSource != NULL
00538014,00537d20,C:\Projects\Wizardry 8\Local Code\Targeting.cpp,3273,pSource != NULL
00538ead,00538e00,C:\Projects\Wizardry 8\Local Code\Targeting.cpp,3273,pSource != NULL
0053a5aa,0053a440,C:\Projects\Wizardry 8\Local Code\Targeting.cpp,3273,pSource != NULL
0053a9fe,0053a930,C:\Projects\Wizardry 8\Local Code\Targeting.cpp,3273,pSource != NULL
0053b53e,0053b310,C:\Projects\Wizardry 8\Local Code\Targeting.cpp,3273,pSource != NULL
0053b741,0053b660,C:\Projects\Wizardry 8\Local Code\Targeting.cpp,3273,pSource != NULL
0053be1a,0053be00,C:\Projects\Wizardry 8\Local Code\Targeting.cpp,3273,pSource != NULL
0053d153,0053d010,C:\Projects\Wizardry 8\Local Code\Targeting.cpp,3273,pSource != NULL
0053903b,00538e00,C:\Projects\Wizardry 8\Local Code\Targeting.cpp,3285,pSource != NULL
0053be6a,0053be50,C:\Projects\Wizardry 8\Local Code\Targeting.cpp,3285,pSource != NULL
00539a57,00539a30,C:\Projects\Wizardry 8\Local Code\Targeting.cpp,3299,pSource->iChar != BAD_INDEX
0053bec2,0053bea0,C:\Projects\Wizardry 8\Local Code\Targeting.cpp,3299,pSource->iChar != BAD_INDEX
0053c342,0053c320,C:\Projects\Wizardry 8\Local Code\Targeting.cpp,3299,pSource->iChar != BAD_INDEX
0053c412,0053c3f0,C:\Projects\Wizardry 8\Local Code\Targeting.cpp,3299,pSource->iChar != BAD_INDEX
0053beff,0053bea0,C:\Projects\Wizardry 8\Local Code\Targeting.cpp,3307,pSource->fBackfire || pSource->fReflection
0053c37a,0053c320,C:\Projects\Wizardry 8\Local Code\Targeting.cpp,3307,pSource->fBackfire || pSource->fReflection
0053c448,0053c3f0,C:\Projects\Wizardry 8\Local Code\Targeting.cpp,3307,pSource->fBackfire || pSource->fReflection
0053bf32,0053bf10,C:\Projects\Wizardry 8\Local Code\Targeting.cpp,3320,pSource->iMonsterID != BAD_INDEX
0053c3a1,0053c320,C:\Projects\Wizardry 8\Local Code\Targeting.cpp,3320,pSource->iMonsterID != BAD_INDEX
0053bf6f,0053bf10,C:\Projects\Wizardry 8\Local Code\Targeting.cpp,3328,pSource->fBackfire || pSource->fReflection
0053c3d6,0053c320,C:\Projects\Wizardry 8\Local Code\Targeting.cpp,3328,pSource->fBackfire || pSource->fReflection
0053c619,0053c490,C:\Projects\Wizardry 8\Local Code\Targeting.cpp,3577,FALSE
0053c885,0053c720,C:\Projects\Wizardry 8\Local Code\Targeting.cpp,3756,pMonsterInfo->uiHPMax > 0
005e3861,005e3800,C:\Projects\Wizardry 8\Local Code\Traps.cpp,148,iNumTargets > 0
00517c87,00517bd0,C:\Projects\Wizardry 8\Local Code\UtilityFunctions.cpp,315,_finite(flAngle)
00518349,00518310,C:\Projects\Wizardry 8\Local Code\UtilityFunctions.cpp,901,FALSE
00548fa7,00548f90,C:\Projects\Wizardry 8\Local Code\VideoObjectManager.cpp,45,VideoObjectsInitialized()
00549080,00548f90,C:\Projects\Wizardry 8\Local Code\VideoObjectManager.cpp,62,fReturnCode
0054900a,00548f90,C:\Projects\Wizardry 8\Local Code\VideoObjectManager.cpp,221,VideoObjectsInitialized()
00549557,00549420,C:\Projects\Wizardry 8\Local Code\VideoObjectManager.cpp,221,VideoObjectsInitialized()
005496ba,00549660,C:\Projects\Wizardry 8\Local Code\VideoObjectManager.cpp,221,VideoObjectsInitialized()
0054975a,00549700,C:\Projects\Wizardry 8\Local Code\VideoObjectManager.cpp,221,VideoObjectsInitialized()
00549995,00549950,C:\Projects\Wizardry 8\Local Code\VideoObjectManager.cpp,221,VideoObjectsInitialized()
005493aa,00549390,C:\Projects\Wizardry 8\Local Code\VideoObjectManager.cpp,230,VideoObjectsInitialized()
005493fa,00549390,C:\Projects\Wizardry 8\Local Code\VideoObjectManager.cpp,242,VideoObjectsInitialized()
0054980f,005497c0,C:\Projects\Wizardry 8\Local Code\VideoObjectManager.cpp,413,VideoObjectsInitialized()
00581808,005817d0,C:\Projects\Wizardry 8\Local Screens\AutomapScreen.cpp,2229,gpAMSV
00583bfb,00583bc0,C:\Projects\Wizardry 8\Local Screens\AutomapScreen.cpp,3333,gpstAutomapButtons
005c87d4,005c87b0,C:\Projects\Wizardry 8\Local Screens\CGSSpellsPage.cpp,594,m_SpellData[uiSelected].fSelectable
005c9374,005c9310,C:\Projects\Wizardry 8\Local Screens\CGSStatsPage.cpp,470,usItemsInList
005ae675,005ae510,C:\Projects\Wizardry 8\Local Screens\IntroScreen.cpp,98,gpVideo
00560637,0055f8c0,C:\Projects\Wizardry 8\Local Screens\MainGameScreen.cpp,4167,iNextChar != BAD_INDEX
00567ad8,00567800,C:\Projects\Wizardry 8\Local Screens\MainGameScreen.cpp,5851,gStatus.iSelectedCharacter != -1
0056b164,0056af80,C:\Projects\Wizardry 8\Local Screens\MainGameScreen.cpp,8317,FALSE
0056b1c4,0056af80,C:\Projects\Wizardry 8\Local Screens\MainGameScreen.cpp,8362,iActionState != -1
0056b44f,0056af80,C:\Projects\Wizardry 8\Local Screens\MainGameScreen.cpp,8529,FALSE
005bc98d,005bc810,C:\Projects\Wizardry 8\Local Screens\MainMenuScreen.cpp,135,gXStatus.uiMonstersInDatabase <= MAX_MONSTERS_IN_DATABASE
005963fa,005963e0,C:\Projects\Wizardry 8\Local Screens\MGSButtons.cpp,1615,gpSubMenuPanel
005a1f98,005a1eb0,C:\Projects\Wizardry 8\Local Screens\MGSPartyMovement.cpp,681,FALSE
0059b9c5,0059b940,C:\Projects\Wizardry 8\Local Screens\MGSPortraits.cpp,2272,gpLevelButtonsPanel
0059ba70,0059b940,C:\Projects\Wizardry 8\Local Screens\MGSPortraits.cpp,2295,gpLevelButtons[uiSlot]
0059bcd6,0059bca0,C:\Projects\Wizardry 8\Local Screens\MGSPortraits.cpp,2440,fCHAR_OCCUPIED(giLevelUpChar)
0059be35,0059bdb0,C:\Projects\Wizardry 8\Local Screens\MGSPortraits.cpp,2523,gpConditionButtonsPanel
0059beee,0059bdb0,C:\Projects\Wizardry 8\Local Screens\MGSPortraits.cpp,2540,gpConditionButtons[uiSlot]
0059bfda,0059bfc0,C:\Projects\Wizardry 8\Local Screens\MGSPortraits.cpp,2572,gConfig.uiCurrentLayout != LAYOUT_NORMAL
0059f9f0,0059f710,C:\Projects\Wizardry 8\Local Screens\MGSSpellCasting.cpp,771,gpSCSV->uiSpellToCast != SPELL_NONE
005a11ef,005a1150,C:\Projects\Wizardry 8\Local Screens\MGSSpellCasting.cpp,2100,iSpellPowerClass != BAD_INDEX
005aee2a,005aed90,C:\Projects\Wizardry 8\Local Screens\MGSSpellIcons.cpp,348,pText
005af39a,005af2d0,C:\Projects\Wizardry 8\Local Screens\MGSSpellIcons.cpp,737,pText
005af4b0,005af410,C:\Projects\Wizardry 8\Local Screens\MGSSpellIcons.cpp,781,pText
0058ac6b,0058ac00,C:\Projects\Wizardry 8\Local Screens\MGSTextBox.cpp,348,uiFontPaletteIndex <= FONT_PALETTE_COUNT
0058b396,0058af60,C:\Projects\Wizardry 8\Local Screens\MGSTextBox.cpp,547,pTextLine->wString != NULL
0058b431,0058b410,C:\Projects\Wizardry 8\Local Screens\MGSTextBox.cpp,583,ubStopChar >= ubStartChar
0058b4b6,0058b410,C:\Projects\Wizardry 8\Local Screens\MGSTextBox.cpp,609,gStatus.uiTextBoxLinesUsed[iTextBuffer] > 0
0058b4f9,0058b410,C:\Projects\Wizardry 8\Local Screens\MGSTextBox.cpp,611,pTextLine->wString != NULL
0058b54c,0058b410,C:\Projects\Wizardry 8\Local Screens\MGSTextBox.cpp,631,gStatus.uiTextBoxLinesUsed[iTextBuffer] >= 2
0058b624,0058b5f0,C:\Projects\Wizardry 8\Local Screens\MGSTextBox.cpp,677,gStatus.uiTextBoxLinesShown[iTextBuffer] < MAX_TEXT_BOX_LINES
0058c685,0058c3a0,C:\Projects\Wizardry 8\Local Screens\MGSTextBox.cpp,1085,pTextLine->wString != NULL
0058d2dd,0058d2c0,C:\Projects\Wizardry 8\Local Screens\MGSTextBox.cpp,1412,pTextLine->wString != NULL
0058d4e7,0058d2c0,C:\Projects\Wizardry 8\Local Screens\MGSTextBox.cpp,1498,pTextLine->ubStopChar >= pTextLine->ubStartChar
0058d5f5,0058d2c0,C:\Projects\Wizardry 8\Local Screens\MGSTextBox.cpp,1519,wcslen(pTextLine->wString) >= pTextLine->ubStopChar
005906c7,005905f0,C:\Projects\Wizardry 8\Local Screens\MGSTextBox.cpp,3986,gStatus.uiTextBoxLinesUsed[iTextBuffer] > 0
00590709,005905f0,C:\Projects\Wizardry 8\Local Screens\MGSTextBox.cpp,3988,pTextLine->wString != NULL
00590839,005905f0,C:\Projects\Wizardry 8\Local Screens\MGSTextBox.cpp,4009,gStatus.uiTextBoxLinesShown[iTextBuffer] > 0
005908be,005905f0,C:\Projects\Wizardry 8\Local Screens\MGSTextBox.cpp,4029,pTextLine->wString != NULL
00590c5e,00590bd0,C:\Projects\Wizardry 8\Local Screens\MGSTextBox.cpp,4254,gStatus.uiTextBoxLinesUsed[iTextBuffer] > 0
00590ca2,00590bd0,C:\Projects\Wizardry 8\Local Screens\MGSTextBox.cpp,4262,uiLastLineIndex >= uiGroupLine
00590cec,00590bd0,C:\Projects\Wizardry 8\Local Screens\MGSTextBox.cpp,4269,pTextLine->wString != NULL
0059e12b,0059e0f0,C:\Projects\Wizardry 8\Local Screens\MGSUseItemSelect.cpp,1729,giUseItemChar != BAD_INDEX
00579a22,00579900,C:\Projects\Wizardry 8\Local Screens\mipe.cpp,1765,pMonsterInfo && pMonsterInfo->p3D
0057aac3,0057a800,C:\Projects\Wizardry 8\Local Screens\mipe.cpp,2596,pMongen
0057d843,0057d740,C:\Projects\Wizardry 8\Local Screens\mipe.cpp,3749,pTempMonsterDB
0057d891,0057d740,C:\Projects\Wizardry 8\Local Screens\mipe.cpp,3755,pMonRec
0057de84,0057dc20,C:\Projects\Wizardry 8\Local Screens\mipe.cpp,4330,pMonsterInfo
0057df58,0057dc20,C:\Projects\Wizardry 8\Local Screens\mipe.cpp,4366,pMonsterInfo
005c435c,005c4340,C:\Projects\Wizardry 8\Local Screens\mipeEdit.cpp,522,bVarSet < NUM_VAR_SETS
005a8f14,005a8ed0,C:\Projects\Wizardry 8\Local Screens\OptionsScreen.cpp,1481,m_pMenuSet
005b665c,005b6630,C:\Projects\Wizardry 8\Local Screens\RCSCommon.cpp,2184,fCHAR_OCCUPIED(giReviewCharSlot)
005b697b,005b6950,C:\Projects\Wizardry 8\Local Screens\RCSCommon.cpp,2314,fCHAR_OCCUPIED(giReviewCharSlot)
005b6d4f,005b6d20,C:\Projects\Wizardry 8\Local Screens\RCSCommon.cpp,2476,gStatus.XChar[uiSlot].fOccupied
005b9ff9,005b9fd0,C:\Projects\Wizardry 8\Local Screens\RCSItemsPage.cpp,1348,FALSE
005bad91,005bad20,C:\Projects\Wizardry 8\Local Screens\RCSItemsPage.cpp,1891,pItem
005bbdb5,005bbd30,C:\Projects\Wizardry 8\Local Screens\RCSItemsPage.cpp,2682,ubSpell != SPELL_NONE
005a38e4,005a3520,C:\Projects\Wizardry 8\Local Screens\ReviewCharacterScreen.cpp,367,fFoundEquipChar
0055f09c,0055f080,C:\Projects\Wizardry 8\Local Screens\Screens.cpp,397,gXStatus.iCurrentCursor != -1
