container,role,source_kind,member_path,sha256,size,scan_status,linker_version,toolchain_inference,configuration_inference,inference_evidence,record_count
CosmicForge_UNICODE.rar,unassigned,container-member,CFAgent.dll,47aea7af79348dfa4862ee95ebced0a1636b78dcc8f5dbd2ea3fae57fb445b75,147456,scanned,6.0,Microsoft Visual C++ / LINK (strong PE evidence),unknown,,1
CosmicForge_UNICODE.rar,unassigned,container-member,CFInjector.exe,b0778c4f81cb91b1eda6e69e5f71fea82dbc61229ecfb116195cfed14e38cc73,66048,scanned,11.0,Microsoft Visual C++ / LINK (strong PE evidence),unknown,,0
CosmicForge_UNICODE.rar,unassigned,container-member,CosmicForgeU.exe,404aa27cac6bd9270cfaa8fca5958971079303f652d9bee5b6d423ce5c807c2a,8640000,scanned,11.0,Microsoft Visual C++ / LINK (strong PE evidence),unknown,,10
setup_wizardry_8_2001_12_23_(22306).exe,gog-media,container-member,3DfxSpl.dll,1ee8b2b4963b95f600ac683907778304f75c559aa6831a3f203efafc8d67d45a,1105408,scanned,5.10,Microsoft Visual C++ / LINK (strong PE evidence),unknown,,2
setup_wizardry_8_2001_12_23_(22306).exe,gog-media,container-member,3DfxSpl2.dll,262c70749ac24b4d3691e39767d3e01b5b4957b9b82768186e5faa58f395ceba,1105408,scanned,5.10,Microsoft Visual C++ / LINK (strong PE evidence),unknown,,2
setup_wizardry_8_2001_12_23_(22306).exe,gog-media,container-member,3DfxSpl3.dll,e282bcba9e04ac9a898ae353f93573fa7f94eb5a4e0bc0c25933c3b702bb269e,1105408,scanned,5.10,Microsoft Visual C++ / LINK (strong PE evidence),unknown,,2
setup_wizardry_8_2001_12_23_(22306).exe,gog-media,container-member,3DSetup.exe,b440ee06a3aa03c4fa301dcaba6875a61488f0dee3d06386b721f4cbe0c11473,102454,scanned,6.0,Microsoft Visual C++ 6.x-era toolchain (strong PE evidence),release,artifact path contains a Release component,1
setup_wizardry_8_2001_12_23_(22306).exe,gog-media,input-container,<container>,48e31728ef2615f4e1ee3e34c901feec8ea428a474fc9c7386cc11018311a68d,1414563528,scanned,2.25,unknown,unknown,,0
setup_wizardry_8_2001_12_23_(22306).exe,gog-media,container-member,__redist/ISI/scriptinterpreter.exe,c691bda1709d1ee66e1d5a27f9a254e26c0575eef187cad3d1e90de40d1aea43,1156400,scanned,2.25,unknown,unknown,,0
setup_wizardry_8_2001_12_23_(22306).exe,gog-media,container-member,binkw32.dll,1fd7ef7873c8a3be7e2f127b306d0d24d7d88e20cf9188894eff87b5af0d495f,286208,scanned,6.0,Microsoft Visual C++ / LINK (strong PE evidence),unknown,,0
setup_wizardry_8_2001_12_23_(22306).exe,gog-media,container-member,commonappdata/GOG.com/supportInstaller/uninstall.dll,cc685dbcf798549ad1a51c1dde45462e2a451ec59f48ee91219182a3871cd5b0,708096,scanned,2.25,unknown,unknown,,0
setup_wizardry_8_2001_12_23_(22306).exe,gog-media,container-member,Dll/srDD_DirectX6.dll,2968987f843f1e1b228b2ff322923e5ac215095a3cb41877b169f01820f8f316,86096,scanned,6.0,Microsoft Visual C++ (strong PE evidence),release,artifact path contains a Release component,1
setup_wizardry_8_2001_12_23_(22306).exe,gog-media,container-member,Dll/srDD_DirectX7.dll,3623f1cb66cd50b7141b49f82100a8ffa1fd3c53ddebc7093bfddeb148cbf8e9,94283,scanned,6.0,Microsoft Visual C++ (strong PE evidence),release,artifact path contains a Release component,1
setup_wizardry_8_2001_12_23_(22306).exe,gog-media,container-member,Dll/srDD_Glide2x.dll,e19987fb5bc9abcceadf4ad64bf108ac2f95d10b520d8de294d9b10466ca1d11,69705,scanned,6.0,Microsoft Visual C++ (strong PE evidence),release,artifact path contains a Release component,1
setup_wizardry_8_2001_12_23_(22306).exe,gog-media,container-member,Dll/srDD_OpenGL.dll,a176aa711039aebbfe33eb5d48e082dcd608835eeebd2a69ead9b455400afc8c,36953,scanned,6.0,Microsoft Visual C++ (strong PE evidence),release,artifact path contains a Release component,1
setup_wizardry_8_2001_12_23_(22306).exe,gog-media,container-member,Dll/srDD_Software.dll,8866a254569f61022b857628380171dff018939376c02965741635421d0c79f8,127051,scanned,6.0,Microsoft Visual C++ (strong PE evidence),release,artifact path contains a Release component,1
setup_wizardry_8_2001_12_23_(22306).exe,gog-media,container-member,Dll/srEXT_AVI.dll,9d27a6698693fb6b244951166d873a1f1a102213f5832d60379234176bd0eb07,24650,scanned,6.0,Microsoft Visual C++ 6.x-era toolchain (strong PE evidence),release,artifact path contains a Release component,1
setup_wizardry_8_2001_12_23_(22306).exe,gog-media,container-member,Dll/srEXT_default.dll,e2a9d1e7f11e0927b7bacfe058a7113b234f0aded92f4c5fecfb23cf86ead7f8,57426,scanned,6.0,Microsoft Visual C++ 6.x-era toolchain (strong PE evidence),release,artifact path contains a Release component,1
setup_wizardry_8_2001_12_23_(22306).exe,gog-media,container-member,Dll/srEXT_FLIC.dll,3ce83b9944f4d26f027c5b322a5dbea97cfe6339a7298b25914f67f35ccfd281,28748,scanned,6.0,Microsoft Visual C++ 6.x-era toolchain (strong PE evidence),release,artifact path contains a Release component,1
setup_wizardry_8_2001_12_23_(22306).exe,gog-media,container-member,Dll/srEXT_HTTP.dll,ade27ce64a7af1824aeb5ba65f908bab56344311cd8f45c0c65edde02d1d87af,24652,scanned,6.0,Microsoft Visual C++ (strong PE evidence),release,artifact path contains a Release component,1
setup_wizardry_8_2001_12_23_(22306).exe,gog-media,container-member,Dll/srEXT_Inspector.dll,6bc2949d6c9bca35ecc37e8f4f98ed36886a075f00d69ae86687d38f682387a1,45142,scanned,6.0,Microsoft Visual C++ 6.x-era toolchain (strong PE evidence),release,artifact path contains a Release component,1
setup_wizardry_8_2001_12_23_(22306).exe,gog-media,container-member,Dll/srEXT_JPEGImporter.dll,0bf545937bd86ce2195c08b6dbf6b70e1a1071a9fce449ccb9f06dfa384de490,118876,scanned,6.0,Microsoft Visual C++ 6.x-era toolchain (strong PE evidence),release,artifact path contains a Release component,1
setup_wizardry_8_2001_12_23_(22306).exe,gog-media,container-member,Dll/srEXT_LWOImporter.dll,a681095372decd2639d0ea14bdbadb362b7aeac04f137dc1558856212479932a,57434,scanned,6.0,Microsoft Visual C++ 6.x-era toolchain (strong PE evidence),release,artifact path contains a Release component,1
setup_wizardry_8_2001_12_23_(22306).exe,gog-media,container-member,Dll/srEXT_MPEG.dll,42344e67d5de0b962652677d70891402dae16b0f39979693539867f779455ecd,77900,scanned,6.0,Microsoft Visual C++ 6.x-era toolchain (strong PE evidence),release,artifact path contains a Release component,1
setup_wizardry_8_2001_12_23_(22306).exe,gog-media,container-member,Dll/srEXT_Unzip.dll,dba6cdc5741ae57574e019ab8f37935362bc288bee738bc711460f34d7647f62,102400,scanned,6.0,Microsoft Visual C++ (strong PE evidence),unknown,,0
setup_wizardry_8_2001_12_23_(22306).exe,gog-media,container-member,Dll/srHXImporter.dll,db83029ad30f8df5dd425e586a1b847193b0edc38e79ec62a3d2c7d4cb59e7a7,73728,scanned,6.0,Microsoft Visual C++ 6.x-era toolchain (strong PE evidence),unknown,,0
setup_wizardry_8_2001_12_23_(22306).exe,gog-media,container-member,Dll/srVP_486.dll,e28fd5ad6da156179910fa59b8d6ef88da432b1e69b3c44507592d10fdfc8c57,49152,scanned,6.0,Microsoft Visual C++ (strong PE evidence),unknown,,0
setup_wizardry_8_2001_12_23_(22306).exe,gog-media,container-member,Dll/srVP_AMD3DNow.dll,42e169c89a01ab620320981d5b6a15a89ea7a6d3fe312a8728e1262b95fac8f3,65536,scanned,6.0,Microsoft Visual C++ (strong PE evidence),unknown,,0
setup_wizardry_8_2001_12_23_(22306).exe,gog-media,container-member,Dll/srVP_Generic.dll,0c4704c920235e58f0fab852844fc9273cd4683b7b9655c702855bc9335e1474,36864,scanned,6.0,Microsoft Visual C++ (strong PE evidence),unknown,,0
setup_wizardry_8_2001_12_23_(22306).exe,gog-media,container-member,Dll/srVP_KNI.dll,895b5fb3f4982f7a70e7bfc518fed1d674587380d708487f57a0a00e0c9669cc,106561,scanned,6.0,Intel C/C++ Compiler 4.5,optimized-with-debug-info,"compiler command contains an optimization flag; compiler command contains /Zi, -Zi, /Z7, or -Z7; artifact path contains a Release component; compiler command defines NDEBUG",3
setup_wizardry_8_2001_12_23_(22306).exe,gog-media,container-member,Dll/srVP_Pentium.dll,9a08cddb2f75d98d61a3a3bfd644bffe07610c080840c03660ba9d6d849e14fa,49152,scanned,6.0,Microsoft Visual C++ (strong PE evidence),unknown,,0
setup_wizardry_8_2001_12_23_(22306).exe,gog-media,container-member,Dll/srVP_PentiumII.dll,2cadefd51ed177c762ccbc6be0181fc70e6e26ecaf04b1b475298f206fed518c,57421,scanned,6.0,Microsoft Visual C++ (strong PE evidence),release,artifact path contains a Release component,1
setup_wizardry_8_2001_12_23_(22306).exe,gog-media,container-member,Dll/srVP_PentiumMMX.dll,bf1a2e932680a71261382115a3afc4ceb1742814d4c52742fcf8a1d6fb0f5a47,61440,scanned,6.0,Microsoft Visual C++ (strong PE evidence),unknown,,0
setup_wizardry_8_2001_12_23_(22306).exe,gog-media,container-member,Dll/srVP_PentiumPro.dll,7f3502649d7cfd151ebdb82ab5472d8f32ab0268d2ac24add60490b6b0e4cdd0,57344,scanned,6.0,Microsoft Visual C++ (strong PE evidence),unknown,,0
setup_wizardry_8_2001_12_23_(22306).exe,gog-media,container-member,Dll/srVP_x86.dll,bbec96aa91b6988618fb4ec07696baed01ca556a3eab6f3836f9f475b45730c2,61505,scanned,6.0,Microsoft Visual C++ (strong PE evidence),release,artifact path contains a Release component,1
setup_wizardry_8_2001_12_23_(22306).exe,gog-media,container-member,glide.dll,57fd08de7adb9268027d79a3c28c49aa29970c752cab4d50e31425e4d9d089f0,1527808,scanned,6.0,Microsoft Visual C++ / LINK (strong PE evidence),unknown,,0
setup_wizardry_8_2001_12_23_(22306).exe,gog-media,container-member,glide2x.dll,7ff40975fee4016e029abb45732cdd06b54c23e8778c77bce50806c11c6e23fa,1617920,scanned,6.0,Microsoft Visual C++ / LINK (strong PE evidence),unknown,,0
setup_wizardry_8_2001_12_23_(22306).exe,gog-media,container-member,glide3x.dll,db1630a50eb481bc86702a8fcc2e4e5e67f7f4c34f9707ad325424d24acb1381,1712128,scanned,6.0,Microsoft Visual C++ / LINK (strong PE evidence),unknown,,0
setup_wizardry_8_2001_12_23_(22306).exe,gog-media,container-member,Mss32.dll,2a515199cc7a2e1ccd8d756efdaab07cedd5c3052309ef1c7499c2560e2097bd,348160,scanned,6.0,Microsoft Visual C++ / LINK (strong PE evidence),unknown,,0
setup_wizardry_8_2001_12_23_(22306).exe,gog-media,container-member,MSVCIRT.DLL,647f7534aaaedffa93534e4cb9b24bfcf91524828ff0364d88973be58139e255,77878,scanned,6.0,Microsoft Visual C++ (strong PE evidence),unknown,,1
setup_wizardry_8_2001_12_23_(22306).exe,gog-media,container-member,MSVCP60.DLL,2b6b93c2d66969eb00258e2b5ad6172decebada096e3b1b077a3380c80e4a072,401462,scanned,6.0,Microsoft Visual C++ (strong PE evidence),unknown,,1
setup_wizardry_8_2001_12_23_(22306).exe,gog-media,container-member,MSVCRT.DLL,d4287ab5e4988dfe99bd54243d50dbe8744094f11fe5f9809a1a6fb9728c2124,266293,scanned,6.0,Microsoft Visual C++ / LINK (strong PE evidence),unknown,,2
setup_wizardry_8_2001_12_23_(22306).exe,gog-media,container-member,nglide_config.exe,7445dc0a2a63b8532457e17795ca4f264035b90c49ca457673556bdfc3c31d00,348160,scanned,6.0,Microsoft Visual C++ / LINK (strong PE evidence),unknown,,0
setup_wizardry_8_2001_12_23_(22306).exe,gog-media,container-member,sr.dll,cec1caf85861c34bc4583ef1c69209e96a6930bdfc9af545c429f7470a8b6165,688191,scanned,6.0,Microsoft Visual C++ 6.x-era toolchain (strong PE evidence),release,artifact path contains a Release component,6
setup_wizardry_8_2001_12_23_(22306).exe,gog-media,container-member,tmp/botva2.dll,a4b61626a1626fdabec794e4f323484aa0644baa1c905a5dcf785dc34564f008,35840,scanned,2.25,unknown,unknown,,0
setup_wizardry_8_2001_12_23_(22306).exe,gog-media,container-member,tmp/crcdll.dll,23e90ce5a1f2d634a7bf5d5d0522fafeea6df9e536e16f5ce91035d5197128ec,71168,scanned,9.0,Microsoft Visual C++ / LINK (strong PE evidence),unknown,,0
setup_wizardry_8_2001_12_23_(22306).exe,gog-media,container-member,tmp/InnoCallback.dll,6afa2d104be6efe3d9a2ab96dbb75db31565dad64dd0b791e402ecc25529809f,65024,scanned,2.25,unknown,unknown,,0
setup_wizardry_8_2001_12_23_(22306).exe,gog-media,container-member,Wiz8.exe,18a74ff61c65b8a2d4cfa11ffce82ad7fef022a94eaf0c2f217e479e981420d2,3580513,scanned,6.0,Microsoft Visual C++ 6.x-era toolchain (strong PE evidence),unknown,,142
wiz8_fix.zip,compatibility-fix,container-member,wiz8_fix.exe,0fe10534e98f0f15e521fa4677f2fa1ef35ed071dcf58960c7264ed25987aaae,410432,scanned,10.0,Microsoft Visual C++ / LINK (strong PE evidence),unknown,,0
Wiz8NetDemo.exe,demo,input-container,<container>,84ea41880949d71acc3c59ded05713b7ede7f5b920b4c7169bb1a9fc822d0f7e,147997791,scanned,6.0,unknown,unknown,,0
Wiz8NetDemo.exe,demo,container-member,installed/Program_Executable_Files/3DSetup.exe,39b262f16214790bac7dc5663299cb2e9ebbf119aa4d29a316e029b3154d3678,98358,scanned,6.0,Microsoft Visual C++ 6.x-era toolchain (strong PE evidence),release,artifact path contains a Release component,1
Wiz8NetDemo.exe,demo,container-member,installed/Program_Executable_Files/binkw32.dll,1fd7ef7873c8a3be7e2f127b306d0d24d7d88e20cf9188894eff87b5af0d495f,286208,scanned,6.0,Microsoft Visual C++ / LINK (strong PE evidence),unknown,,0
Wiz8NetDemo.exe,demo,container-member,installed/Program_Executable_Files/Dll/srDD_DirectX6.dll,2968987f843f1e1b228b2ff322923e5ac215095a3cb41877b169f01820f8f316,86096,scanned,6.0,Microsoft Visual C++ (strong PE evidence),release,artifact path contains a Release component,1
Wiz8NetDemo.exe,demo,container-member,installed/Program_Executable_Files/Dll/srDD_DirectX7.dll,3623f1cb66cd50b7141b49f82100a8ffa1fd3c53ddebc7093bfddeb148cbf8e9,94283,scanned,6.0,Microsoft Visual C++ (strong PE evidence),release,artifact path contains a Release component,1
Wiz8NetDemo.exe,demo,container-member,installed/Program_Executable_Files/Dll/srDD_Glide2x.dll,e19987fb5bc9abcceadf4ad64bf108ac2f95d10b520d8de294d9b10466ca1d11,69705,scanned,6.0,Microsoft Visual C++ (strong PE evidence),release,artifact path contains a Release component,1
Wiz8NetDemo.exe,demo,container-member,installed/Program_Executable_Files/Dll/srDD_OpenGL.dll,a176aa711039aebbfe33eb5d48e082dcd608835eeebd2a69ead9b455400afc8c,36953,scanned,6.0,Microsoft Visual C++ (strong PE evidence),release,artifact path contains a Release component,1
Wiz8NetDemo.exe,demo,container-member,installed/Program_Executable_Files/Dll/srDD_Software.dll,8866a254569f61022b857628380171dff018939376c02965741635421d0c79f8,127051,scanned,6.0,Microsoft Visual C++ (strong PE evidence),release,artifact path contains a Release component,1
Wiz8NetDemo.exe,demo,container-member,installed/Program_Executable_Files/Dll/srEXT_AVI.dll,9d27a6698693fb6b244951166d873a1f1a102213f5832d60379234176bd0eb07,24650,scanned,6.0,Microsoft Visual C++ 6.x-era toolchain (strong PE evidence),release,artifact path contains a Release component,1
Wiz8NetDemo.exe,demo,container-member,installed/Program_Executable_Files/Dll/srEXT_default.dll,e2a9d1e7f11e0927b7bacfe058a7113b234f0aded92f4c5fecfb23cf86ead7f8,57426,scanned,6.0,Microsoft Visual C++ 6.x-era toolchain (strong PE evidence),release,artifact path contains a Release component,1
Wiz8NetDemo.exe,demo,container-member,installed/Program_Executable_Files/Dll/srEXT_FLIC.dll,3ce83b9944f4d26f027c5b322a5dbea97cfe6339a7298b25914f67f35ccfd281,28748,scanned,6.0,Microsoft Visual C++ 6.x-era toolchain (strong PE evidence),release,artifact path contains a Release component,1
Wiz8NetDemo.exe,demo,container-member,installed/Program_Executable_Files/Dll/srEXT_HTTP.dll,ade27ce64a7af1824aeb5ba65f908bab56344311cd8f45c0c65edde02d1d87af,24652,scanned,6.0,Microsoft Visual C++ (strong PE evidence),release,artifact path contains a Release component,1
Wiz8NetDemo.exe,demo,container-member,installed/Program_Executable_Files/Dll/srEXT_Inspector.dll,6bc2949d6c9bca35ecc37e8f4f98ed36886a075f00d69ae86687d38f682387a1,45142,scanned,6.0,Microsoft Visual C++ 6.x-era toolchain (strong PE evidence),release,artifact path contains a Release component,1
Wiz8NetDemo.exe,demo,container-member,installed/Program_Executable_Files/Dll/srEXT_JPEGImporter.dll,0bf545937bd86ce2195c08b6dbf6b70e1a1071a9fce449ccb9f06dfa384de490,118876,scanned,6.0,Microsoft Visual C++ 6.x-era toolchain (strong PE evidence),release,artifact path contains a Release component,1
Wiz8NetDemo.exe,demo,container-member,installed/Program_Executable_Files/Dll/srEXT_LWOImporter.dll,a681095372decd2639d0ea14bdbadb362b7aeac04f137dc1558856212479932a,57434,scanned,6.0,Microsoft Visual C++ 6.x-era toolchain (strong PE evidence),release,artifact path contains a Release component,1
Wiz8NetDemo.exe,demo,container-member,installed/Program_Executable_Files/Dll/srEXT_MPEG.dll,42344e67d5de0b962652677d70891402dae16b0f39979693539867f779455ecd,77900,scanned,6.0,Microsoft Visual C++ 6.x-era toolchain (strong PE evidence),release,artifact path contains a Release component,1
Wiz8NetDemo.exe,demo,container-member,installed/Program_Executable_Files/Dll/srEXT_Unzip.dll,dba6cdc5741ae57574e019ab8f37935362bc288bee738bc711460f34d7647f62,102400,scanned,6.0,Microsoft Visual C++ (strong PE evidence),unknown,,0
Wiz8NetDemo.exe,demo,container-member,installed/Program_Executable_Files/Dll/srHXImporter.dll,db83029ad30f8df5dd425e586a1b847193b0edc38e79ec62a3d2c7d4cb59e7a7,73728,scanned,6.0,Microsoft Visual C++ 6.x-era toolchain (strong PE evidence),unknown,,0
Wiz8NetDemo.exe,demo,container-member,installed/Program_Executable_Files/Dll/srVP_486.dll,e28fd5ad6da156179910fa59b8d6ef88da432b1e69b3c44507592d10fdfc8c57,49152,scanned,6.0,Microsoft Visual C++ (strong PE evidence),unknown,,0
Wiz8NetDemo.exe,demo,container-member,installed/Program_Executable_Files/Dll/srVP_AMD3DNow.dll,42e169c89a01ab620320981d5b6a15a89ea7a6d3fe312a8728e1262b95fac8f3,65536,scanned,6.0,Microsoft Visual C++ (strong PE evidence),unknown,,0
Wiz8NetDemo.exe,demo,container-member,installed/Program_Executable_Files/Dll/srVP_Generic.dll,0c4704c920235e58f0fab852844fc9273cd4683b7b9655c702855bc9335e1474,36864,scanned,6.0,Microsoft Visual C++ (strong PE evidence),unknown,,0
Wiz8NetDemo.exe,demo,container-member,installed/Program_Executable_Files/Dll/srVP_KNI.dll,895b5fb3f4982f7a70e7bfc518fed1d674587380d708487f57a0a00e0c9669cc,106561,scanned,6.0,Intel C/C++ Compiler 4.5,optimized-with-debug-info,"compiler command contains an optimization flag; compiler command contains /Zi, -Zi, /Z7, or -Z7; artifact path contains a Release component; compiler command defines NDEBUG",3
Wiz8NetDemo.exe,demo,container-member,installed/Program_Executable_Files/Dll/srVP_Pentium.dll,9a08cddb2f75d98d61a3a3bfd644bffe07610c080840c03660ba9d6d849e14fa,49152,scanned,6.0,Microsoft Visual C++ (strong PE evidence),unknown,,0
Wiz8NetDemo.exe,demo,container-member,installed/Program_Executable_Files/Dll/srVP_PentiumII.dll,2cadefd51ed177c762ccbc6be0181fc70e6e26ecaf04b1b475298f206fed518c,57421,scanned,6.0,Microsoft Visual C++ (strong PE evidence),release,artifact path contains a Release component,1
Wiz8NetDemo.exe,demo,container-member,installed/Program_Executable_Files/Dll/srVP_PentiumMMX.dll,bf1a2e932680a71261382115a3afc4ceb1742814d4c52742fcf8a1d6fb0f5a47,61440,scanned,6.0,Microsoft Visual C++ (strong PE evidence),unknown,,0
Wiz8NetDemo.exe,demo,container-member,installed/Program_Executable_Files/Dll/srVP_PentiumPro.dll,7f3502649d7cfd151ebdb82ab5472d8f32ab0268d2ac24add60490b6b0e4cdd0,57344,scanned,6.0,Microsoft Visual C++ (strong PE evidence),unknown,,0
Wiz8NetDemo.exe,demo,container-member,installed/Program_Executable_Files/Dll/srVP_x86.dll,bbec96aa91b6988618fb4ec07696baed01ca556a3eab6f3836f9f475b45730c2,61505,scanned,6.0,Microsoft Visual C++ (strong PE evidence),release,artifact path contains a Release component,1
Wiz8NetDemo.exe,demo,container-member,installed/Program_Executable_Files/Mss32.dll,fe62f1eb6ba407df77619d16927abbefad3c726014f6bd1f8c37a7c3d6b781cc,351744,scanned,6.0,Microsoft Visual C++ / LINK (strong PE evidence),unknown,,0
Wiz8NetDemo.exe,demo,container-member,installed/Program_Executable_Files/sr.dll,bb5f67e6a719cde73f5ea35cb2685d0ab12f5efa0bc02e4506b82f582c38b31f,688183,scanned,6.0,Microsoft Visual C++ 6.x-era toolchain (strong PE evidence),release,artifact path contains a Release component,6
Wiz8NetDemo.exe,demo,container-member,installed/Program_Executable_Files/Wiz8.EXE,8acda50afe39f7e6a867272300a09463fd94aed9a510008fcdefc662143346e4,2674688,scanned,6.0,Microsoft Visual C++ 6.x-era toolchain (strong PE evidence),unknown,,155
Wiz8NetDemo.exe,demo,container-member,installed/Shared_Files/MSVCIRT.DLL,647f7534aaaedffa93534e4cb9b24bfcf91524828ff0364d88973be58139e255,77878,scanned,6.0,Microsoft Visual C++ (strong PE evidence),unknown,,1
Wiz8NetDemo.exe,demo,container-member,installed/Shared_Files/MSVCP60.DLL,2b6b93c2d66969eb00258e2b5ad6172decebada096e3b1b077a3380c80e4a072,401462,scanned,6.0,Microsoft Visual C++ (strong PE evidence),unknown,,1
Wiz8NetDemo.exe,demo,container-member,installed/Shared_Files/MSVCRT.DLL,d4287ab5e4988dfe99bd54243d50dbe8744094f11fe5f9809a1a6fb9728c2124,266293,scanned,6.0,Microsoft Visual C++ / LINK (strong PE evidence),unknown,,2
Wiz8NetDemo.exe,demo,container-member,installer-media/Disk1/_ISDel.exe,b5dc0feb738a91ce3cfa982647fe2779787335c6c2c598d5b49818565d7c3e84,27648,scanned,5.10,Microsoft Visual C++ / LINK (strong PE evidence),unknown,,0
Wiz8NetDemo.exe,demo,container-member,installer-media/Disk1/_Setup.dll,1ad637e80a25f6f885604589056814d16ccad55699be14920e2b99f2d74c1019,34816,scanned,5.10,Microsoft Visual C++ / LINK (strong PE evidence),unknown,,0
Wiz8NetDemo.exe,demo,container-member,installer-media/Disk1/Setup.exe,5656e87da0641c9dcfcd0ee8949ce72b3fa6a7d0e8b1fd985a16f6bd6c34ce52,73728,scanned,6.0,Microsoft Visual C++ / LINK (strong PE evidence),unknown,,0
Wiz8Patch2001_12_23_release.zip,official-2001-12-23-patch,container-member,3DSetup.exe,b440ee06a3aa03c4fa301dcaba6875a61488f0dee3d06386b721f4cbe0c11473,102454,scanned,6.0,Microsoft Visual C++ 6.x-era toolchain (strong PE evidence),release,artifact path contains a Release component,1
Wiz8Patch2001_12_23_release.zip,official-2001-12-23-patch,container-member,drvmgt.dll,79c014a579ba0ae9442f5c7f941fadd1c86c8b395220e99a196af6b420967fce,35840,scanned,5.10,Microsoft Visual C++ / LINK (strong PE evidence),unknown,,0
Wiz8Patch2001_12_23_release.zip,official-2001-12-23-patch,container-member,Mss32.dll,2a515199cc7a2e1ccd8d756efdaab07cedd5c3052309ef1c7499c2560e2097bd,348160,scanned,6.0,Microsoft Visual C++ / LINK (strong PE evidence),unknown,,0
Wiz8Patch2001_12_23_release.zip,official-2001-12-23-patch,container-member,Wiz8.EXE,c3639d43568a1ed233be85c6b3b8129b1a4661e65717220e0514c815aa972edd,3580513,scanned,6.0,Microsoft Visual C++ 6.x-era toolchain (strong PE evidence),unknown,,0
Wizardry8FanPatchV1.28Build6709.7z,patch-128,container-member,Wizardry 8 Fan Patch/3DSetup1_28c.exe,0f6d35447fc7a2f579e8f8347e8c347fe22a8aba9a05769752933ffb4450010a,102454,scanned,6.0,Microsoft Visual C++ 6.x-era toolchain (strong PE evidence),release,artifact path contains a Release component,1
Wizardry8FanPatchV1.28Build6709.7z,patch-128,container-member,Wizardry 8 Fan Patch/cfagent1.28.dll,5a801041a36b5acda9c7c754d27402d57a0407e86d64eff81397b7794ba5f6ba,131072,scanned,6.0,Microsoft Visual C++ / LINK (strong PE evidence),unknown,,1
Wizardry8FanPatchV1.28Build6709.7z,patch-128,container-member,Wizardry 8 Fan Patch/d3dim700.dll,ee11dc706b2f28eb7031dc2b4ad4801fb7aa6706300fccdc67f91822c1f77de4,797184,scanned,7.0,Intel C/C++ Compiler 4.5,release,compiler command contains an optimization flag; compiler command defines NDEBUG,29
Wizardry8FanPatchV1.28Build6709.7z,patch-128,container-member,Wizardry 8 Fan Patch/Dll/srDD_DirectX7_1.dll,bc309994fcc1bd9699064569b06ae6a7459bf607992a0efcc36510cd284f2f7f,94283,scanned,6.0,Microsoft Visual C++ (strong PE evidence),release,artifact path contains a Release component,1
Wizardry8FanPatchV1.28Build6709.7z,patch-128,container-member,Wizardry 8 Fan Patch/Dll/srDD_OpenGLa.dll,727d84ed2e4ec26e6b9fe2fe13a30e702b5ba2f2b6d199ddbdb78b57b9d58788,36953,scanned,6.0,Microsoft Visual C++ (strong PE evidence),release,artifact path contains a Release component,1
Wizardry8FanPatchV1.28Build6709.7z,patch-128,container-member,Wizardry 8 Fan Patch/Lua5.1.dll,2a7d9440b05bd407a0a3d8a8e86d96874fb2771f4b102df4a7d7215c6eb77f29,167936,scanned,8.0,Microsoft Visual C++ (strong PE evidence),unknown,,0
Wizardry8FanPatchV1.28Build6709.7z,patch-128,container-member,Wizardry 8 Fan Patch/sr.dll,fe47f633a51fe1675cfbe1c8ac2ef428de8cc31a332f7a6b6a416c83bb9e4b61,688191,scanned,6.0,Microsoft Visual C++ 6.x-era toolchain (strong PE evidence),release,artifact path contains a Release component,6
Wizardry8FanPatchV1.28Build6709.7z,patch-128,container-member,Wizardry 8 Fan Patch/Wiz8.dll,28953363c6090f12a7a466397b619c43e6f26da28dbc5f8554d822ee66259378,352256,scanned,1.71,Microsoft Visual C++ (strong PE evidence),unknown,,0
Wizardry8FanPatchV1.28Build6709.7z,patch-128,container-member,Wizardry 8 Fan Patch/Wiz8_v128.exe,fdca6d9cd0940034191e82b8e2900de26bb25e381c74128dcb8967360a9fb824,3299840,scanned,6.0,Microsoft Visual C++ 6.x-era toolchain (strong PE evidence),unknown,,142
Wizardry8UnofficialPatchV1.261.7z,patch-1261,container-member,Wiz8New.exe,57a3072c2f8307de84e2f54ac58d3fcd7cf3cef18088bf0f0fdec2ac9202b2b1,3580513,scanned,6.0,Microsoft Visual C++ 6.x-era toolchain (strong PE evidence),unknown,,142
