address,size,current_name,provisional_name,owner,confidence,fid_variants,evidence
10001000,11,FUN_10001000,setFileNotFound,infozip-unzip-5.4,high,,Exact Info-ZIP 5.4 api.c body and source-order identity; increments G.filenotfound
10001010,108,FUN_10001010,unzipToMemory,infozip-unzip-5.4,high,vc6-rtm-target-runtime-md-o2|vc6-sp5-target-runtime-md-o2|vc6-sp5-vcpp-target-runtime-md-o2|vc6-sp6-target-runtime-md-o2,Every matching source-built or pinned-library FID row agrees on this symbol; build recipe remains variant-ambiguous
10001080,118,FUN_10001080,redirect_outfile,infozip-unzip-5.4,high,vc6-rtm-target-runtime-md-o2|vc6-sp5-target-runtime-md-o2|vc6-sp6-target-runtime-md-o2,Every matching source-built or pinned-library FID row agrees on this symbol; build recipe remains variant-ambiguous
10001100,84,FUN_10001100,writeToMemory,infozip-unzip-5.4,high,vc6-rtm-target-runtime-md-o2|vc6-rtm-upstream-release-mt-o2|vc6-sp5-target-runtime-md-o2|vc6-sp5-upstream-release-mt-o2|vc6-sp5-vcpp-target-runtime-md-o2|vc6-sp5-vcpp-upstream-release-mt-o2|vc6-sp6-target-runtime-md-o2|vc6-sp6-upstream-release-mt-o2,Every matching source-built or pinned-library FID row agrees on this symbol; build recipe remains variant-ambiguous
10001160,83,FUN_10001160,close_redirect,infozip-unzip-5.4,high,vc6-rtm-target-runtime-md-o2|vc6-sp5-target-runtime-md-o2|vc6-sp5-vcpp-target-runtime-md-o2|vc6-sp6-target-runtime-md-o2,Every matching source-built or pinned-library FID row agrees on this symbol; build recipe remains variant-ambiguous
100011c0,286,FUN_100011c0,crc32,infozip-unzip-5.4,high,vc6-rtm-target-runtime-md-o2|vc6-sp5-target-runtime-md-o2|vc6-sp6-target-runtime-md-o2,Every matching source-built or pinned-library FID row agrees on this symbol; build recipe remains variant-ambiguous
100012e0,20,FUN_100012e0,get_crc_table,infozip-unzip-5.4,high,vc6-rtm-target-runtime-md-o2|vc6-sp5-target-runtime-md-o2|vc6-sp6-target-runtime-md-o2,Every matching source-built or pinned-library FID row agrees on this symbol; build recipe remains variant-ambiguous
10001300,59,FUN_10001300,make_crc_table,infozip-unzip-5.4,high,vc6-rtm-target-runtime-md-o2|vc6-rtm-upstream-release-mt-o2|vc6-sp5-target-runtime-md-o2|vc6-sp5-upstream-release-mt-o2|vc6-sp6-target-runtime-md-o2|vc6-sp6-upstream-release-mt-o2,Every matching source-built or pinned-library FID row agrees on this symbol; build recipe remains variant-ambiguous
10001340,30,FUN_10001340,decrypt_byte,infozip-zcrypt-2.8,high,,Exact zcrypt28 crypt.c function order constants and body shape
10001360,111,FUN_10001360,update_keys,infozip-zcrypt-2.8,high,,Exact zcrypt28 crypt.c function order CRC key-update constants and body shape
100013d0,70,FUN_100013d0,init_keys,infozip-zcrypt-2.8,high,,Exact zcrypt28 crypt.c function order three key constants and update_keys loop
10001420,546,FUN_10001420,decrypt,infozip-zcrypt-2.8,high,,Exact zcrypt28 crypt.c function order encrypted-header and password-prompt control flow
10001650,115,FUN_10001650,testp,infozip-zcrypt-2.8,high,,Exact zcrypt28 crypt.c static helper between decrypt and testkey
100016d0,226,FUN_100016d0,testkey,infozip-zcrypt-2.8,high,,Exact zcrypt28 crypt.c static helper and 12-byte encrypted-header loop
100017c0,987,FUN_100017c0,explode,infozip-unzip-5.4,high,vc6-rtm-target-runtime-md-o2|vc6-sp5-target-runtime-md-o2|vc6-sp6-target-runtime-md-o2,Every matching source-built or pinned-library FID row agrees on this symbol; build recipe remains variant-ambiguous
10001ba0,181,FUN_10001ba0,get_tree,infozip-unzip-5.4,high,vc6-rtm-target-runtime-md-o2|vc6-rtm-upstream-release-mt-o2|vc6-sp5-target-runtime-md-o2|vc6-sp5-upstream-release-mt-o2|vc6-sp6-target-runtime-md-o2|vc6-sp6-upstream-release-mt-o2,Every matching source-built or pinned-library FID row agrees on this symbol; build recipe remains variant-ambiguous
10001c60,1747,FUN_10001c60,explode_lit8,infozip-unzip-5.4,high,vc6-rtm-target-runtime-md-o2|vc6-rtm-upstream-release-mt-o2|vc6-sp5-target-runtime-md-o2|vc6-sp5-upstream-release-mt-o2|vc6-sp6-target-runtime-md-o2|vc6-sp6-upstream-release-mt-o2,Every matching source-built or pinned-library FID row agrees on this symbol; build recipe remains variant-ambiguous
10002340,1747,FUN_10002340,explode_lit4,infozip-unzip-5.4,high,vc6-rtm-target-runtime-md-o2|vc6-rtm-upstream-release-mt-o2|vc6-sp5-target-runtime-md-o2|vc6-sp5-upstream-release-mt-o2|vc6-sp6-target-runtime-md-o2|vc6-sp6-upstream-release-mt-o2,Every matching source-built or pinned-library FID row agrees on this symbol; build recipe remains variant-ambiguous
10002a20,1543,FUN_10002a20,explode_nolit8,infozip-unzip-5.4,high,vc6-rtm-target-runtime-md-o2|vc6-rtm-upstream-release-mt-o2|vc6-sp5-target-runtime-md-o2|vc6-sp5-upstream-release-mt-o2|vc6-sp6-target-runtime-md-o2|vc6-sp6-upstream-release-mt-o2,Every matching source-built or pinned-library FID row agrees on this symbol; build recipe remains variant-ambiguous
10003030,1543,FUN_10003030,explode_nolit4,infozip-unzip-5.4,high,vc6-rtm-target-runtime-md-o2|vc6-rtm-upstream-release-mt-o2|vc6-sp5-target-runtime-md-o2|vc6-sp5-upstream-release-mt-o2|vc6-sp6-target-runtime-md-o2|vc6-sp6-upstream-release-mt-o2,Every matching source-built or pinned-library FID row agrees on this symbol; build recipe remains variant-ambiguous
10003640,4704,FUN_10003640,extract_or_test_files,infozip-unzip-5.4,high,,Exact extract.c public function position before the two static member helpers
100048c0,813,FUN_100048c0,store_info,infozip-unzip-5.4,high,,Exact extract.c static helper order and compilation-unit section identity
10004bf0,2118,FUN_10004bf0,extract_or_test_member,infozip-unzip-5.4,high,,Exact extract.c static helper order and compilation-unit section identity
10005440,1378,FUN_10005440,_TestExtraField,infozip-unzip-5.4,high,vc6-rtm-target-runtime-md-o2|vc6-sp5-target-runtime-md-o2|vc6-sp6-target-runtime-md-o2,Every matching source-built or pinned-library FID row agrees on this symbol; build recipe remains variant-ambiguous
10005a10,178,FUN_10005a10,test_compr_eb,infozip-unzip-5.4,high,vc6-rtm-target-runtime-md-o2|vc6-sp5-target-runtime-md-o2|vc6-sp6-target-runtime-md-o2,Every matching source-built or pinned-library FID row agrees on this symbol; build recipe remains variant-ambiguous
10005ad0,505,FUN_10005ad0,memextract,infozip-unzip-5.4,high,vc6-rtm-target-runtime-md-o2|vc6-sp5-target-runtime-md-o2|vc6-sp6-target-runtime-md-o2,Every matching source-built or pinned-library FID row agrees on this symbol; build recipe remains variant-ambiguous
10005cd0,99,FUN_10005cd0,memflush,infozip-unzip-5.4,high,vc6-rtm-target-runtime-md-o2|vc6-rtm-upstream-release-mt-o2|vc6-sp5-target-runtime-md-o2|vc6-sp5-upstream-release-mt-o2|vc6-sp6-target-runtime-md-o2|vc6-sp6-upstream-release-mt-o2,Every matching source-built or pinned-library FID row agrees on this symbol; build recipe remains variant-ambiguous
10005d40,63,FUN_10005d40,fnfilter,infozip-unzip-5.4,high,vc6-rtm-target-runtime-md-o2|vc6-sp5-target-runtime-md-o2|vc6-sp6-target-runtime-md-o2,Every matching source-built or pinned-library FID row agrees on this symbol; build recipe remains variant-ambiguous
10005d80,92,FUN_10005d80,open_input_file,infozip-unzip-5.4,high,vc6-rtm-target-runtime-md-o2|vc6-sp5-target-runtime-md-o2|vc6-sp6-target-runtime-md-o2,Every matching source-built or pinned-library FID row agrees on this symbol; build recipe remains variant-ambiguous
10005de0,221,FUN_10005de0,open_outfile,infozip-unzip-5.4,high,vc6-rtm-target-runtime-md-o2|vc6-sp5-target-runtime-md-o2|vc6-sp6-target-runtime-md-o2,Every matching source-built or pinned-library FID row agrees on this symbol; build recipe remains variant-ambiguous
10005ec0,84,FUN_10005ec0,undefer_input,infozip-unzip-5.4,high,vc6-rtm-target-runtime-md-o2|vc6-rtm-upstream-release-mt-o2|vc6-sp5-target-runtime-md-o2|vc6-sp5-upstream-release-mt-o2|vc6-sp5-vcpp-target-runtime-md-o2|vc6-sp5-vcpp-upstream-release-mt-o2|vc6-sp6-target-runtime-md-o2|vc6-sp6-upstream-release-mt-o2,Every matching source-built or pinned-library FID row agrees on this symbol; build recipe remains variant-ambiguous
10005f20,106,FUN_10005f20,defer_leftover_input,infozip-unzip-5.4,high,vc6-rtm-target-runtime-md-o2|vc6-rtm-upstream-release-mt-o2|vc6-sp5-target-runtime-md-o2|vc6-sp5-upstream-release-mt-o2|vc6-sp5-vcpp-target-runtime-md-o2|vc6-sp5-vcpp-upstream-release-mt-o2|vc6-sp6-target-runtime-md-o2|vc6-sp6-upstream-release-mt-o2,Every matching source-built or pinned-library FID row agrees on this symbol; build recipe remains variant-ambiguous
10005f90,255,FUN_10005f90,readbuf,infozip-unzip-5.4,high,vc6-rtm-target-runtime-md-o2|vc6-sp5-target-runtime-md-o2|vc6-sp6-target-runtime-md-o2,Every matching source-built or pinned-library FID row agrees on this symbol; build recipe remains variant-ambiguous
10006090,304,FUN_10006090,readbyte,infozip-unzip-5.4,high,,Exact fileio.c position between readbuf and flush and the NEXTBYTE refill implementation
100061c0,487,FUN_100061c0,flush,infozip-unzip-5.4,high,vc6-rtm-target-runtime-md-o2|vc6-sp5-target-runtime-md-o2|vc6-sp6-target-runtime-md-o2,Every matching source-built or pinned-library FID row agrees on this symbol; build recipe remains variant-ambiguous
100063b0,79,FUN_100063b0,disk_error,infozip-unzip-5.4,high,vc6-rtm-target-runtime-md-o2|vc6-sp5-target-runtime-md-o2|vc6-sp6-target-runtime-md-o2,Every matching source-built or pinned-library FID row agrees on this symbol; build recipe remains variant-ambiguous
10006400,440,FUN_10006400,_UzpMessagePrnt@16,infozip-unzip-5.4,high,vc6-rtm-target-runtime-md-o2|vc6-sp5-target-runtime-md-o2|vc6-sp5-vcpp-target-runtime-md-o2|vc6-sp6-target-runtime-md-o2,Every matching source-built or pinned-library FID row agrees on this symbol; build recipe remains variant-ambiguous
100065d0,375,FUN_100065d0,dos_to_unix_time,infozip-unzip-5.4,high,vc6-rtm-target-runtime-md-o2|vc6-sp5-target-runtime-md-o2|vc6-sp6-target-runtime-md-o2,Every matching source-built or pinned-library FID row agrees on this symbol; build recipe remains variant-ambiguous
10006750,165,FUN_10006750,check_for_newer,infozip-unzip-5.4,high,vc6-rtm-target-runtime-md-o2|vc6-sp5-target-runtime-md-o2|vc6-sp6-target-runtime-md-o2,Every matching source-built or pinned-library FID row agrees on this symbol; build recipe remains variant-ambiguous
10006800,1274,FUN_10006800,do_string,infozip-unzip-5.4,high,vc6-rtm-target-runtime-md-o2|vc6-sp5-target-runtime-md-o2|vc6-sp6-target-runtime-md-o2,Every matching source-built or pinned-library FID row agrees on this symbol; build recipe remains variant-ambiguous
10006d20,15,FUN_10006d20,makeword,infozip-unzip-5.4,high,vc6-rtm-target-runtime-md-o2|vc6-sp5-target-runtime-md-o2|vc6-sp6-target-runtime-md-o2,Every matching source-built or pinned-library FID row agrees on this symbol; build recipe remains variant-ambiguous
10006d30,39,FUN_10006d30,makelong,infozip-unzip-5.4,high,vc6-rtm-target-runtime-md-o2|vc6-sp5-target-runtime-md-o2|vc6-sp6-target-runtime-md-o2,Every matching source-built or pinned-library FID row agrees on this symbol; build recipe remains variant-ambiguous
10006d60,110,FUN_10006d60,zstrnicmp,infozip-unzip-5.4,high,vc6-rtm-target-runtime-md-o2|vc6-sp5-target-runtime-md-o2|vc6-sp6-target-runtime-md-o2,Every matching source-built or pinned-library FID row agrees on this symbol; build recipe remains variant-ambiguous
10006dd0,142,FUN_10006dd0,globalsCtor,infozip-unzip-5.4,high,vc6-rtm-target-runtime-md-o2|vc6-sp5-target-runtime-md-o2|vc6-sp6-target-runtime-md-o2,Every matching source-built or pinned-library FID row agrees on this symbol; build recipe remains variant-ambiguous
10006e60,1254,FUN_10006e60,inflate_codes,infozip-unzip-5.4,high,vc6-sp5-target-runtime-md-o2|vc6-sp5-upstream-release-mt-o2|vc6-sp6-target-runtime-md-o2|vc6-sp6-upstream-release-mt-o2,Every matching source-built or pinned-library FID row agrees on this symbol; build recipe remains variant-ambiguous
10007350,205,FUN_10007350,inflate,infozip-unzip-5.4,high,vc6-rtm-target-runtime-md-o2|vc6-sp5-target-runtime-md-o2|vc6-sp6-target-runtime-md-o2,Every matching source-built or pinned-library FID row agrees on this symbol; build recipe remains variant-ambiguous
10007420,265,FUN_10007420,inflate_block,infozip-unzip-5.4,high,vc6-sp5-target-runtime-md-o2|vc6-sp5-upstream-release-mt-o2|vc6-sp6-target-runtime-md-o2|vc6-sp6-upstream-release-mt-o2,Every matching source-built or pinned-library FID row agrees on this symbol; build recipe remains variant-ambiguous
10007530,434,FUN_10007530,inflate_stored,infozip-unzip-5.4,high,vc6-rtm-target-runtime-md-o2|vc6-rtm-upstream-release-mt-o2|vc6-sp5-target-runtime-md-o2|vc6-sp5-upstream-release-mt-o2|vc6-sp6-target-runtime-md-o2|vc6-sp6-upstream-release-mt-o2,Every matching source-built or pinned-library FID row agrees on this symbol; build recipe remains variant-ambiguous
100076f0,327,FUN_100076f0,inflate_fixed,infozip-unzip-5.4,high,vc6-rtm-target-runtime-md-o2|vc6-sp5-target-runtime-md-o2|vc6-sp6-target-runtime-md-o2,Every matching source-built or pinned-library FID row agrees on this symbol; build recipe remains variant-ambiguous
10007840,1604,FUN_10007840,inflate_dynamic,infozip-unzip-5.4,high,vc6-sp5-target-runtime-md-o2|vc6-sp6-target-runtime-md-o2,Every matching source-built or pinned-library FID row agrees on this symbol; build recipe remains variant-ambiguous
10007e90,66,FUN_10007e90,inflate_free,infozip-unzip-5.4,high,vc6-rtm-target-runtime-md-o2|vc6-sp5-target-runtime-md-o2|vc6-sp6-target-runtime-md-o2,Every matching source-built or pinned-library FID row agrees on this symbol; build recipe remains variant-ambiguous
10007ee0,1246,FUN_10007ee0,huft_build,infozip-unzip-5.4,high,vc6-sp5-target-runtime-md-o2|vc6-sp6-target-runtime-md-o2,Every matching source-built or pinned-library FID row agrees on this symbol; build recipe remains variant-ambiguous
100083c0,40,FUN_100083c0,huft_free,infozip-unzip-5.4,high,vc6-sp5-target-runtime-md-o2|vc6-sp6-target-runtime-md-o2,Every matching source-built or pinned-library FID row agrees on this symbol; build recipe remains variant-ambiguous
100083f0,1424,FUN_100083f0,list_files,infozip-unzip-5.4,high,vc6-rtm-target-runtime-md-o2|vc6-sp5-target-runtime-md-o2|vc6-sp6-target-runtime-md-o2,Every matching source-built or pinned-library FID row agrees on this symbol; build recipe remains variant-ambiguous
10008980,746,FUN_10008980,get_time_stamp,infozip-unzip-5.4,high,vc6-rtm-target-runtime-md-o2|vc6-sp5-target-runtime-md-o2|vc6-sp6-target-runtime-md-o2,Every matching source-built or pinned-library FID row agrees on this symbol; build recipe remains variant-ambiguous
10008c70,88,FUN_10008c70,fn_is_dir,infozip-unzip-5.4,high,vc6-rtm-target-runtime-md-o2|vc6-sp5-target-runtime-md-o2|vc6-sp6-target-runtime-md-o2,Every matching source-built or pinned-library FID row agrees on this symbol; build recipe remains variant-ambiguous
10008cd0,148,FUN_10008cd0,ratio,infozip-unzip-5.4,high,vc6-rtm-target-runtime-md-o2|vc6-sp5-target-runtime-md-o2|vc6-sp6-target-runtime-md-o2,Every matching source-built or pinned-library FID row agrees on this symbol; build recipe remains variant-ambiguous
10008d70,72,FUN_10008d70,fnprint,infozip-unzip-5.4,high,vc6-rtm-target-runtime-md-o2|vc6-sp5-target-runtime-md-o2|vc6-sp6-target-runtime-md-o2,Every matching source-built or pinned-library FID row agrees on this symbol; build recipe remains variant-ambiguous
10008dc0,30,FUN_10008dc0,match,infozip-unzip-5.4,high,vc6-rtm-target-runtime-md-o2|vc6-sp5-target-runtime-md-o2|vc6-sp6-target-runtime-md-o2,Every matching source-built or pinned-library FID row agrees on this symbol; build recipe remains variant-ambiguous
10008de0,667,FUN_10008de0,recmatch,infozip-unzip-5.4,high,vc6-rtm-target-runtime-md-o2|vc6-rtm-upstream-release-mt-o2|vc6-sp5-target-runtime-md-o2|vc6-sp5-upstream-release-mt-o2|vc6-sp5-vcpp-target-runtime-md-o2|vc6-sp5-vcpp-upstream-release-mt-o2|vc6-sp6-target-runtime-md-o2|vc6-sp6-upstream-release-mt-o2,Every matching source-built or pinned-library FID row agrees on this symbol; build recipe remains variant-ambiguous
10009080,53,FUN_10009080,iswild,infozip-unzip-5.4,high,vc6-rtm-target-runtime-md-o2|vc6-sp5-target-runtime-md-o2|vc6-sp6-target-runtime-md-o2,Every matching source-built or pinned-library FID row agrees on this symbol; build recipe remains variant-ambiguous
100090c0,212,FUN_100090c0,_ProcessDefer,infozip-unzip-5.4,high,vc6-rtm-target-runtime-md-o2|vc6-sp5-target-runtime-md-o2|vc6-sp6-target-runtime-md-o2,Every matching source-built or pinned-library FID row agrees on this symbol; build recipe remains variant-ambiguous
100091a0,272,FUN_100091a0,_ValidateSecurity,infozip-unzip-5.4,high,vc6-rtm-target-runtime-md-o2|vc6-rtm-upstream-release-mt-o2|vc6-sp5-target-runtime-md-o2|vc6-sp5-upstream-release-mt-o2|vc6-sp5-vcpp-target-runtime-md-o2|vc6-sp5-vcpp-upstream-release-mt-o2|vc6-sp6-target-runtime-md-o2|vc6-sp6-upstream-release-mt-o2,Every matching source-built or pinned-library FID row agrees on this symbol; build recipe remains variant-ambiguous
100092b0,567,FUN_100092b0,_GetVolumeCaps,infozip-unzip-5.4,high,vc6-rtm-target-runtime-md-o2|vc6-rtm-upstream-release-mt-o2|vc6-sp5-target-runtime-md-o2|vc6-sp5-upstream-release-mt-o2|vc6-sp5-vcpp-target-runtime-md-o2|vc6-sp5-vcpp-upstream-release-mt-o2|vc6-sp6-target-runtime-md-o2|vc6-sp6-upstream-release-mt-o2,Every matching source-built or pinned-library FID row agrees on this symbol; build recipe remains variant-ambiguous
100094f0,163,FUN_100094f0,_Initialize,infozip-unzip-5.4,high,vc6-rtm-target-runtime-md-o2|vc6-rtm-upstream-release-mt-o2|vc6-sp5-target-runtime-md-o2|vc6-sp5-upstream-release-mt-o2|vc6-sp5-vcpp-target-runtime-md-o2|vc6-sp5-vcpp-upstream-release-mt-o2|vc6-sp6-target-runtime-md-o2|vc6-sp6-upstream-release-mt-o2,Every matching source-built or pinned-library FID row agrees on this symbol; build recipe remains variant-ambiguous
100095a0,235,FUN_100095a0,_GetRemotePrivilegesSet,infozip-unzip-5.4,high,vc6-rtm-target-runtime-md-o2|vc6-rtm-upstream-release-mt-o2|vc6-sp5-target-runtime-md-o2|vc6-sp5-upstream-release-mt-o2|vc6-sp5-vcpp-target-runtime-md-o2|vc6-sp5-vcpp-upstream-release-mt-o2|vc6-sp6-target-runtime-md-o2|vc6-sp6-upstream-release-mt-o2,Every matching source-built or pinned-library FID row agrees on this symbol; build recipe remains variant-ambiguous
10009690,367,FUN_10009690,_SecuritySet,infozip-unzip-5.4,high,vc6-rtm-target-runtime-md-o2|vc6-sp5-target-runtime-md-o2|vc6-sp6-target-runtime-md-o2,Every matching source-built or pinned-library FID row agrees on this symbol; build recipe remains variant-ambiguous
10009800,241,FUN_10009800,_DeferSet,infozip-unzip-5.4,high,vc6-rtm-target-runtime-md-o2|vc6-rtm-upstream-release-mt-o2|vc6-sp5-target-runtime-md-o2|vc6-sp5-upstream-release-mt-o2|vc6-sp5-vcpp-target-runtime-md-o2|vc6-sp5-vcpp-upstream-release-mt-o2|vc6-sp6-target-runtime-md-o2|vc6-sp6-upstream-release-mt-o2,Every matching source-built or pinned-library FID row agrees on this symbol; build recipe remains variant-ambiguous
10009900,229,FUN_10009900,_InitLocalPrivileges,infozip-unzip-5.4,high,vc6-rtm-target-runtime-md-o2|vc6-rtm-upstream-release-mt-o2|vc6-sp5-target-runtime-md-o2|vc6-sp5-upstream-release-mt-o2|vc6-sp5-vcpp-target-runtime-md-o2|vc6-sp5-vcpp-upstream-release-mt-o2|vc6-sp6-target-runtime-md-o2|vc6-sp6-upstream-release-mt-o2,Every matching source-built or pinned-library FID row agrees on this symbol; build recipe remains variant-ambiguous
100099f0,1251,FUN_100099f0,process_zipfiles,infozip-unzip-5.4,high,vc6-rtm-target-runtime-md-o2|vc6-sp5-target-runtime-md-o2|vc6-sp6-target-runtime-md-o2,Every matching source-built or pinned-library FID row agrees on this symbol; build recipe remains variant-ambiguous
10009ee0,125,FUN_10009ee0,free_G_buffers,infozip-unzip-5.4,high,vc6-rtm-target-runtime-md-o2|vc6-sp5-target-runtime-md-o2|vc6-sp6-target-runtime-md-o2,Every matching source-built or pinned-library FID row agrees on this symbol; build recipe remains variant-ambiguous
10009f60,2399,FUN_10009f60,do_seekable,infozip-unzip-5.4,high,vc6-rtm-target-runtime-md-o2|vc6-sp5-target-runtime-md-o2|vc6-sp6-target-runtime-md-o2,Every matching source-built or pinned-library FID row agrees on this symbol; build recipe remains variant-ambiguous
1000a8c0,1052,FUN_1000a8c0,find_ecrec,infozip-unzip-5.4,high,vc6-rtm-target-runtime-md-o2|vc6-sp5-target-runtime-md-o2|vc6-sp6-target-runtime-md-o2,Every matching source-built or pinned-library FID row agrees on this symbol; build recipe remains variant-ambiguous
1000ace0,127,FUN_1000ace0,uz_end_central,infozip-unzip-5.4,high,vc6-rtm-target-runtime-md-o2|vc6-sp5-target-runtime-md-o2|vc6-sp6-target-runtime-md-o2,Every matching source-built or pinned-library FID row agrees on this symbol; build recipe remains variant-ambiguous
1000ad60,190,FUN_1000ad60,process_cdir_file_hdr,infozip-unzip-5.4,high,vc6-rtm-target-runtime-md-o2|vc6-sp5-target-runtime-md-o2|vc6-sp6-target-runtime-md-o2,Every matching source-built or pinned-library FID row agrees on this symbol; build recipe remains variant-ambiguous
1000ae40,303,FUN_1000ae40,get_cdir_ent,infozip-unzip-5.4,high,vc6-rtm-target-runtime-md-o2|vc6-sp5-target-runtime-md-o2|vc6-sp5-vcpp-target-runtime-md-o2|vc6-sp6-target-runtime-md-o2,Every matching source-built or pinned-library FID row agrees on this symbol; build recipe remains variant-ambiguous
1000af70,279,FUN_1000af70,process_local_file_hdr,infozip-unzip-5.4,high,vc6-rtm-target-runtime-md-o2|vc6-sp5-target-runtime-md-o2|vc6-sp5-vcpp-target-runtime-md-o2|vc6-sp6-target-runtime-md-o2,Every matching source-built or pinned-library FID row agrees on this symbol; build recipe remains variant-ambiguous
1000b090,681,FUN_1000b090,ef_scan_for_izux,infozip-unzip-5.4,high,vc6-rtm-target-runtime-md-o2|vc6-sp5-target-runtime-md-o2|vc6-sp6-target-runtime-md-o2,Every matching source-built or pinned-library FID row agrees on this symbol; build recipe remains variant-ambiguous
1000b340,148,FUN_1000b340,process_defer_NT,infozip-unzip-5.4,high,vc6-rtm-target-runtime-md-o2|vc6-sp5-target-runtime-md-o2|vc6-sp6-target-runtime-md-o2,Every matching source-built or pinned-library FID row agrees on this symbol; build recipe remains variant-ambiguous
1000b400,31,FUN_1000b400,_IsWinNT,infozip-unzip-5.4,high,vc6-rtm-target-runtime-md-o2|vc6-rtm-upstream-release-mt-o2|vc6-sp5-target-runtime-md-o2|vc6-sp5-upstream-release-mt-o2|vc6-sp5-vcpp-target-runtime-md-o2|vc6-sp5-vcpp-upstream-release-mt-o2|vc6-sp6-target-runtime-md-o2|vc6-sp6-upstream-release-mt-o2,Every matching source-built or pinned-library FID row agrees on this symbol; build recipe remains variant-ambiguous
1000b420,510,FUN_1000b420,close_outfile,infozip-unzip-5.4,high,vc6-rtm-target-runtime-md-o2|vc6-sp5-target-runtime-md-o2|vc6-sp6-target-runtime-md-o2,Every matching source-built or pinned-library FID row agrees on this symbol; build recipe remains variant-ambiguous
1000b620,279,FUN_1000b620,_EvalExtraFields,infozip-unzip-5.4,high,vc6-rtm-target-runtime-md-o2|vc6-sp5-target-runtime-md-o2|vc6-sp6-target-runtime-md-o2,Every matching source-built or pinned-library FID row agrees on this symbol; build recipe remains variant-ambiguous
1000b740,236,FUN_1000b740,_SetSD,infozip-unzip-5.4,high,vc6-rtm-target-runtime-md-o2|vc6-sp5-target-runtime-md-o2|vc6-sp6-target-runtime-md-o2,Every matching source-built or pinned-library FID row agrees on this symbol; build recipe remains variant-ambiguous
1000b830,279,FUN_1000b830,getNTfiletime,infozip-unzip-5.4,high,vc6-rtm-target-runtime-md-o2|vc6-sp5-target-runtime-md-o2|vc6-sp6-target-runtime-md-o2,Every matching source-built or pinned-library FID row agrees on this symbol; build recipe remains variant-ambiguous
1000b950,37,FUN_1000b950,utime2FileTime,infozip-unzip-5.4,high,vc6-rtm-target-runtime-md-o2|vc6-rtm-upstream-release-mt-o2|vc6-sp5-target-runtime-md-o2|vc6-sp5-upstream-release-mt-o2|vc6-sp5-vcpp-target-runtime-md-o2|vc6-sp5-vcpp-upstream-release-mt-o2|vc6-sp6-target-runtime-md-o2|vc6-sp6-upstream-release-mt-o2,Every matching source-built or pinned-library FID row agrees on this symbol; build recipe remains variant-ambiguous
1000b980,35,FUN_1000b980,_FStampIsLocTime,infozip-unzip-5.4,high,vc6-rtm-target-runtime-md-o2|vc6-sp5-target-runtime-md-o2|vc6-sp6-target-runtime-md-o2,Every matching source-built or pinned-library FID row agrees on this symbol; build recipe remains variant-ambiguous
1000b9b0,122,FUN_1000b9b0,_NTtzbugWorkaround,infozip-unzip-5.4,high,vc6-rtm-target-runtime-md-o2|vc6-sp5-target-runtime-md-o2|vc6-sp5-vcpp-target-runtime-md-o2|vc6-sp6-target-runtime-md-o2,Every matching source-built or pinned-library FID row agrees on this symbol; build recipe remains variant-ambiguous
1000ba30,255,FUN_1000ba30,_UTCtime2Localtime,infozip-unzip-5.4,high,vc6-rtm-target-runtime-md-o2|vc6-sp5-target-runtime-md-o2|vc6-sp5-vcpp-target-runtime-md-o2|vc6-sp6-target-runtime-md-o2,Every matching source-built or pinned-library FID row agrees on this symbol; build recipe remains variant-ambiguous
1000bb30,147,FUN_1000bb30,stamp_file,infozip-unzip-5.4,high,vc6-rtm-target-runtime-md-o2|vc6-sp5-target-runtime-md-o2|vc6-sp6-target-runtime-md-o2,Every matching source-built or pinned-library FID row agrees on this symbol; build recipe remains variant-ambiguous
1000bbd0,443,FUN_1000bbd0,_NTQueryVolInfo,infozip-unzip-5.4,high,vc6-rtm-target-runtime-md-o2|vc6-sp5-target-runtime-md-o2|vc6-sp5-vcpp-target-runtime-md-o2|vc6-sp6-target-runtime-md-o2,Every matching source-built or pinned-library FID row agrees on this symbol; build recipe remains variant-ambiguous
1000bd90,1092,FUN_1000bd90,do_wild,infozip-unzip-5.4,high,vc6-rtm-target-runtime-md-o2|vc6-sp5-target-runtime-md-o2|vc6-sp6-target-runtime-md-o2,Every matching source-built or pinned-library FID row agrees on this symbol; build recipe remains variant-ambiguous
1000c1e0,324,FUN_1000c1e0,_Opendir,infozip-unzip-5.4,high,vc6-rtm-target-runtime-md-o2|vc6-sp5-target-runtime-md-o2|vc6-sp6-target-runtime-md-o2,Every matching source-built or pinned-library FID row agrees on this symbol; build recipe remains variant-ambiguous
1000c330,132,FUN_1000c330,_Readdir,infozip-unzip-5.4,high,vc6-rtm-target-runtime-md-o2|vc6-sp5-target-runtime-md-o2|vc6-sp6-target-runtime-md-o2,Every matching source-built or pinned-library FID row agrees on this symbol; build recipe remains variant-ambiguous
1000c3c0,30,FUN_1000c3c0,_Closedir,infozip-unzip-5.4,high,vc6-rtm-target-runtime-md-o2|vc6-sp5-target-runtime-md-o2|vc6-sp6-target-runtime-md-o2,Every matching source-built or pinned-library FID row agrees on this symbol; build recipe remains variant-ambiguous
1000c3e0,38,FUN_1000c3e0,mapattr,infozip-unzip-5.4,high,vc6-rtm-target-runtime-md-o2|vc6-rtm-upstream-release-mt-o2|vc6-sp5-target-runtime-md-o2|vc6-sp5-upstream-release-mt-o2|vc6-sp6-target-runtime-md-o2|vc6-sp6-upstream-release-mt-o2,Every matching source-built or pinned-library FID row agrees on this symbol; build recipe remains variant-ambiguous
1000c410,1303,FUN_1000c410,mapname,infozip-unzip-5.4,high,vc6-rtm-target-runtime-md-o2|vc6-sp5-target-runtime-md-o2|vc6-sp6-target-runtime-md-o2,Every matching source-built or pinned-library FID row agrees on this symbol; build recipe remains variant-ambiguous
1000c9a0,35,FUN_1000c9a0,_IsVolumeOldFAT,infozip-unzip-5.4,high,vc6-rtm-target-runtime-md-o2|vc6-sp5-target-runtime-md-o2|vc6-sp6-target-runtime-md-o2,Every matching source-built or pinned-library FID row agrees on this symbol; build recipe remains variant-ambiguous
1000c9d0,2489,FUN_1000c9d0,checkdir,infozip-unzip-5.4,high,vc6-rtm-target-runtime-md-o2|vc6-sp5-target-runtime-md-o2|vc6-sp6-target-runtime-md-o2,Every matching source-built or pinned-library FID row agrees on this symbol; build recipe remains variant-ambiguous
1000d390,47,FUN_1000d390,isfloppy,infozip-unzip-5.4,high,vc6-rtm-target-runtime-md-o2|vc6-sp5-target-runtime-md-o2|vc6-sp6-target-runtime-md-o2,Every matching source-built or pinned-library FID row agrees on this symbol; build recipe remains variant-ambiguous
1000d3c0,386,FUN_1000d3c0,map2fat,infozip-unzip-5.4,high,vc6-rtm-target-runtime-md-o2|vc6-sp5-target-runtime-md-o2|vc6-sp6-target-runtime-md-o2,Every matching source-built or pinned-library FID row agrees on this symbol; build recipe remains variant-ambiguous
1000d590,436,FUN_1000d590,zstat_win32,infozip-unzip-5.4,high,vc6-rtm-target-runtime-md-o2|vc6-sp5-target-runtime-md-o2|vc6-sp6-target-runtime-md-o2,Every matching source-built or pinned-library FID row agrees on this symbol; build recipe remains variant-ambiguous
1000d750,126,FUN_1000d750,_FileTime2utime,infozip-unzip-5.4,high,vc6-rtm-target-runtime-md-o2|vc6-sp5-target-runtime-md-o2|vc6-sp6-target-runtime-md-o2,Every matching source-built or pinned-library FID row agrees on this symbol; build recipe remains variant-ambiguous
1000d7d0,85,FUN_1000d7d0,_VFatFileTime2utime,infozip-unzip-5.4,high,vc6-rtm-target-runtime-md-o2|vc6-sp5-target-runtime-md-o2|vc6-sp6-target-runtime-md-o2,Every matching source-built or pinned-library FID row agrees on this symbol; build recipe remains variant-ambiguous
1000d830,24,FUN_1000d830,DllMain,infozip-unzip-5.4,high,,Exact windll.c process-attach body storing hInst and returning TRUE
1000d850,81,FUN_1000d850,_Wiz_Init@8,infozip-unzip-5.4,high,vc6-rtm-target-runtime-md-o2|vc6-rtm-upstream-release-mt-o2|vc6-sp5-target-runtime-md-o2|vc6-sp5-upstream-release-mt-o2|vc6-sp5-vcpp-target-runtime-md-o2|vc6-sp5-vcpp-upstream-release-mt-o2|vc6-sp6-target-runtime-md-o2|vc6-sp6-upstream-release-mt-o2,Every matching source-built or pinned-library FID row agrees on this symbol; build recipe remains variant-ambiguous
1000d8b0,92,FUN_1000d8b0,win_fprintf,infozip-unzip-5.4,high,vc6-rtm-target-runtime-md-o2|vc6-sp5-target-runtime-md-o2|vc6-sp6-target-runtime-md-o2,Every matching source-built or pinned-library FID row agrees on this symbol; build recipe remains variant-ambiguous
1000d910,41,,DllMessagePrint,infozip-unzip-5.4,exact,,Static WinDLL message callback stored by Wiz_Init; exact upstream UnZip 5.4 source body
1000d940,67,,UzpPassword,infozip-unzip-5.4,exact,,Password callback retained from the public zcrypt-enabled WinDLL front end
1000d990,12,FUN_1000d990,Wiz_NoPrinting,infozip-unzip-5.4,exact,,Exact windll.c setter body writing fNoPrinting and returning with ret 4
1000d9a0,1,,DummySound,infozip-unzip-5.4,exact,,Empty default sound callback installed by Wiz_Init
1000d9b0,82,,Wiz_StatReportCB,infozip-unzip-5.4,exact,,Status bridge dispatching sound and service callbacks from Info-ZIP into the host callback table
1000da10,142,FUN_1000da10,srWizUnzipToMemory,sirtech-unzip-adapter,exact,vc6-sp5-target-runtime-md-o2,Owned source compiles to an instruction-for-instruction identical 142-byte body
1000daa0,748,FUN_1000daa0,zi_end_central,infozip-unzip-5.4,high,vc6-rtm-target-runtime-md-o2|vc6-sp5-target-runtime-md-o2|vc6-sp6-target-runtime-md-o2,Every matching source-built or pinned-library FID row agrees on this symbol; build recipe remains variant-ambiguous
1000dd90,1580,FUN_1000dd90,zipinfo,infozip-unzip-5.4,high,vc6-rtm-target-runtime-md-o2|vc6-sp5-target-runtime-md-o2|vc6-sp6-target-runtime-md-o2,Every matching source-built or pinned-library FID row agrees on this symbol; build recipe remains variant-ambiguous
1000e3e0,5785,FUN_1000e3e0,zi_long,infozip-unzip-5.4,high,vc6-rtm-target-runtime-md-o2|vc6-sp5-target-runtime-md-o2|vc6-sp6-target-runtime-md-o2,Every matching source-built or pinned-library FID row agrees on this symbol; build recipe remains variant-ambiguous
1000faa0,1978,FUN_1000faa0,zi_short,infozip-unzip-5.4,high,vc6-rtm-target-runtime-md-o2|vc6-sp5-target-runtime-md-o2|vc6-sp6-target-runtime-md-o2,Every matching source-built or pinned-library FID row agrees on this symbol; build recipe remains variant-ambiguous
10010280,677,FUN_10010280,zi_showMacTypeCreator,infozip-unzip-5.4,high,vc6-rtm-target-runtime-md-o2|vc6-sp5-target-runtime-md-o2|vc6-sp6-target-runtime-md-o2,Every matching source-built or pinned-library FID row agrees on this symbol; build recipe remains variant-ambiguous
10010530,384,FUN_10010530,zi_time,infozip-unzip-5.4,high,vc6-rtm-target-runtime-md-o2|vc6-sp5-target-runtime-md-o2|vc6-sp6-target-runtime-md-o2,Every matching source-built or pinned-library FID row agrees on this symbol; build recipe remains variant-ambiguous
100106b0,941,FUN_100106b0,srZipOpener::open,sirtech-unzip-adapter,strong,,Opener vtable slot; recovered source implements direct .zip paths and ZIP_PATH prefix search
10010a60,751,FUN_10010a60,srZipOpener::openArchivePath,sirtech-unzip-adapter,strong,,Recovered helper splits optional @ prefix then .zip archive and member components; method name is descriptive
10010d50,210,FUN_10010d50,srInlineString::substring_constructor,sirtech-unzip-adapter,strong,,Recovered 0x0c string constructor copies the half-open source range through srHeap
10010e30,122,FUN_10010e30,srInlineString::c_string_constructor,sirtech-unzip-adapter,strong,,Recovered 0x0c string constructor from a nullable C string
10010eb0,166,FUN_10010eb0,srZipAdapter::constructor,sirtech-unzip-adapter,exact,,Recovered source is instruction-exact modulo the separately named Wiz_NoPrinting target
10010f60,38,FUN_10010f60,srInlineString::destructor,sirtech-unzip-adapter,strong,,Recovered string destructor is instruction-exact modulo SR import symbol presentation
10010f90,131,FUN_10010f90,srInlineString::assign,sirtech-unzip-adapter,strong,,Recovered C-string assignment is instruction-exact modulo SR import symbol presentation
10011020,50,FUN_10011020,srZipAdapter::destructor,sirtech-unzip-adapter,strong,,Recovered destructor releases the callback record then the archive-path string
10011060,296,FUN_10011060,srZipAdapter::openMember,sirtech-unzip-adapter,strong,,Recovered source reads ZIP_CASE_INSENSITIVE and wraps an unambiguous Info-ZIP memory result
10011190,99,srInitPlugin,srInitPlugin,sirtech-unzip-adapter,exact,,PE export ordinal 2; allocates the wrapper and opener and registers the .zip stream type
10011200,,,srZipOpener::getDescription,sirtech-unzip-adapter,strong,,Opener vtable entry returning the SurRender .zip opener description
10011210,,,srUnzipPlugin::getDescription,sirtech-unzip-adapter,strong,,Plugin vtable entry returning the SurRender unzip plug-in description
10011220,30,FUN_10011220,srZipOpener::scalar_deleting_destructor,sirtech-unzip-adapter,strong,,Scalar deleting destructor for the ZIP opener object
10011240,63,FUN_10011240,srZipOpener::destructor,sirtech-unzip-adapter,strong,,ZIP opener destructor; destroys its owned adapter state
10011280,30,FUN_10011280,srUnzipPlugin::scalar_deleting_destructor,sirtech-unzip-adapter,strong,,Scalar deleting destructor for the complete plugin wrapper
100112a0,84,FUN_100112a0,srUnzipPlugin::destructor,sirtech-unzip-adapter,strong,,Complete plugin destructor; releases the owned opener
10011300,,,srPlugin::destructor,sirtech-unzip-adapter,exact,,One-byte srPlugin virtual destructor; exact decorated PDB identity and body generated by the recovered base declaration
10011310,,,srOwnedBinIMStream::scalar_deleting_destructor_adjustor,sirtech-unzip-adapter,strong,,First owned-memory-stream vtable slot; adjusts across the virtual base then jumps to 0x10011320
10011320,,,srOwnedBinIMStream::scalar_deleting_destructor,sirtech-unzip-adapter,strong,,Complete scalar deleting destructor for the 0x2c owned memory stream
10011350,46,FUN_10011350,srOwnedBinIMStream::destructor,sirtech-unzip-adapter,strong,,Virtual-base destructor body frees the owned Info-ZIP result buffer
10011380,,,srOwnedBinIMStream::getSize_adjustor,sirtech-unzip-adapter,strong,,Vtable slot adjusts through the virtual base and jumps to imported srBinIMStream::getSize
10011390,,,srOwnedBinIMStream::seek_from_start_adjustor,sirtech-unzip-adapter,strong,,Vtable slot adjusts through the virtual base and jumps to the imported one-argument srBinIMStream::seek
100113a0,,,srOwnedBinIMStream::seek_adjustor,sirtech-unzip-adapter,strong,,Vtable slot adjusts through the virtual base and jumps to the imported two-argument srBinIMStream::seek
100113b0,,,srOwnedBinIMStream::tell_adjustor,sirtech-unzip-adapter,strong,,Vtable slot adjusts through the virtual base and jumps to imported srBinIMStream::tell
100113c0,14,FUN_100113c0,srInlineString::default_constructor,sirtech-unzip-adapter,strong,,Initializes the 0x0c string to inline empty storage; recovered body is instruction-exact
100113d0,496,FUN_100113d0,srInlineString::concatenate,sirtech-unzip-adapter,strong,,Combines two inline-string path components into a returned value
100115c0,,,discardPrintOrService,sirtech-unzip-adapter,strong,,Shared Info-ZIP print and service callback body returning zero and popping two arguments
100115d0,,,discardReplace,sirtech-unzip-adapter,strong,,Info-ZIP replace callback returning zero and popping one argument
100115e0,,,discardMessage,sirtech-unzip-adapter,strong,,Info-ZIP application-message callback popping 0x34 argument bytes
100115f0,,,noteArchive,sirtech-unzip-adapter,exact,,Info-ZIP password callback takes the adapter as its fifth stack argument then copies the archive path and increments the adapter count
10011630,6,srGetLibraryVersion,srGetLibraryVersion,sirtech-unzip-adapter,exact,,"PE export ordinal 1; body is mov eax,0x012a0209; ret"
10011640,,,thunk_srBinIMStream_vread,msvc6-runtime-glue,exact,,Six-byte linker import thunk through IAT slot 0x100121b4 for srBinIMStream::vread
10011646,,,thunk_srBinIStream_vget,msvc6-runtime-glue,exact,,Six-byte linker import thunk through IAT slot 0x100121b0 for srBinIStream::vget
10011650,52,FUN_10011650,__allmul,msvc6-crt,high,vc6-rtm-vc6-rtm-multithreaded-static|vc6-sp3-libraries-vc6-sp3-multithreaded-static|vc6-sp4-libraries-vc6-sp4-multithreaded-static|vc6-sp5-vc6-sp5-multithreaded-static|vc6-sp6-vc6-sp6-multithreaded-static,Every matching source-built or pinned-library FID row agrees on this symbol; build recipe remains variant-ambiguous
10011690,104,FUN_10011690,__aulldiv,msvc6-crt,high,vc6-rtm-vc6-rtm-multithreaded-static|vc6-sp3-libraries-vc6-sp3-multithreaded-static|vc6-sp4-libraries-vc6-sp4-multithreaded-static|vc6-sp5-vc6-sp5-multithreaded-static|vc6-sp6-vc6-sp6-multithreaded-static,Every matching source-built or pinned-library FID row agrees on this symbol; build recipe remains variant-ambiguous
10011700,6,operator_new,operator_new_import_thunk,msvc6-runtime-glue,exact,,Six-byte linker thunk to the imported MSVCRT operator new
10011706,6,operator_delete,operator_delete_import_thunk,msvc6-runtime-glue,exact,,Six-byte linker thunk to the imported MSVCRT operator delete
1001170c,171,FUN_1001170c,__CRT_INIT@12,msvc6-crt,high,,VC6 crtdll.obj initialization body; the reconstructed linker emits the same named runtime body
100117b7,157,entry,__DllMainCRTStartup@12,msvc6-crt,high,vc6-rtm-vc6-rtm-multithreaded-static|vc6-sp3-libraries-vc6-sp3-multithreaded-static|vc6-sp4-libraries-vc6-sp4-multithreaded-static|vc6-sp5-vc6-sp5-multithreaded-static|vc6-sp6-vc6-sp6-multithreaded-static,Every matching source-built or pinned-library FID row agrees on this symbol; build recipe remains variant-ambiguous
10011854,6,initterm,__initterm_import_thunk,msvc6-runtime-glue,exact,,Six-byte linker thunk to the imported MSVCRT _initterm
10011860,8,Unwind@10011860,srZipOpener::open::unwind_string_54,msvc6-runtime-glue,strong,,EH cleanup for the srInlineString at EBP-0x54; grouped with srZipOpener::open by its FuncInfo record
10011868,9,Unwind@10011868,srZipOpener::open::unwind_search_paths,msvc6-runtime-glue,strong,,EH cleanup for the srStringTable at EBP-0x48 through the exact SR.DLL destructor import; grouped by FuncInfo
10011871,8,Unwind@10011871,srZipOpener::open::unwind_string_60,msvc6-runtime-glue,strong,,EH cleanup for the srInlineString at EBP-0x60; grouped by FuncInfo
10011879,23,Unwind@10011879,srZipOpener::open::conditional_unwind_string_30,msvc6-runtime-glue,strong,,Bit-0 conditional srInlineString cleanup at EBP-0x30 in the srZipOpener::open FuncInfo group
10011890,23,Unwind@10011890,srZipOpener::open::conditional_unwind_string_3c,msvc6-runtime-glue,strong,,Bit-1 conditional srInlineString cleanup at EBP-0x3c in the srZipOpener::open FuncInfo group
100118a7,23,Unwind@100118a7,srZipOpener::open::conditional_unwind_string_18,msvc6-runtime-glue,strong,,Bit-2 conditional srInlineString cleanup at EBP-0x18 in the srZipOpener::open FuncInfo group
100118be,23,Unwind@100118be,srZipOpener::open::conditional_unwind_string_24,msvc6-runtime-glue,strong,,Bit-3 conditional srInlineString cleanup at EBP-0x24 in the srZipOpener::open FuncInfo group
100118e0,8,Unwind@100118e0,srZipOpener::openArchivePath::unwind_argument,msvc6-runtime-glue,strong,,EH cleanup for the by-value srInlineString argument at EBP+4; grouped with openArchivePath by FuncInfo
100118e8,8,Unwind@100118e8,srZipOpener::openArchivePath::unwind_string_24,msvc6-runtime-glue,strong,,EH cleanup for the srInlineString at EBP-0x24 in the openArchivePath FuncInfo group
100118f0,8,Unwind@100118f0,srZipOpener::openArchivePath::unwind_string_30,msvc6-runtime-glue,strong,,EH cleanup for the srInlineString at EBP-0x30 in the openArchivePath FuncInfo group
100118f8,8,Unwind@100118f8,srZipOpener::openArchivePath::unwind_string_18,msvc6-runtime-glue,strong,,EH cleanup for the srInlineString at EBP-0x18 in the openArchivePath FuncInfo group
10011910,8,Unwind@10011910,srInlineString::substring_constructor::unwind,msvc6-runtime-glue,strong,,Constructor-failure cleanup for the partially initialized string; isolated by the following FuncInfo record
10011930,11,Unwind@10011930,srZipAdapter::openMember::unwind_delete,msvc6-runtime-glue,strong,,Allocation cleanup for a failed srOwnedBinIMStream construction in openMember
1001193b,27,Unwind@1001193b,srZipAdapter::openMember::unwind_virtual_base,msvc6-runtime-glue,strong,,Conditional srBinStream virtual-base destructor cleanup for failed owned-stream construction
10011960,9,Unwind@10011960,srInitPlugin::unwind_opener_base,msvc6-runtime-glue,strong,,Partial srZipOpener construction cleanup through the exact imported Opener destructor
10011980,9,Unwind@10011980,srInitPlugin::unwind_plugin_base,msvc6-runtime-glue,strong,,Partial srUnzipPlugin construction cleanup through the exact local srPlugin destructor
100119a0,8,Unwind@100119a0,srInlineString::concatenate::unwind_result,msvc6-runtime-glue,strong,,EH cleanup for the concatenation result at EBP-0x18; grouped with operator+ by FuncInfo
100119a8,23,Unwind@100119a8,srInlineString::concatenate::conditional_unwind_return,msvc6-runtime-glue,strong,,Conditional cleanup for the returned srInlineString at EBP+4 in operator+
