address,provisional_name,owner,confidence,evidence
00408860,PlaySound,fan-patch-oracle,strong,CFAgent pW8FUNC_PlaySound English seed address verified by embedded expected bytes
0040efa0,GetRandomNumber,fan-patch-oracle,strong,CFAgent pW8FUNC_GetRandomNumber English seed address verified by embedded expected bytes
00421680,VectorFromThreeFloats,fan-patch-oracle,strong,CFAgent pW8FUNC_3FloatsToVector English seed address verified by embedded expected bytes
0042a6f0,LoadLevel,fan-patch-oracle,strong,CFAgent pW8FUNC_LoadLevel English seed address verified by embedded expected bytes
0042b410,GetLocationIDFromCode,fan-patch-oracle,strong,CFAgent pW8FUNC_GetLocationIDFromCode English seed address verified by embedded expected bytes
0042b550,LevelGetFolderNameByID,fan-patch-oracle,strong,CFAgent pW8FUNC_LevelGetFolderNameByID English seed address verified by embedded expected bytes
0042b580,GetLoadedLevelID,fan-patch-oracle,strong,CFAgent pW8FUNC_GetLoadedLevelID English seed address verified by embedded expected bytes
0043d940,RunTrigger,fan-patch-oracle,strong,CFAgent pW8FUNC_RunTrigger English seed address verified by embedded expected bytes
00443780,FindTriggerByName,fan-patch-oracle,strong,CFAgent pW8FUNC_FindTriggerByName English seed address verified by embedded expected bytes
00443dc0,CreateLocationVar,fan-patch-oracle,strong,CFAgent pW8FUNC_CreateLocationVar English seed address verified by embedded expected bytes
00444170,GetLocationVarIDByName,fan-patch-oracle,strong,CFAgent pW8FUNC_GetLocationVarIDByName English seed address verified by embedded expected bytes
004456e0,PrintNothingHappenedOrSpecialItemRequired,fan-patch-oracle,strong,CFAgent pW8FUNC_PrintNothingHappenOrSpecItemReq English seed address verified by embedded expected bytes
00446110,Copy3DVector,fan-patch-oracle,strong,CFAgent pW8FUNC_Copy3DVector English seed address verified by embedded expected bytes
00451280,GetWorld,fan-patch-oracle,strong,CFAgent pW8FUNC_GetWorld English seed address verified by embedded expected bytes
004512c0,FindEntityByName,fan-patch-oracle,strong,CFAgent pW8FUNC_FindEntityByName English seed address verified by embedded expected bytes
0048bdc0,FindMonGenByName,fan-patch-oracle,strong,CFAgent pW8FUNC_FindMonGenByName English seed address verified by embedded expected bytes
004d8f00,SpawnMonsters,fan-patch-oracle,strong,CFAgent pW8FUNC_SpawnMonsters English seed address verified by embedded expected bytes
004d8f80,CreateAndPlaySoundNode,fan-patch-oracle,strong,CFAgent pW8FUNC_CreateAndPlaySoundNode English seed address verified by embedded expected bytes
004dcd40,TriggerArrowTrap,fan-patch-oracle,strong,CFAgent pW8FUNC_TrigFuncArrowTrap English seed address verified by embedded expected bytes
004e5550,MonsterGetIndexByLocationID,fan-patch-oracle,strong,CFAgent pW8FUNC_MonsterGetIndexByLocID English seed address verified by embedded expected bytes
004e5620,MonsterGetScriptPartByLocationIndex,fan-patch-oracle,strong,CFAgent pW8FUNC_MonsterGetScriptPartByLocIndex English seed address verified by embedded expected bytes
004e57c0,GetMonsterDataByID,fan-patch-oracle,strong,CFAgent pW8FUNC_GetMonsterDataByID English seed address verified by embedded expected bytes
004e7090,StartCombat,fan-patch-oracle,strong,CFAgent pW8FUNC_StartCombat English seed address verified by embedded expected bytes
004f6c50,SpawnItem,fan-patch-oracle,strong,CFAgent pW8FUNC_SpawnItem English seed address verified by embedded expected bytes
004fb220,CastSpellAtParty,fan-patch-oracle,strong,CFAgent pW8FUNC_CastSpellAtTheParty English seed address verified by embedded expected bytes
005061a0,SetFact,fan-patch-oracle,strong,CFAgent pW8FUNC_SetFact English seed address verified by embedded expected bytes
00506280,GetFact,fan-patch-oracle,strong,CFAgent pW8FUNC_GetFact English seed address verified by embedded expected bytes
005090c0,MonsterKilled,fan-patch-oracle,strong,CFAgent pW8FUNC_MonsterKilled English seed address verified by embedded expected bytes
0050b830,GetNPCItemListByID,fan-patch-oracle,strong,CFAgent pW8FUNC_GetNPCItemListByID English seed address verified by embedded expected bytes
00510b60,FindFirstMonsterByID,fan-patch-oracle,strong,CFAgent pW8FUNC_FindMonsterFirstByID English seed address verified by embedded expected bytes
00510bf0,FindNextExistingMonsterByID,fan-patch-oracle,strong,CFAgent pW8FUNC_FindNextExistingMonsterByID English seed address verified by embedded expected bytes
00511990,GiveBirthToMonster,fan-patch-oracle,strong,CFAgent pW8FUNC_GiveBirthToMonster English seed address verified by embedded expected bytes
00517ec0,CharacterPointerToPartySlot,fan-patch-oracle,strong,CFAgent pW8FUNC_PCPtrToPCSlot English seed address verified by embedded expected bytes
00518150,GetRandomCharacter,fan-patch-oracle,strong,CFAgent pW8FUNC_GetRandomCharacter English seed address verified by embedded expected bytes
0051b9e0,GetItemInHand,fan-patch-oracle,strong,CFAgent pW8FUNC_GetItemInHand English seed address verified by embedded expected bytes
0051c020,ReplaceOrCreateItem,fan-patch-oracle,strong,CFAgent pW8FUNC_ReplaceOrCreateItem English seed address verified by embedded expected bytes
0051c300,AddItemToCharacter,fan-patch-oracle,strong,CFAgent pW8FUNC_AddItemToCharacter English seed address verified by embedded expected bytes
0051e760,RemoveCharacterItem,fan-patch-oracle,strong,CFAgent pW8FUNC_RemoveCharItem English seed address verified by embedded expected bytes
0051f2f0,MergeItems,fan-patch-oracle,strong,CFAgent pW8FUNC_MergeItems English seed address verified by embedded expected bytes
00521ef0,AddItemToParty,fan-patch-oracle,strong,CFAgent pW8FUNC_AddItemToParty English seed address verified by embedded expected bytes
005222d0,GetOriginOfCharacterItem,fan-patch-oracle,strong,CFAgent pW8FUNC_GetOriginOfCharItem English seed address verified by embedded expected bytes
00522640,UpdateFactsAfterAcquiringItem,fan-patch-oracle,strong,CFAgent pW8FUNC_UpdateFactsAfterAcquiringItem English seed address verified by embedded expected bytes
00522fe0,SetCharacterCondition,fan-patch-oracle,strong,CFAgent pW8FUNC_SetCharCondition English seed address verified by embedded expected bytes
00523330,RemoveCharacterCondition,fan-patch-oracle,strong,CFAgent pW8FUNC_RemoveCharCondition English seed address verified by embedded expected bytes
00528a80,AddLinesToMessageBox,fan-patch-oracle,strong,CFAgent pW8FUNC_AddLinesToMessageBox English seed address verified by embedded expected bytes
005299b0,ShowString,fan-patch-oracle,strong,CFAgent pW8FUNC_ShowString1 English seed address verified by embedded expected bytes
0052ff80,GetStringFromStringDatabase,fan-patch-oracle,strong,CFAgent pW8FUNC_GetStringFromStringDB English seed address verified by embedded expected bytes
