program,call_site,call_kind,function_start,name
wiz8--demo--wiz8--8acda50afe39,0041d26e,register-indirect,0041cc70,GameData Mesh
wiz8--demo--wiz8--8acda50afe39,0041d298,register-indirect,0041cc70,GameData Mesh
wiz8--demo--wiz8--8acda50afe39,0042389f,register-indirect,004237e0,2D Permanent Overlay Scene
wiz8--demo--wiz8--8acda50afe39,00423915,register-indirect,004237e0,2D User Overlay Scene
wiz8--demo--wiz8--8acda50afe39,0042398b,register-indirect,004237e0,Full Screen Overlay Scene
wiz8--demo--wiz8--8acda50afe39,00423a03,register-indirect,004237e0,2D Overlay Scene (0)
wiz8--demo--wiz8--8acda50afe39,00423a79,register-indirect,004237e0,2D Overlay Scene (1)
wiz8--demo--wiz8--8acda50afe39,00424763,direct,004244e0,Video2DRectToPolygon
wiz8--demo--wiz8--8acda50afe39,0042498f,direct,004247c0,Video2DRectToSquarePolygon
wiz8--demo--wiz8--8acda50afe39,00424bf9,direct,004249f0,Video2DPolyColored
wiz8--demo--wiz8--8acda50afe39,00424d20,direct,00424cb0,VideoMakePoster
wiz8--demo--wiz8--8acda50afe39,00424ed4,register-indirect,00424d90,VideoMakePoster
wiz8--demo--wiz8--8acda50afe39,00425043,register-indirect,00424d90,VideoMakePoster
wiz8--demo--wiz8--8acda50afe39,0042512e,direct,004250a0,Video2DMakePolygonBrush
wiz8--demo--wiz8--8acda50afe39,00425233,direct,004250a0,Video2DMakePolygonBrush
wiz8--demo--wiz8--8acda50afe39,00425324,direct,004250a0,Video2DMakePolygonBrush
wiz8--demo--wiz8--8acda50afe39,00425438,register-indirect,00425380,Video2DMakePolygonBrush
wiz8--demo--wiz8--8acda50afe39,004255ae,register-indirect,00425380,Video2DMakePolygonBrush
wiz8--demo--wiz8--8acda50afe39,004281a8,register-indirect,00427ea0,MouseResize
wiz8--demo--wiz8--8acda50afe39,0042823f,register-indirect,00427ea0,Mouse Cursor Mesh
wiz8--demo--wiz8--8acda50afe39,00428a39,register-indirect,004289d0,Mouse Cursor Scene
wiz8--demo--wiz8--8acda50afe39,00429398,register-indirect,004292e0,VideoVObjecttoTextureAnim
wiz8--demo--wiz8--8acda50afe39,004294be,register-indirect,004292e0,VideoVObjecttoTextureAnim:srColorSurface
wiz8--demo--wiz8--8acda50afe39,00429533,register-indirect,004292e0,VideoVObjecttoTextureAnim
wiz8--demo--wiz8--8acda50afe39,0042b7ba,direct,0042b510,AnimatedCloudMaterial
wiz8--demo--wiz8--8acda50afe39,00443115,direct,004429d0,
wiz8--demo--wiz8--8acda50afe39,0044470a,direct,004429d0,
wiz8--demo--wiz8--8acda50afe39,0044c728,direct,0044c270,
wiz8--demo--wiz8--8acda50afe39,004505e6,register-indirect,00450520,Sir-Tech Scene Static Scene
wiz8--demo--wiz8--8acda50afe39,0045ea2f,direct,0045e970,WayPoint Mesh
wiz8--demo--wiz8--8acda50afe39,0045ec82,direct,0045e970,WayPoint Mesh
wiz8--demo--wiz8--8acda50afe39,00470ccd,direct,00470c70,
wiz8--demo--wiz8--8acda50afe39,00470dcc,direct,00470c70,
wiz8--demo--wiz8--8acda50afe39,00470ebb,direct,00470e20,
wiz8--demo--wiz8--8acda50afe39,00472364,direct,00472120,ST_CreateInstance
wiz8--demo--wiz8--8acda50afe39,0047242c,direct,00472120,ST_CreateInstance
wiz8--demo--wiz8--8acda50afe39,004793e3,direct,00479370,Sirtech Camera
wiz8--demo--wiz8--8acda50afe39,0047ec91,direct,0047eb70,
wiz8--demo--wiz8--8acda50afe39,004884b3,direct,00488200,Read Mesh Duplicate Instance
wiz8--demo--wiz8--8acda50afe39,00488c6f,register-indirect,00488500,
wiz8--demo--wiz8--8acda50afe39,00488c83,register-indirect,00488500,ReadSTMeshFromFile
wiz8--demo--wiz8--8acda50afe39,0048adb8,register-indirect,0048ab70,
wiz8--demo--wiz8--8acda50afe39,0048add6,register-indirect,0048ab70,Multi Mesh Instance
wiz8--demo--wiz8--8acda50afe39,0048ffb7,direct,0048f9f0,Cube Number Material
wiz8--demo--wiz8--8acda50afe39,004902a7,direct,0048f9f0,stCube
wiz8--demo--wiz8--8acda50afe39,00492366,direct,00492310,Music Playlist
wiz8--demo--wiz8--8acda50afe39,0049271e,direct,004925e0,
wiz8--demo--wiz8--8acda50afe39,00492750,direct,004925e0,
wiz8--demo--wiz8--8acda50afe39,0049abb9,direct,0049aab0,
wiz8--demo--wiz8--8acda50afe39,0049fe27,direct,0049fda0,MonFixedLight
wiz8--demo--wiz8--8acda50afe39,004a19d9,direct,004a18e0,ItemRep::ReadFromFile
wiz8--demo--wiz8--8acda50afe39,004ab6ec,direct,004ab690,Ground Shadow
wiz8--demo--wiz8--8acda50afe39,004b84be,direct,004b8320,Ani Mesh Duplicate Instance
wiz8--demo--wiz8--8acda50afe39,004b8549,direct,004b8320,Ani Mesh Duplicate Instance
wiz8--demo--wiz8--8acda50afe39,004b8902,direct,004b8750,AniMeshReallyReadFromFile
wiz8--demo--wiz8--8acda50afe39,004b8a7e,direct,004b8750,AniMeshReallyReadFromFile
wiz8--demo--wiz8--8acda50afe39,004bbac3,direct,004bb4a0,
wiz8--demo--wiz8--8acda50afe39,004bbd8b,direct,004bbcb0,
wiz8--demo--wiz8--8acda50afe39,004bc2fd,direct,004bbe90,
wiz8--demo--wiz8--8acda50afe39,004bc40a,direct,004bc320,
wiz8--demo--wiz8--8acda50afe39,004bdc4f,direct,004bdac0,ReadLevel
wiz8--demo--wiz8--8acda50afe39,004be6a3,direct,004bdac0,Unsunlit Prop Material
wiz8--demo--wiz8--8acda50afe39,004bfd60,direct,004bfb80,
wiz8--demo--wiz8--8acda50afe39,004c0015,direct,004bfe30,
wiz8--demo--wiz8--8acda50afe39,004cae4b,direct,004cac30,
wiz8--demo--wiz8--8acda50afe39,004d9300,direct,004d9230,
wiz8--demo--wiz8--8acda50afe39,00584b35,register-indirect,00584470,
wiz8--gog-1261--wiz8new--57a3072c2f83,0041cf2e,register-indirect,0041c140,GameData Mesh
wiz8--gog-1261--wiz8new--57a3072c2f83,0041cf58,register-indirect,0041c140,GameData Mesh
wiz8--gog-1261--wiz8new--57a3072c2f83,004235bf,register-indirect,00423500,2D Permanent Overlay Scene
wiz8--gog-1261--wiz8new--57a3072c2f83,00423635,register-indirect,00423500,2D User Overlay Scene
wiz8--gog-1261--wiz8new--57a3072c2f83,004236ab,register-indirect,00423500,Full Screen Overlay Scene
wiz8--gog-1261--wiz8new--57a3072c2f83,00423723,register-indirect,00423500,2D Overlay Scene (0)
wiz8--gog-1261--wiz8new--57a3072c2f83,00423799,register-indirect,00423500,2D Overlay Scene (1)
wiz8--gog-1261--wiz8new--57a3072c2f83,00424503,direct,00424280,Video2DRectToPolygon
wiz8--gog-1261--wiz8new--57a3072c2f83,0042472f,direct,00424560,Video2DRectToSquarePolygon
wiz8--gog-1261--wiz8new--57a3072c2f83,00424999,direct,00424790,Video2DPolyColored
wiz8--gog-1261--wiz8new--57a3072c2f83,00424b00,direct,00424a90,VideoMakePoster
wiz8--gog-1261--wiz8new--57a3072c2f83,00424ce4,register-indirect,00424ba0,VideoMakePoster
wiz8--gog-1261--wiz8new--57a3072c2f83,00424e53,register-indirect,00424ba0,VideoMakePoster
wiz8--gog-1261--wiz8new--57a3072c2f83,00424f3e,direct,00424eb0,Video2DMakePolygonBrush
wiz8--gog-1261--wiz8new--57a3072c2f83,00425043,direct,00424eb0,Video2DMakePolygonBrush
wiz8--gog-1261--wiz8new--57a3072c2f83,00425134,direct,00424eb0,Video2DMakePolygonBrush
wiz8--gog-1261--wiz8new--57a3072c2f83,00425248,register-indirect,00425190,Video2DMakePolygonBrush
wiz8--gog-1261--wiz8new--57a3072c2f83,004253be,register-indirect,00425190,Video2DMakePolygonBrush
wiz8--gog-1261--wiz8new--57a3072c2f83,00427d91,register-indirect,00427ab0,MouseResize
wiz8--gog-1261--wiz8new--57a3072c2f83,00427e28,register-indirect,00427ab0,Mouse Cursor Mesh
wiz8--gog-1261--wiz8new--57a3072c2f83,00428629,register-indirect,004285c0,Mouse Cursor Scene
wiz8--gog-1261--wiz8new--57a3072c2f83,00428f18,register-indirect,00428e60,VideoVObjecttoTextureAnim
wiz8--gog-1261--wiz8new--57a3072c2f83,0042903e,register-indirect,00428e60,VideoVObjecttoTextureAnim:srColorSurface
wiz8--gog-1261--wiz8new--57a3072c2f83,004290b3,register-indirect,00428e60,VideoVObjecttoTextureAnim
wiz8--gog-1261--wiz8new--57a3072c2f83,0042b1aa,direct,0042af60,AnimatedCloudMaterial
wiz8--gog-1261--wiz8new--57a3072c2f83,00441f02,direct,004417c0,
wiz8--gog-1261--wiz8new--57a3072c2f83,004434f1,direct,004417c0,
wiz8--gog-1261--wiz8new--57a3072c2f83,0044b395,direct,0044aee0,
wiz8--gog-1261--wiz8new--57a3072c2f83,0044f286,register-indirect,0044f1c0,Sir-Tech Scene Static Scene
wiz8--gog-1261--wiz8new--57a3072c2f83,0045d5ef,direct,0045d530,WayPoint Mesh
wiz8--gog-1261--wiz8new--57a3072c2f83,0045d842,direct,0045d530,WayPoint Mesh
wiz8--gog-1261--wiz8new--57a3072c2f83,0046dfed,direct,0046df90,
wiz8--gog-1261--wiz8new--57a3072c2f83,0046e0ec,direct,0046df90,
wiz8--gog-1261--wiz8new--57a3072c2f83,0046e1db,direct,0046e140,
wiz8--gog-1261--wiz8new--57a3072c2f83,0046f654,direct,0046f410,ST_CreateInstance
wiz8--gog-1261--wiz8new--57a3072c2f83,0046f71c,direct,0046f410,ST_CreateInstance
wiz8--gog-1261--wiz8new--57a3072c2f83,004764b3,direct,00476440,Sirtech Camera
wiz8--gog-1261--wiz8new--57a3072c2f83,0047c2d6,direct,0047c090,TGA-importer generated palette
wiz8--gog-1261--wiz8new--57a3072c2f83,0047c751,direct,0047c630,
wiz8--gog-1261--wiz8new--57a3072c2f83,00485bc3,direct,00485ab0,Read Mesh Duplicate Instance
wiz8--gog-1261--wiz8new--57a3072c2f83,0048637f,register-indirect,00485c10,
wiz8--gog-1261--wiz8new--57a3072c2f83,00486393,register-indirect,00485c10,ReadSTMeshFromFile
wiz8--gog-1261--wiz8new--57a3072c2f83,0048848b,register-indirect,00488240,
wiz8--gog-1261--wiz8new--57a3072c2f83,004884a9,register-indirect,00488240,Multi Mesh Instance
wiz8--gog-1261--wiz8new--57a3072c2f83,0048d647,direct,0048d080,Cube Number Material
wiz8--gog-1261--wiz8new--57a3072c2f83,0048d937,direct,0048d080,stCube
wiz8--gog-1261--wiz8new--57a3072c2f83,0048f996,direct,0048f940,Music Playlist
wiz8--gog-1261--wiz8new--57a3072c2f83,0048fd5c,direct,0048fc10,
wiz8--gog-1261--wiz8new--57a3072c2f83,0048fd8e,direct,0048fc10,
wiz8--gog-1261--wiz8new--57a3072c2f83,00498289,direct,00498180,
wiz8--gog-1261--wiz8new--57a3072c2f83,0049d587,direct,0049d500,MonFixedLight
wiz8--gog-1261--wiz8new--57a3072c2f83,0049f219,direct,0049f120,ItemRep::ReadFromFile
wiz8--gog-1261--wiz8new--57a3072c2f83,004a8dac,direct,004a8d50,Ground Shadow
wiz8--gog-1261--wiz8new--57a3072c2f83,004b5a6e,direct,004b58d0,Ani Mesh Duplicate Instance
wiz8--gog-1261--wiz8new--57a3072c2f83,004b5af9,direct,004b58d0,Ani Mesh Duplicate Instance
wiz8--gog-1261--wiz8new--57a3072c2f83,004b5eac,direct,004b5d00,AniMeshReallyReadFromFile
wiz8--gog-1261--wiz8new--57a3072c2f83,004b6028,direct,004b5d00,AniMeshReallyReadFromFile
wiz8--gog-1261--wiz8new--57a3072c2f83,004b9093,direct,004b8a70,
wiz8--gog-1261--wiz8new--57a3072c2f83,004b935b,direct,004b9280,
wiz8--gog-1261--wiz8new--57a3072c2f83,004b98cd,direct,004b9460,
wiz8--gog-1261--wiz8new--57a3072c2f83,004b99da,direct,004b98f0,
wiz8--gog-1261--wiz8new--57a3072c2f83,004bb151,direct,004baff0,ReadLevel
wiz8--gog-1261--wiz8new--57a3072c2f83,004bb98d,direct,004baff0,Unsunlit Prop Material
wiz8--gog-1261--wiz8new--57a3072c2f83,004bd000,direct,004bce20,
wiz8--gog-1261--wiz8new--57a3072c2f83,004bd2b5,direct,004bd0d0,
wiz8--gog-1261--wiz8new--57a3072c2f83,004c809b,direct,004c7e80,
wiz8--gog-1261--wiz8new--57a3072c2f83,004d6500,direct,004d6430,
wiz8--gog-1261--wiz8new--57a3072c2f83,0057ecfd,register-indirect,0057e660,
wiz8--gog-base--wiz8--18a74ff61c65,0041cf2e,register-indirect,0041c140,GameData Mesh
wiz8--gog-base--wiz8--18a74ff61c65,0041cf58,register-indirect,0041c140,GameData Mesh
wiz8--gog-base--wiz8--18a74ff61c65,004235bf,register-indirect,00423500,2D Permanent Overlay Scene
wiz8--gog-base--wiz8--18a74ff61c65,00423635,register-indirect,00423500,2D User Overlay Scene
wiz8--gog-base--wiz8--18a74ff61c65,004236ab,register-indirect,00423500,Full Screen Overlay Scene
wiz8--gog-base--wiz8--18a74ff61c65,00423723,register-indirect,00423500,2D Overlay Scene (0)
wiz8--gog-base--wiz8--18a74ff61c65,00423799,register-indirect,00423500,2D Overlay Scene (1)
wiz8--gog-base--wiz8--18a74ff61c65,00424503,direct,00424280,Video2DRectToPolygon
wiz8--gog-base--wiz8--18a74ff61c65,0042472f,direct,00424560,Video2DRectToSquarePolygon
wiz8--gog-base--wiz8--18a74ff61c65,00424999,direct,00424790,Video2DPolyColored
wiz8--gog-base--wiz8--18a74ff61c65,00424b00,direct,00424a90,VideoMakePoster
wiz8--gog-base--wiz8--18a74ff61c65,00424ce4,register-indirect,00424ba0,VideoMakePoster
wiz8--gog-base--wiz8--18a74ff61c65,00424e53,register-indirect,00424ba0,VideoMakePoster
wiz8--gog-base--wiz8--18a74ff61c65,00424f3e,direct,00424eb0,Video2DMakePolygonBrush
wiz8--gog-base--wiz8--18a74ff61c65,00425043,direct,00424eb0,Video2DMakePolygonBrush
wiz8--gog-base--wiz8--18a74ff61c65,00425134,direct,00424eb0,Video2DMakePolygonBrush
wiz8--gog-base--wiz8--18a74ff61c65,00425248,register-indirect,00425190,Video2DMakePolygonBrush
wiz8--gog-base--wiz8--18a74ff61c65,004253be,register-indirect,00425190,Video2DMakePolygonBrush
wiz8--gog-base--wiz8--18a74ff61c65,00427d91,register-indirect,00427ab0,MouseResize
wiz8--gog-base--wiz8--18a74ff61c65,00427e28,register-indirect,00427ab0,Mouse Cursor Mesh
wiz8--gog-base--wiz8--18a74ff61c65,00428629,register-indirect,004285c0,Mouse Cursor Scene
wiz8--gog-base--wiz8--18a74ff61c65,00428f18,register-indirect,00428e60,VideoVObjecttoTextureAnim
wiz8--gog-base--wiz8--18a74ff61c65,0042903e,register-indirect,00428e60,VideoVObjecttoTextureAnim:srColorSurface
wiz8--gog-base--wiz8--18a74ff61c65,004290b3,register-indirect,00428e60,VideoVObjecttoTextureAnim
wiz8--gog-base--wiz8--18a74ff61c65,0042b1aa,direct,0042af60,AnimatedCloudMaterial
wiz8--gog-base--wiz8--18a74ff61c65,00441f02,direct,004417c0,
wiz8--gog-base--wiz8--18a74ff61c65,004434f1,direct,004417c0,
wiz8--gog-base--wiz8--18a74ff61c65,0044b395,direct,0044aee0,
wiz8--gog-base--wiz8--18a74ff61c65,0044f286,register-indirect,0044f1c0,Sir-Tech Scene Static Scene
wiz8--gog-base--wiz8--18a74ff61c65,0045d5ef,direct,0045d530,WayPoint Mesh
wiz8--gog-base--wiz8--18a74ff61c65,0045d842,direct,0045d530,WayPoint Mesh
wiz8--gog-base--wiz8--18a74ff61c65,0046dfed,direct,0046df90,
wiz8--gog-base--wiz8--18a74ff61c65,0046e0ec,direct,0046df90,
wiz8--gog-base--wiz8--18a74ff61c65,0046e1db,direct,0046e140,
wiz8--gog-base--wiz8--18a74ff61c65,0046f654,direct,0046f410,ST_CreateInstance
wiz8--gog-base--wiz8--18a74ff61c65,0046f71c,direct,0046f410,ST_CreateInstance
wiz8--gog-base--wiz8--18a74ff61c65,004764b3,direct,00476440,Sirtech Camera
wiz8--gog-base--wiz8--18a74ff61c65,0047c2d6,direct,0047c090,TGA-importer generated palette
wiz8--gog-base--wiz8--18a74ff61c65,0047c751,direct,0047c630,
wiz8--gog-base--wiz8--18a74ff61c65,00485bc3,direct,00485ab0,Read Mesh Duplicate Instance
wiz8--gog-base--wiz8--18a74ff61c65,0048637f,register-indirect,00485c10,
wiz8--gog-base--wiz8--18a74ff61c65,00486393,register-indirect,00485c10,ReadSTMeshFromFile
wiz8--gog-base--wiz8--18a74ff61c65,0048848b,register-indirect,00488240,
wiz8--gog-base--wiz8--18a74ff61c65,004884a9,register-indirect,00488240,Multi Mesh Instance
wiz8--gog-base--wiz8--18a74ff61c65,0048d647,direct,0048d080,Cube Number Material
wiz8--gog-base--wiz8--18a74ff61c65,0048d937,direct,0048d080,stCube
wiz8--gog-base--wiz8--18a74ff61c65,0048f996,direct,0048f940,Music Playlist
wiz8--gog-base--wiz8--18a74ff61c65,0048fd5c,direct,0048fc10,
wiz8--gog-base--wiz8--18a74ff61c65,0048fd8e,direct,0048fc10,
wiz8--gog-base--wiz8--18a74ff61c65,00498289,direct,00498180,
wiz8--gog-base--wiz8--18a74ff61c65,0049d587,direct,0049d500,MonFixedLight
wiz8--gog-base--wiz8--18a74ff61c65,0049f219,direct,0049f120,ItemRep::ReadFromFile
wiz8--gog-base--wiz8--18a74ff61c65,004a8dac,direct,004a8d50,Ground Shadow
wiz8--gog-base--wiz8--18a74ff61c65,004b5a6e,direct,004b58d0,Ani Mesh Duplicate Instance
wiz8--gog-base--wiz8--18a74ff61c65,004b5af9,direct,004b58d0,Ani Mesh Duplicate Instance
wiz8--gog-base--wiz8--18a74ff61c65,004b5eac,direct,004b5d00,AniMeshReallyReadFromFile
wiz8--gog-base--wiz8--18a74ff61c65,004b6028,direct,004b5d00,AniMeshReallyReadFromFile
wiz8--gog-base--wiz8--18a74ff61c65,004b9093,direct,004b8a70,
wiz8--gog-base--wiz8--18a74ff61c65,004b935b,direct,004b9280,
wiz8--gog-base--wiz8--18a74ff61c65,004b98cd,direct,004b9460,
wiz8--gog-base--wiz8--18a74ff61c65,004b99da,direct,004b98f0,
wiz8--gog-base--wiz8--18a74ff61c65,004bb151,direct,004baff0,ReadLevel
wiz8--gog-base--wiz8--18a74ff61c65,004bb98d,direct,004baff0,Unsunlit Prop Material
wiz8--gog-base--wiz8--18a74ff61c65,004bd000,direct,004bce20,
wiz8--gog-base--wiz8--18a74ff61c65,004bd2b5,direct,004bd0d0,
wiz8--gog-base--wiz8--18a74ff61c65,004c809b,direct,004c7e80,
wiz8--gog-base--wiz8--18a74ff61c65,004d6500,direct,004d6430,
wiz8--gog-base--wiz8--18a74ff61c65,0057ecfd,register-indirect,0057e660,
