program,class_name,confidence,primary_vtable_id,constructor,destructor,scalar_deleting_destructor,base_classes,base_name_origin,source_path,evidence
wiz8,W8WorldItemOwner,strong,,,,,,,,The byte-exact SetItemAndEntityFlags body follows W8WorldItem owner at +0x04 then this object's entity pointer at +0x14; SaveItemFile independently follows the same chain
wiz8,W8WorldEntity,strong,,,,,,,,SetItemAndEntityFlags calls the entity flag updater and SaveItemFile reads its +0x90 flag word through the same typed owner chain; the position at +0x04 is separately read by the save path
wiz8,Controls,strong,Controls.primary,004f2c30,004f2d30,,,,Local Code\Controls.cpp,The constructors and exact destructor identify vtable 0x005ed5a4 and a complete typed W8ControlsVector005ED5B0 subobject at +0x38; m_uiRegionSetId at +0x48 is named by the canonical assertion and byte-proven by EnableRegionSet
wiz8,W8ControlsRect,strong,,,,,,,Local Code\Controls.cpp,"Invalidate reads four consecutive signed dwords from its rectangle argument and applies them as left, top, right and bottom bounds"
wiz8,W8TextBuffer005ED5B8,strong,,004f3310,004f3480,004f3370,,,Local Code\Controls.cpp,"The constructors install vtable 0x005ed5b8 and initialize the complete 0x50-byte object; typed mutation, alignment and rendering methods prove both rectangles, the owned wide string, layout flags, line metrics, render mode, dirty state, alternate-renderer flag and font-state index"
wiz8,W8TextControl005ED604,strong,W8TextControl005ED604.primary,004f4250,004f6640,004f6030,W8WidgetBase005ED5BC (ctor 004f3dd0; 0x34 bytes),address-qualified-positional,Local Code\Controls.cpp,The 20-slot text-control family embeds a complete W8TextBuffer005ED5B8 at +0x60. Bounds methods update that typed subobject; activation methods prove four typed callbacks in inherited storage and a listener pointer at +0xb4 whose first two virtual slots receive this
wiz8,W8HelpTextControl005ED758,strong,,004f65e0,,,W8TextControl005ED604 (ctor 004f4250; 0xb8 bytes),address-qualified-positional,Local Code\Controls.cpp,The constructor installs vtable 0x005ed758 over a W8TextControl base and clears a fixed wchar_t buffer at +0xb8; byte-exact SetRegionHelp bounds copies to 199 characters and UpdateRegionHelp consumes that same buffer
wiz8,W8VerticalRangeThumb005ED6B4,strong,,,,,W8WidgetBase005ED5BC (0x34 bytes),address-qualified-descriptive,Local Code\Controls.cpp,The 0x005ed6b4 constructor and complete interaction family prove a vertical draggable range thumb whose normalized float position maps through vertical travel +0x54 into pixel Y +0x4c and synchronizes its typed integer controller at +0x6c
wiz8,W8RangeControl005ED74C,strong,Controls.range,004f61f0,004f63c0,,Controls (ctor 004f2ca0; 0x4c bytes),descriptive,Local Code\Controls.cpp,The complete constructor owns two W8RangeButton005ED6FC children and one W8VerticalRangeThumb005ED6B4; the byte-exact destructor deletes those three children in order before the typed Controls base releases its embedded vector
wiz8,W8RangeButton005ED6FC,strong,,,,,W8TextControl005ED604 (ctor 004f4250; 0xb8 bytes),address-qualified-positional,Local Code\Controls.cpp,Two complete inline constructions in 004f61f0 install vtable 0x005ed6fc after the typed text-control base and independently store the direction word at +0xb8 and owning range pointer at +0xbc
wiz8,GrCycle,strong,GrCycle.primary,004a5e50,004a6610,004a5f00,unnamed +0x0 base (ctor 004b6900; 0x18 bytes); unnamed +0x18 base (ctor 00451ec0; 0x190 bytes),address-qualified-positional,Engine Code\GrCycle.cpp,"Primary slots 4 and 11 directly reference the exact source path; constructor and destructor prove bases at +0x0 and +0x18 and derived storage beginning at +0x1a8; the secondary vtable has five slots because 0x005ececc is separately installed into an embedded container by the copy constructor; primary slot 9 is byte-proven at vtable offset 0x24 by SetBehaviour; primary slots 5-9, 12, 13 and 15 all thunk to _purecall, so GrCycle is an abstract base with eight pure virtuals; the exact 0x004A8530 body types the owned vector pointer at +0x1b0"
wiz8,W8GrCycleTarget,strong,,,,,,,Engine Code\GrCycle.cpp,"The exact SetSubCycle and SetBehaviour methods both obtain this representation from GrCycle primary slot 9; they independently prove the byte at +0x64 and signed byte at +0x70. The descriptive target name claims only that shared receiver role, not an original class identity"
wiz8,Item,strong,,,,,,,Engine Code\Item.cpp,m_pRep at 0x14 and the chained ItemRep::m_psrMesh at 0x64 are both named by the canonical assertion m_pRep->m_psrMesh at line 614 and proven together by a seven-byte getter; ItemRep is a distinct type reached only through this member
wiz8,Monster,strong,Monster.primary,004bea20,004bee50,004beba0,,,Engine Code\Monster.cpp,Slots 5 12 and 26 directly reference the exact source path; constructor writes this vtable after initializing fields through offset 0x624; the 0xac array is proven to hold CYCLE_NUM_UNIQUE (27) 0x10-byte entries by a byte-exact port of GetNumSubsPerCycle whose name is the message column of evidence/observations/wiz8/assertions.csv at site 004bfad1; MonsterManager consumers prove the positional member at +0x18 through its fields at member +0x0c +0x5c +0x88 and +0x8c and the cycle 18 pointer at Monster +0x1d8
wiz8,MonsterInfoDialog,strong,MonsterInfoDialog.primary,005d5e30,005d5f00,005d5ee0,unnamed +0x0 base (ctor 005dc7a0; 0x54 bytes),address-qualified-positional,Dialog Code\MonsterInfoDialog.cpp,Slot 3 directly references the exact source path; constructor proves one base at +0x0 followed by three embedded members at +0x58 +0xa4 and +0xec - not four bases - then loads Data\Dialogs\popup_monsterinfo.sti and writes this vtable; the exact +0xec member constructor writes through its own +0x56 and raises the proven minimum extent to 0x144; the unit contains no assertions so no member name is recovered
wiz8,W8DialogMember005DB1B0,exact,W8DialogMember005DB1B0.primary,005db1b0,005db260,005db210,,,,Exact constructor and complete destructor prove the address-qualified polymorphic member's layout and the two separately released resource handles at +0x18 and +0x1c
wiz8,W8DialogMember005D14D0,strong,,005d14d0,005d1590,,,,,Exact constructor and destructor prove two embedded pointer-vector specializations at +0x1c and +0x2c and positional fields through +0x56; 0x58 is a proven aligned minimum because this is the last member in its owner
wiz8,W8DialogPtrVector005EF898,exact,W8DialogPtrVector005EF898.primary,,005d2540,005d2590,W8DialogPtrVectorBase005EF89C,address-qualified-positional,,The exact enclosing constructor installs base vtable 0x005ef89c then derived vtable 0x005ef898 on each 0x10-byte member; exact emitted destructors prove suffix-sharing one-slot tables and the shared backing-array layout
wiz8,W8DialogPtrVectorBase005EF89C,exact,W8DialogPtrVectorBase005EF89C.primary,,,005d2560,,address-qualified-positional,,The base vtable is installed during construction and destruction; the exact scalar deleting destructor and the exact enclosing derived complete destructor prove data at +0x0c
wiz8,MonsterLight,strong,MonsterLight.primary,0049d660,0049e0d0,0049e0a0,"srLight (itself srVertexProcessor + srClassSupport<srIlluminator,srNode,0,0x1200>)",original-export,,"Copy constructor 0x0049d660 calls the srLight base constructor, installs local vtables at +0 and +0x138, deep-copies state through offset 0x249, and reinstalls the imported srLight base vftables; its sole caller allocates exactly 0x250 bytes and sits inside Monster's copy constructor (0x004bebd0) copying Monster+0x624, so Monster owns a pointer to this object; the default constructor is not yet identified; primary slot 0 returns the class-registry name ""srLight"" and slot 1 the class ID 0x1220, so this object presents itself to the SurRender scene graph as an srLight variant rather than under a Wizardry name - MonsterLight stays descriptive; slot 5 at 0x0049e0a0 is the scalar deleting destructor and calls the complete destructor at 0x0049e0d0, which restores vtable 0x005ecd18"
wiz8,Octree,strong,,,,,,,Engine Code\Octree.cpp,"Named by the message column of evidence/observations/wiz8/assertions.csv at sites 0042e471 and 0042e4f1 ('Too many props/particles loaded for Octree'); seven fields byte-proven at 0x0c4, 0x0f8, 0x114, 0x118, 0x11c, 0x11e and 0x188, with the loaded counters UINT16 and the totals UINT32 exactly as the assertion casts say; no vtable, constructor or destructor identified yet, so the minimum size is only the extent the proven fields require"
wiz8,VirtualFileBinIStream,strong,VirtualFileBinIStream.primary,0047cbd0,,,srBinIStream (virtual base srBinStream at +0x10),original-export,,"Installs the imported ??_7srBinIStream@@6B0@@ and ??_7srBinIStream@@6BsrBinStream@@@ base vftables then overwrites both with its own; vbptr at +4 selects vbtable 0x005ec6a8 whose entries -4 and 12 place the virtual srBinStream subobject at +0x10, matching the lea ecx,[esi+0x10] base construction; its sole caller allocates exactly 0x20 bytes; stores an OpenVirtualFile (0x00404c80) handle at +8, so it adapts the SurRender stream hierarchy to the SLF virtual file system; the handle at +8 is byte-proven by primary slot 1, which reads it and passes it to ReadVirtualFile"
wiz8,W8IList,exact,,,,,,,3D Code\IList.cpp,"All nine source-owned IList functions agree on data at 0x00, capacity at 0x04 and count at 0x08; Create allocates exactly 0x0c bytes"
wiz8,W8GrowableVector<int>,strong,W8GrowableVector<int>.primary,,,00446130,,descriptive,,This is the candidate-index instantiation of the shared growable-vector template. The byte-exact grower proves count capacity and data at +0x04/+0x08/+0x0c; GenerateItemsFromTable installs vtable 0x005ec0e0 and allocates five four-byte slots; a direct xref to 0x005ec0e4 proves that the adjacent code pointer starts another vtable rather than slot 1
wiz8,W8GrowableVector<W8WorldItem *>,strong,,,,,,descriptive,,Output specialization used by GenerateItemsFromTable. Its inlined Add accesses count capacity and data at +0x04/+0x08/+0x0c and calls the same folded four-byte Grow body as the candidate-index specialization; the function does not expose this specialization's vtable address
wiz8,W8MonsterManagerEntry,exact,,004e6a30,004e6a10,,,,Local Code\MonsterManager.cpp,The outer state constructor passes an eight-element array with stride 0x118 to the VC6 vector-constructor iterator; the element constructor and destructor prove the polymorphic pointer-vector storage at 0xd8
wiz8,W8MonsterGroup,exact,,,,,,,Local Code\MonsterGroup.cpp,LoadMonsterGroup allocates reads and version-fixes exactly 0x12b bytes; the GroupIndex and GroupInfo lookup pair prove group_id at +0x00 and the member list at +0x08 while group removal and the active-member recount establish both counters
wiz8,W8MonsterInfo,exact,,,,,,,Local Code\MonsterManager.cpp,The creator at 0x004e3930 allocates and zeroes exactly 0x425 bytes; the lookup cluster proves the identifier at 0x00 database species ID at 0x08 and live Monster pointer at 0x0c; exact 0x004e5c00 adds typed gates at 0x14 0x9f and 0x2da plus the byte at 0x253; the official demo names the exact 0x004e60b0 field at 0x24e motionless; exact 0x004e6020 proves the MonsterGroup ID at 0x04 and control state at 0x2fd; exact 0x004e5a50 and 0x004e5d00 prove the unaligned values and attribute arrays; exact 0x004e5ea0 and 0x004e6020 prove the byte at 0x255
wiz8,W8MonsterRuntimeBlock1DB,exact,,,,,,,Local Code\MonsterManager.cpp,The creator at 0x004e3930 clears exactly 0x67 bytes starting at W8MonsterInfo +0x1db as 25 dwords one word and one byte; later exact consumers independently prove signed damage reduction at relative +0x06 and the seven signed attribute adjustments at relative +0x0c. The address-qualified name preserves the established subobject boundary without claiming an original identifier
wiz8,W8ScreenRect,exact,,,,,,,Local Code\UtilityFunctions.cpp,Exact 0x00517e20 and 0x00517e70 jointly prove four signed 32-bit edges in left top right bottom order
wiz8,W8ScreenPoint,exact,,,,,,,Local Code\UtilityFunctions.cpp,Exact 0x00517e70 proves signed x and y coordinates consumed against the four rectangle edges
wiz8,W8Character,exact,,,,,,,,The eight-slot party scans at 0x00517ec0 and 0x00517f30 independently advance by exactly 0x1862 bytes; the structure remains opaque here except for fields separately proven by canonical consumers
wiz8,W8RPCSlot,exact,,,,,,,Local Code\UtilityFunctions.cpp,The byte-exact RPCPtrToPCSlot loop advances through eight records with an exact 0x118 stride and otherwise treats the records as opaque
wiz8,W8RegionSet,exact,,,,,,,Local Code\RegionManager.cpp,Exact 0x004f21e0-0x004f22f0 and 0x004f2880 prove the 12-byte enabled/first/last layout
wiz8,W8Region,exact,,,,,,,Local Code\RegionManager.cpp,Exact 0x004f2380-0x004f2a30 prove the complete 28-byte flags geometry callback help and owner layout
wiz8,W8MonsterManagerState,exact,,004e6970,004e6940,,,,Local Code\MonsterManager.cpp,The global constructor at 0x004e6910 passes 0x006836b8 as this; the complete constructor and destructor prove eight W8MonsterManagerEntry elements followed by a polymorphic pointer vector at unaligned offset 0x9b7
wiz8,W8PList,exact,,,,,,,3D Code\PList.cpp,"All twelve source-owned PList functions agree on data at 0x00, capacity at 0x04 and count at 0x08; Create allocates exactly 0x0c bytes"
wiz8,W8WorldItem,exact,,,,,,,Local Code\LoadSaveGame.cpp,"Established by include/wiz8/item_spawning.h and proven by the byte-exact CreateWorldItem, SpawnItem and the LoadSaveGame.cpp serializers, which agree on the 0xad stride and on the link at 0x31 that the chain is walked and rebuilt through"
wiz8,stLight,strong,stLight.primary,,,,,,Engine Code\Include\stLight.hpp,"Named by its own class registry: vtable 0x005ecc64 slot 0 returns the string ""stLight"" and slot 1 the class ID 0x10006. Independently corroborated by the relative assertion path Engine Code\Include\stLight.hpp recovered from the assertion harvest, so the name has two unrelated origins. Its two vtables are installed by eight distinct functions including GrCycle's copy constructor 0x004a5f20, so GrCycle owns or embeds one. Wizardry-registered classes use IDs from 0x10000 up, while SurRender's own sit near 0x1200-0x3110"
wiz8,W8World,strong,,,,,,,Engine Code\3d.cpp,"plsProps at 0x08 is named and typed by the canonical assertion pWorld && pWorld->plsProps at 3d.cpp:344 and byte-proven by WorldUpdateProps; psrMeshes at 0x48 is named by the 3dapi.cpp:446 assertion but has no ported consumer and stays unproven; the monster-generator vector pointer at 0xc4 is placed by the structurally-strong FindMonGenByName accessor; no vtable, constructor or destructor identified"
wiz8,W8TargetSource,strong,,,,,,,Local Code\Targeting.cpp,"iType/iChar/iMonsterID and the two flags are named by the canonical assertions at Targeting.cpp lines 3299, 3307, 3320 and 3328, which also pin BAD_INDEX to -1; the short-circuit || test order proves fReflection at 0x1b and fBackfire at 0x1c because swapping them reorders the emitted byte tests; iType reads 1 for character, 2 for monster and 3 for either"
wiz8,W8Dialog005A80A0,exact,W8Dialog005A80A0.primary,005a80a0,005a8190,005a8170,unnamed +0x0 base (ctor 005d25b0; dtor 005d2610; 0x98 bytes),address-qualified-positional,,"The constructor calls the base constructor 0x005d25b0 first, initializes its own two fields, then installs this vtable; the complete destructor 0x005a8190 restores the vtable and calls the base destructor 0x005d2610; vtable slot 0 at 0x005a8170 calls that complete destructor and conditionally frees, which is the scalar deleting destructor shape. Two of the three construction sites push exactly 0xa0 to operator new before calling the constructor, and the first own field sits at 0x98 - the same extent the base reaches when allocated standalone, so the two readings of the base size agree. The 15-slot count is bounded independently: 0x005eefa8 is referenced from eleven code sites and therefore starts another table. Behaviourally a modal dialog - the constructor loads Data\Dialogs\DialogBackground.sti through inherited setup methods, takes a message index into the table at 0x0068c09c, and registers region 0x138 that slot 9 clears on close"
wiz8,W8DialogBase005D25B0,strong,W8DialogBase005D25B0.primary,005d25b0,005d2610,005d25f0,W8DialogBase005DC7A0 (ctor 005dc7a0; dtor 005dc860; 0x54 bytes),address-qualified-positional,,"The shared dialog base between W8DialogBase005DC7A0 and the concrete dialogs. Its fifteen slots are what derived dialogs inherit: W8Dialog005A80A0's table is identical except slot 0, each class's own scalar deleting destructor, and slot 9, which it overrides. The 0x98 extent has two independent readings - its own construction sites and the offset where W8Dialog005A80A0's first own field starts. The complete destructor dispatches its own slot 2 directly, which is what a virtual call during destruction compiles to"
wiz8,W8StatInfoDialog005DFC70,strong,W8StatInfoDialog005DFC70.primary,005dfc70,005dfd20,005dfd00,W8StatInfoDialogBase005DF880 (ctor 005df880; dtor 005dfd20; 0x140 bytes),address-qualified-positional,Dialog Code\StatInfoDialogs.cpp,"One of two attribute-info dialog twins whose constructors are the same body twice: they differ only in vtable, lookup tables (0x61e3a4 and 0x61e4fc) and assertion line (204). The source path and the parameter name uiIndex come from the class's own assertion uiIndex < ATTR_COUNT, which also pins ATTR_COUNT to seven - the attribute count W8Character carries. The constructor is byte-exact, which places the three tail fields; the complete destructor restores the shared base vtable 0x005efc88 rather than its own, because an empty derived destructor makes that store dead and VC6 drops it"
wiz8,W8StatInfoDialog005E0180,strong,W8StatInfoDialog005E0180.primary,005e0180,005e0230,005e0210,W8StatInfoDialogBase005DF880 (ctor 005df880; dtor 005dfd20; 0x140 bytes),address-qualified-positional,Dialog Code\StatInfoDialogs.cpp,"One of two attribute-info dialog twins whose constructors are the same body twice: they differ only in vtable, lookup tables (0x61e3c4 and 0x61e50c) and assertion line (278). The source path and the parameter name uiIndex come from the class's own assertion uiIndex < ATTR_COUNT, which also pins ATTR_COUNT to seven - the attribute count W8Character carries. The constructor is byte-exact, which places the three tail fields; the complete destructor restores the shared base vtable 0x005efc88 rather than its own, because an empty derived destructor makes that store dead and VC6 drops it"
wiz8,W8Object0043A910,strong,W8Object0043A910.primary,0043a910,0043ac60,0043ac40,W8ObjectBase00439550 (ctor 00439550; 0x14 bytes),address-qualified-positional,,"An engine object whose byte-exact constructor establishes the whole 0x34 layout: it copies the 0.1 rate global at 0x006068ec into the float at 0x1c, scales that member by ten thousand through ftol into the two equal integers at 0x14 and 0x18, and sets one and two into the floats at 0x20 and 0x24 with three cleared words following. Nothing in the image names it - the constructor sits in a gap between assertion-anchored units and references no naming string - so the name is qualified by its constructor address"
wiz8,W8WidgetBase005ED5BC,strong,W8WidgetBase005ED5BC.primary,004f3dd0,004f3f10,004f3d90,,,Local Code\Controls.cpp,The 18-slot base of the widget family. Its recovered 0x34-byte constructor establishes the complete layout and vtable; the byte-exact scalar deleting destructor at 0x004f3d90 folds the complete teardown whose separate 0x004f3f10 body restores the table clears flag +0x05 and disables a live region at +0x18
wiz8,W8Control005ED654,strong,W8Control005ED654.primary,004f5450,,,W8ControlBase005ED664 (0x10 bytes; destructor implicit),address-qualified-positional,Local Code\Controls.cpp,"A control whose byte-exact constructor carries its base's construction inlined and embeds one growable-vector instantiation at +0x10 under a second vtable, the shape wiz8/vector.h describes rather than a private copy of the template. Construction order reads off the family map: the base table 0x005ed664 at +0, the vector's template table 0x005ed660 and its own 0x005ed65c at +0x10, then this class's table last. The base's destructor is implicit, which the match proves - a user-declared one gives the body an unwind frame the canonical lacks, because the vector's operator new can throw after the base is built. The unit comes from the constructor sitting inside the Controls.cpp interval"
wiz8,W8Object005EBCFC,strong,W8Object005EBCFC.primary,,004218d0,004218b0,W8ObjectBase00439A00 (dtor 00439a00),address-qualified-positional,,"A one-slot polymorphic class whose whole teardown is what an empty derived destructor emits over a base with one: restore the class vtable, tail-jump to 0x00439a00. Both bodies are byte-exact. The image also holds an adjustor form at 0x00421890 - the same body behind add ecx, 0xc4 - so the class is embedded at +0xc4 of a larger object that is not recovered here. No extent beyond the vtable pointer is claimed: the census's 0x28 allocation hint rests on writer attribution the padding heuristic got wrong, since the site at 0x00421896 lies past the end of the function the census assigned it to"
wiz8,W8Object005EF894,strong,W8Object005EF894.primary,,005d1020,005d1030,W8TextBuffer005ED5B8 (dtor 004f3480; 0x50 bytes),address-qualified-positional,,"One leaf of the W8TextBuffer family: its complete destructor restores vtable 0x005ef894 and then invokes the reviewed W8TextBuffer005ED5B8 destructor at 0x004f3480. The whole teardown is what an empty derived destructor emits over that base and both derived bodies are byte-exact. No constructor or added storage is identified, so the base's proven 0x50-byte extent is the minimum and only the derived vtable pointer is separately claimed"
wiz8,W8Prop005EC1E0,strong,W8Prop005EC1E0.primary,,0044bec0,,W8PropBase004B6B60 (dtor 004b6b60; 0x14 bytes),address-qualified-positional,Engine Code\Prop.cpp,"The byte-exact complete destructor releases four owned members and each release names the shape of what it owns: +0x14 and +0x28 go through vtable slot 0 with the deleting flag, so those types have virtual destructors; +0x20 is a null check and a bare operator delete, which is what a declared-but-empty destructor emits since a trivially destructible pointer skips the check entirely; +0x38 has its destructor called directly at 0x004b6ed0 and then operator delete, the non-virtual shape. The base extent is 0x14, where the first owned member starts. The unit comes from the body sitting inside the Prop.cpp interval"
wiz8,GDProp,strong,,004b6e00,004b6ed0,,,,Engine Code\GDProp.cpp,"Prop.cpp allocates exactly 0x58 bytes, calls 0x004b6e00 and stores the returned object at Prop+0x38. The constructor is relocation-masked byte-exact and establishes five explicit arguments plus every initialized scalar field through +0x54. The exact complete destructor at 0x004b6ed0 releases five owned allocations. The same-object method at 0x004b6f30 carries GDProp.cpp assertions naming m_pGDSurfaces and m_pVertices at +0x1c and +0x20, while its allocation strides and count loads establish +0x14 and +0x18. The class has no vptr and is destroyed by a direct non-virtual call."
wiz8,W8GrowableVector<W8VectorElement005ED094 *>,exact,W8GrowableVector<W8VectorElement005ED094 *>.primary,,,004b6d90,,,Engine Code\GrObject.cpp,"The sound-event instantiation of the shared growable vector. Its deleting destructor at 0x004B6D90 is byte-exact and folds the complete destructor in, releasing the element storage at +0x0c with a bare operator delete; the count, capacity and storage offsets are equally fixed by the byte-exact Add site inlined into 0x004B6BD0"
wiz8,W8SoundEventVector005ED094,exact,W8SoundEventVector005ED094.primary,,004b6de0,004b6dc0,W8GrowableVector<W8VectorElement005ED094 *>,descriptive,Engine Code\GrObject.cpp,"A derived vector that adds no member and no override, which the byte-exact triple proves in an unobvious way: its complete destructor at 0x004B6DE0 stores the base vtable 0x005ED098 and not its own, because the derived store is immediately overwritten by the inlined base destructor with nothing in between that could observe it and VC6 drops it. The constructor cannot do the same - the allocator call sits between the two stores - which is why 0x004B6BD0 writes both tables and the teardown path writes only one"
wiz8,W8GrObject005ED090,strong,W8GrObject005ED090.primary,,,004b6920,,,Engine Code\GrObject.cpp,"Owner of the sound-event list. The byte-exact 0x004B6BD0 fixes the list pointer at +0x10 and the vtable at +0x00; the remaining members come from the deleting destructor at 0x004B6920, which is attributed to this unit but is not yet ported because nothing recovered constructs the class and VC6 emits a vtable only where its class is constructed"
wiz8,W8GrowableVector<W8VectorElement005EBFB4 *>,exact,W8GrowableVector<W8VectorElement005EBFB4 *>.primary,,,0042a2e0,,,,"A growable-vector instantiation reached only through the derived class below. The byte-exact constructor at 0x0042A260 inlines this one, which fixes count, capacity and storage at +0x04, +0x08 and +0x0c together with the clamp of the capacity parameter to at least one"
wiz8,W8Vector005EBFB4,exact,W8Vector005EBFB4.primary,0042a260,0042a2c0,0042a310,W8GrowableVector<W8VectorElement005EBFB4 *>,descriptive,,"The second family proving that a second vptr store means user-defined derivation. All four bodies are byte-exact, and the constructor differs from the single-store form at 0x004390F0 by exactly twelve bytes - the two extra six-byte vtable stores and nothing else. The complete destructor at 0x0042A2C0 stores the base table because its own store is dead against the inlined base destructor"
wiz8,W8GrowableVector<W8VectorElement005EC16C *>,exact,W8GrowableVector<W8VectorElement005EC16C *>.primary,,,00446200,,,,"A growable-vector instantiation reached only through the derived class below. The byte-exact constructor at 0x00446090 inlines this one, fixing count, capacity and storage at +0x04, +0x08 and +0x0c together with the clamp of the capacity parameter to at least one"
wiz8,W8Vector005EC16C,exact,W8Vector005EC16C.primary,00446090,004460f0,00446230,W8GrowableVector<W8VectorElement005EC16C *>,descriptive,,"The third family of this shape and the first the tooling selected rather than a person. All four bodies are byte-exact on the same declarations as W8Vector005EBFB4, and the complete destructor at 0x004460F0 again stores the base table 0x005EC170 rather than the 0x005EC16C its own constructor installs"
wiz8,W8GrowableVector<W8VectorElement005EC2B8 *>,exact,W8GrowableVector<W8VectorElement005EC2B8 *>.primary,,,00451b40,,,,"A growable-vector instantiation reached through the derived class below. The byte-exact constructor at 0x00451A40 inlines this one, fixing count, capacity and storage at +0x04, +0x08 and +0x0c together with the clamp of the capacity parameter to at least one"
wiz8,W8Vector005EC2B8,exact,W8Vector005EC2B8.primary,00451a40,00451aa0,00451b70,W8GrowableVector<W8VectorElement005EC2B8 *>,descriptive,,"A class deriving from the instantiation above and adding no member and no override. All four bodies are byte-exact, and the complete destructor at 0x00451AA0 stores the base table 0x005EC2BC rather than the 0x005EC2B8 its own constructor installs, because that store is dead against the inlined base destructor"
wiz8,W8GrowableVector<W8VectorElement005EC324 *>,exact,W8GrowableVector<W8VectorElement005EC324 *>.primary,,,004561c0,,,,"A growable-vector instantiation reached through the derived class below. The byte-exact constructor at 0x00456140 inlines this one, fixing count, capacity and storage at +0x04, +0x08 and +0x0c together with the clamp of the capacity parameter to at least one"
wiz8,W8Vector005EC324,exact,W8Vector005EC324.primary,00456140,004561a0,004561f0,W8GrowableVector<W8VectorElement005EC324 *>,descriptive,,"A class deriving from the instantiation above and adding no member and no override. All four bodies are byte-exact, and the complete destructor at 0x004561A0 stores the base table 0x005EC328 rather than the 0x005EC324 its own constructor installs, because that store is dead against the inlined base destructor"
wiz8,W8GrowableVector<W8VectorElement005EC514 *>,exact,W8GrowableVector<W8VectorElement005EC514 *>.primary,,,00474de0,,,,"A growable-vector instantiation reached through the derived class below. The byte-exact constructor at 0x00474BE0 inlines this one, fixing count, capacity and storage at +0x04, +0x08 and +0x0c together with the clamp of the capacity parameter to at least one"
wiz8,W8Vector005EC514,exact,W8Vector005EC514.primary,00474be0,00474c40,00474e10,W8GrowableVector<W8VectorElement005EC514 *>,descriptive,,"A class deriving from the instantiation above and adding no member and no override. All four bodies are byte-exact, and the complete destructor at 0x00474C40 stores the base table 0x005EC518 rather than the 0x005EC514 its own constructor installs, because that store is dead against the inlined base destructor"
wiz8,W8GrowableVector<W8VectorElement005ECA98 *>,exact,W8GrowableVector<W8VectorElement005ECA98 *>.primary,,,0048ced0,,,,"A growable-vector instantiation reached through the derived class below. The byte-exact constructor at 0x0048CDA0 inlines this one, fixing count, capacity and storage at +0x04, +0x08 and +0x0c together with the clamp of the capacity parameter to at least one"
wiz8,W8Vector005ECA98,exact,W8Vector005ECA98.primary,0048cda0,0048ce00,0048cf00,W8GrowableVector<W8VectorElement005ECA98 *>,descriptive,,"A class deriving from the instantiation above and adding no member and no override. All four bodies are byte-exact, and the complete destructor at 0x0048CE00 stores the base table 0x005ECA9C rather than the 0x005ECA98 its own constructor installs, because that store is dead against the inlined base destructor"
wiz8,W8GrowableVector<W8VectorElement005ECAA0 *>,exact,W8GrowableVector<W8VectorElement005ECAA0 *>.primary,,,0048cf20,,,,"A growable-vector instantiation reached through the derived class below. The byte-exact constructor at 0x0048CE20 inlines this one, fixing count, capacity and storage at +0x04, +0x08 and +0x0c together with the clamp of the capacity parameter to at least one"
wiz8,W8Vector005ECAA0,exact,W8Vector005ECAA0.primary,0048ce20,0048ce80,0048cf50,W8GrowableVector<W8VectorElement005ECAA0 *>,descriptive,,"A class deriving from the instantiation above and adding no member and no override. All four bodies are byte-exact, and the complete destructor at 0x0048CE80 stores the base table 0x005ECAA4 rather than the 0x005ECAA0 its own constructor installs, because that store is dead against the inlined base destructor"
wiz8,W8GrowableVector<W8VectorElement005ECAD0 *>,exact,W8GrowableVector<W8VectorElement005ECAD0 *>.primary,,,0048f210,,,,"A growable-vector instantiation reached through the derived class below. The byte-exact constructor at 0x0048F190 inlines this one, fixing count, capacity and storage at +0x04, +0x08 and +0x0c together with the clamp of the capacity parameter to at least one"
wiz8,W8Vector005ECAD0,exact,W8Vector005ECAD0.primary,0048f190,0048f1f0,0048f240,W8GrowableVector<W8VectorElement005ECAD0 *>,descriptive,,"A class deriving from the instantiation above and adding no member and no override. All four bodies are byte-exact, and the complete destructor at 0x0048F1F0 stores the base table 0x005ECAD4 rather than the 0x005ECAD0 its own constructor installs, because that store is dead against the inlined base destructor"
wiz8,W8GrowableVector<W8VectorElement005ECE60 *>,exact,W8GrowableVector<W8VectorElement005ECE60 *>.primary,,,004a5cf0,,,,"A growable-vector instantiation reached through the derived class below. The byte-exact constructor at 0x004A5C30 inlines this one, fixing count, capacity and storage at +0x04, +0x08 and +0x0c together with the clamp of the capacity parameter to at least one"
wiz8,W8Vector005ECE60,exact,W8Vector005ECE60.primary,004a5c30,004a5c90,004a5d20,W8GrowableVector<W8VectorElement005ECE60 *>,descriptive,,"A class deriving from the instantiation above and adding no member and no override. All four bodies are byte-exact, and the complete destructor at 0x004A5C90 stores the base table 0x005ECE64 rather than the 0x005ECE60 its own constructor installs, because that store is dead against the inlined base destructor"
wiz8,W8GrowableVector<W8VectorElement005ECEE4 *>,exact,W8GrowableVector<W8VectorElement005ECEE4 *>.primary,,,004a8ef0,,,,"A growable-vector instantiation reached through the derived class below. The byte-exact constructor at 0x004A8E70 inlines this one, fixing count, capacity and storage at +0x04, +0x08 and +0x0c together with the clamp of the capacity parameter to at least one"
wiz8,W8Vector005ECEE4,exact,W8Vector005ECEE4.primary,004a8e70,004a8ed0,004a8f20,W8GrowableVector<W8VectorElement005ECEE4 *>,descriptive,,"A class deriving from the instantiation above and adding no member and no override. All four bodies are byte-exact, and the complete destructor at 0x004A8ED0 stores the base table 0x005ECEE8 rather than the 0x005ECEE4 its own constructor installs, because that store is dead against the inlined base destructor"
wiz8,W8GrowableVector<W8VectorElement005ED018 *>,exact,W8GrowableVector<W8VectorElement005ED018 *>.primary,,,004af710,,,,"A growable-vector instantiation reached through the derived class below. The byte-exact constructor at 0x004AF690 inlines this one, fixing count, capacity and storage at +0x04, +0x08 and +0x0c together with the clamp of the capacity parameter to at least one"
wiz8,W8Vector005ED018,exact,W8Vector005ED018.primary,004af690,004af6f0,004af740,W8GrowableVector<W8VectorElement005ED018 *>,descriptive,,"A class deriving from the instantiation above and adding no member and no override. All four bodies are byte-exact, and the complete destructor at 0x004AF6F0 stores the base table 0x005ED01C rather than the 0x005ED018 its own constructor installs, because that store is dead against the inlined base destructor"
wiz8,W8GrowableVector<W8VectorElement005ED2C8 *>,exact,W8GrowableVector<W8VectorElement005ED2C8 *>.primary,,,004cade0,,,,"A growable-vector instantiation reached through the derived class below. The byte-exact constructor at 0x004CAD00 inlines this one, fixing count, capacity and storage at +0x04, +0x08 and +0x0c together with the clamp of the capacity parameter to at least one"
wiz8,W8Vector005ED2C8,exact,W8Vector005ED2C8.primary,004cad00,004cad60,004cae10,W8GrowableVector<W8VectorElement005ED2C8 *>,descriptive,,"A class deriving from the instantiation above and adding no member and no override. All four bodies are byte-exact, and the complete destructor at 0x004CAD60 stores the base table 0x005ED2CC rather than the 0x005ED2C8 its own constructor installs, because that store is dead against the inlined base destructor"
wiz8,W8GrowableVector<W8VectorElement005ED7D4 *>,exact,W8GrowableVector<W8VectorElement005ED7D4 *>.primary,,,00501f30,,,,"A growable-vector instantiation reached through the derived class below. The byte-exact constructor at 0x00501EB0 inlines this one, fixing count, capacity and storage at +0x04, +0x08 and +0x0c together with the clamp of the capacity parameter to at least one"
wiz8,W8Vector005ED7D4,exact,W8Vector005ED7D4.primary,00501eb0,00501f10,00501f60,W8GrowableVector<W8VectorElement005ED7D4 *>,descriptive,,"A class deriving from the instantiation above and adding no member and no override. All four bodies are byte-exact, and the complete destructor at 0x00501F10 stores the base table 0x005ED7D8 rather than the 0x005ED7D4 its own constructor installs, because that store is dead against the inlined base destructor"
wiz8,W8GrowableVector<W8VectorElement005EF08C *>,exact,W8GrowableVector<W8VectorElement005EF08C *>.primary,,,005ad180,,,,"A growable-vector instantiation reached through the derived class below. The byte-exact constructor at 0x005ACFC0 inlines this one, fixing count, capacity and storage at +0x04, +0x08 and +0x0c together with the clamp of the capacity parameter to at least one"
wiz8,W8Vector005EF08C,exact,W8Vector005EF08C.primary,005acfc0,005ad020,005ad1b0,W8GrowableVector<W8VectorElement005EF08C *>,descriptive,,"A class deriving from the instantiation above and adding no member and no override. All four bodies are byte-exact, and the complete destructor at 0x005AD020 stores the base table 0x005EF190 rather than the 0x005EF08C its own constructor installs, because that store is dead against the inlined base destructor"
wiz8,W8GrowableVector<W8VectorElement005EC018 *>,exact,W8GrowableVector<W8VectorElement005EC018 *>.primary,,,00438f40,,,,"A growable-vector instantiation. The byte-exact constructor at 0x004CAD80 inlines this one, fixing count, capacity and storage at +0x04, +0x08 and +0x0c together with the clamp of the capacity parameter to at least one"
wiz8,W8Vector005EC018,exact,W8Vector005EC018.primary,004cad80,00438c70,00438f70,W8GrowableVector<W8VectorElement005EC018 *>,descriptive,,"A class deriving from the instantiation above and adding no member and no override. Its four bodies are spread across the image because VC6 emits each as its own COMDAT per unit and does not fold duplicates, so a surviving destructor copy can come from a different unit than the constructor; the census ties them together, since 0x005EC018 is installed by 0x004CAD80 and by nothing else. The complete destructor at 0x00438C70 stores the base table 0x005EC004 because its own store is dead"
wiz8,W8GrowableVector<W8VectorElement005ED1B8 *>,exact,W8GrowableVector<W8VectorElement005ED1B8 *>.primary,,,004be000,,,,"A growable-vector instantiation. The byte-exact constructor at 0x00585340 inlines this one, fixing count, capacity and storage at +0x04, +0x08 and +0x0c together with the clamp of the capacity parameter to at least one"
wiz8,W8Vector005ED1B8,exact,W8Vector005ED1B8.primary,00585340,004bdfe0,004be030,W8GrowableVector<W8VectorElement005ED1B8 *>,descriptive,,"A class deriving from the instantiation above and adding no member and no override. Its four bodies are spread across the image because VC6 emits each as its own COMDAT per unit and does not fold duplicates, so a surviving destructor copy can come from a different unit than the constructor; the census ties them together, since 0x005ED1B8 is installed by 0x00585340 and by nothing else. The complete destructor at 0x004BDFE0 stores the base table 0x005ED1B4 because its own store is dead"
wiz8,W8GrowableVector<W8VectorElement005EC164 *>,exact,W8GrowableVector<W8VectorElement005EC164 *>.primary,,,00446160,,,,"A growable-vector instantiation. The byte-exact constructor at 0x00445FF0 inlines this one, fixing count, capacity and storage at +0x04, +0x08 and +0x0c together with the clamp of the capacity parameter to at least one"
wiz8,W8Vector005EC164,exact,W8Vector005EC164.primary,00445ff0,00446050,00446190,W8GrowableVector<W8VectorElement005EC164 *>,descriptive,,"A class deriving from the instantiation above and adding no member and no override. The census credited this constructor's two vtable stores to different functions, so the pair never formed; re-attributing the write sites through Ghidra containment puts both back in 0x00445FF0 and the family appears. All four bodies are byte-exact, and the complete destructor at 0x00446050 stores the base table 0x005EC168 because its own store is dead against the inlined base destructor"
wiz8,W8GrowableVector<W8VectorElement005ECA5C *>,exact,W8GrowableVector<W8VectorElement005ECA5C *>.primary,,,0048a110,,,,"A growable-vector instantiation. The byte-exact constructor at 0x00489ED0 inlines this one, fixing count, capacity and storage at +0x04, +0x08 and +0x0c together with the clamp of the capacity parameter to at least one"
wiz8,W8Vector005ECA5C,exact,W8Vector005ECA5C.primary,00489ed0,00489f30,0048a140,W8GrowableVector<W8VectorElement005ECA5C *>,descriptive,,"A class deriving from the instantiation above and adding no member and no override. The census credited this constructor's two vtable stores to different functions, so the pair never formed; re-attributing the write sites through Ghidra containment puts both back in 0x00489ED0 and the family appears. All four bodies are byte-exact, and the complete destructor at 0x00489F30 stores the base table 0x005ECA60 because its own store is dead against the inlined base destructor"
wiz8,W8VectorElement005EC294,strong,,,,,srNode,descriptive,Engine Code\GrCycle.cpp,The GrCycle light-vector teardown calls the imported srNode setParent method on every element and independently reads a dword at +0x234 before render-world unlinking; the address-qualified spelling preserves the unresolved concrete light identity
wiz8,W8GrowableVector<W8VectorElement005EC294 *>,exact,W8GrowableVector<W8VectorElement005EC294 *>.primary,,,00451ce0,,,,"A growable-vector instantiation. The byte-exact constructor at 0x00484870 inlines this one, fixing count, capacity and storage at +0x04, +0x08 and +0x0c together with the clamp of the capacity parameter to at least one"
wiz8,W8Vector005EC294,exact,W8Vector005EC294.primary,00484870,00451d30,00451d10,W8GrowableVector<W8VectorElement005EC294 *>,descriptive,,"A class deriving from the instantiation above and adding no member and no override. It is constructed in several places - nine functions install 0x005EC294 between them - but only 0x00484870 is an out-of-line copy of the constructor; the others are six-byte thunks and large bodies that inlined it. All four claimed bodies are byte-exact, and the complete destructor at 0x00451D30 stores the base table 0x005EC298 because its own store is dead against the inlined base destructor"
wiz8,W8GrowableVector<W8VectorElement005EC27C *>,exact,W8GrowableVector<W8VectorElement005EC27C *>.primary,,,0042bbd0,,,,"A growable-vector instantiation. The byte-exact constructor at 0x00501E50 inlines this one, fixing count, capacity and storage at +0x04, +0x08 and +0x0c together with the clamp of the capacity parameter to at least one"
wiz8,W8Vector005EC27C,exact,W8Vector005EC27C.primary,00501e50,00451b20,00451b00,W8GrowableVector<W8VectorElement005EC27C *>,descriptive,,"A class deriving from the instantiation above and adding no member and no override. It is constructed in several places - two functions install 0x005EC27C between them - but only 0x00501E50 is an out-of-line copy of the constructor; the others are six-byte thunks and large bodies that inlined it. All four claimed bodies are byte-exact, and the complete destructor at 0x00451B20 stores the base table 0x005EBFE8 because its own store is dead against the inlined base destructor"
wiz8,W8GrowableVector<W8VectorElement005ED840 *>,exact,W8GrowableVector<W8VectorElement005ED840 *>.primary,,,00517890,,,,"A growable-vector instantiation. The byte-exact constructor at 0x00517810 inlines this one, fixing count, capacity and storage at +0x04, +0x08 and +0x0c together with the clamp of the capacity parameter to at least one"
wiz8,W8Vector005ED840,exact,W8Vector005ED840.primary,00517810,00517870,005178c0,W8GrowableVector<W8VectorElement005ED840 *>,descriptive,,"A class deriving from the instantiation above and adding no member and no override. The census calls its thirty-byte deleting destructor sixty four bytes, because it sizes a body by the distance to the next body it identified and an unidentified eighteen-byte body sits in the gap; measuring the real body is what found this family. The complete destructor at 0x00517870 stores the base table 0x005ED844 because its own store is dead against the inlined base destructor"
wiz8,W8GrowableVector<W8VectorElement005EEA28 *>,exact,W8GrowableVector<W8VectorElement005EEA28 *>.primary,,,005853f0,,,,"A growable-vector instantiation with no out-of-line constructor of its own. The byte-exact factory at 0x0057E5D0 inlines it with the default capacity, so the clamp and the multiply are folded away and only the bare twenty-byte allocation remains; count, capacity and storage still land at +0x04, +0x08 and +0x0c"
wiz8,W8Vector005EEA28,exact,W8Vector005EEA28.primary,,00585440,00585420,W8GrowableVector<W8VectorElement005EEA28 *>,descriptive,,A class deriving from the instantiation above and adding no member and no override. It has no out-of-line constructor at all - the factory constructs it in place - which is why a search for one missed it; the pair of deleting destructors at 44 and 30 bytes is what identifies the shape. The complete destructor at 0x00585440 stores the base table 0x005EEA2C because its own store is dead against the inlined base destructor
wiz8,W8GrowableVector<W8VectorElement005ECF00 *>,exact,W8GrowableVector<W8VectorElement005ECF00 *>.primary,,,004aaac0,,,,"A growable-vector instantiation with no out-of-line constructor. The byte-exact factory at 0x004A9750 inlines it with the default capacity, leaving the bare twenty-byte allocation; count, capacity and storage land at +0x04, +0x08 and +0x0c"
wiz8,W8Vector005ECF00,exact,W8Vector005ECF00.primary,,004aab10,004aaaf0,W8GrowableVector<W8VectorElement005ECF00 *>,descriptive,,"A class deriving from the instantiation above and adding no member and no override, found by keying on its deleting-destructor pair rather than on a constructor it does not have. The complete destructor at 0x004AAB10 stores the base table 0x005ECF04 because its own store is dead against the inlined base destructor"
wiz8,W8HorizontalRangeThumb005ED66C,strong,,004f5620,004f69d0,004f69b0,W8WidgetBase005ED5BC (0x34 bytes),address-qualified-descriptive,Local Code\Controls.cpp,The 0x005ed66c constructor interaction family and lifecycle prove a horizontal draggable range thumb with cursor-X tracking normalized float endpoints and a two-slot typed listener
wiz8,W8HorizontalRangeThumbListener,strong,,,,,,descriptive,Local Code\Controls.cpp,The listener pointer at thumb +0x6c is null-checked before virtual slot zero on drag updates and slot one on drag completion; no data beyond its vptr is accessed
wiz8,W8GrowableVector<W8VectorElement005ECED4 *>,exact,W8GrowableVector<W8VectorElement005ECED4 *>.primary,,,004a8f40,,,,"The byte-exact GrCycle owner method at 0x004A8530 inlines default construction, fixing count capacity and storage at +0x04 +0x08 and +0x0c; the 44-byte deleting destructor is exact"
wiz8,W8Vector005ECED4,exact,W8Vector005ECED4.primary,,004a8f90,004a8f70,W8GrowableVector<W8VectorElement005ECED4 *>,descriptive,Engine Code\GrCycle.cpp,An empty derived growable-vector class owned by GrCycle +0x1b0. Construction installs base table 0x005ECED8 then derived table 0x005ECED4; all three lifecycle bodies and the inlined owner construction are byte-exact
wiz8,W8MeshModel,strong,,,,,,,Engine Code\stMeshModel.cpp,Two byte-exact methods establish the sibling links and vertex table; FindMappedIndex extends the reviewed minimum through two parallel short vectors at +0x420 and +0x430
wiz8,stGroundShadow,strong,stGroundShadow.primary,004d61b0,004d6370,004d6340,srNode,original-runtime-string,Engine Code\stGroundShadow.cpp,"The retained stGroundShadow registry string at 0x006109e0, class id 0x10010, two complete 13-slot vtables, allocation size and typed srNode clone/factory slots establish this first-party runtime class; the constructor's embedded material subclass remains unresolved"
