program,address,size,current_name,provisional_name,owner,confidence,name_origin,authority,aliases,fid_variants,evidence,source_path,source_line,relocation_masked_sha256
wiz8,00401000,,entry,__WinMainCRTStartup,msvc6-runtime,strong,descriptive,descriptive,,,"The PE optional header's entry point in a subsystem-2 image, running the standard MSVC 6 GUI startup sequence: SEH frame, __setusermatherr, __getmainargs, both _initterm tables, _acmdln parsing, GetStartupInfoA, then WinMain and exit. The name is the toolchain's convention rather than anything the binary states, so it stays descriptive until a FID match against a pinned CRT snapshot corroborates it",,,
wiz8,0040115e,6,FUN_0040115e,_XcptFilter,msvc6-runtime,exact,original-export,abi-backed,,,"Six-byte linker import thunk; the MSVCRT import table names the target directly, so the name is read off the IAT rather than inferred (IAT slot 0x005EB10C)",,,
wiz8,00401164,6,FUN_00401164,_initterm,msvc6-runtime,exact,original-export,abi-backed,,,"Six-byte linker import thunk; the MSVCRT import table names the target directly, so the name is read off the IAT rather than inferred (IAT slot 0x005EB0FC); called twice from the CRT entry, for the C and C++ initializer tables",,,
wiz8,00401180,43,FUN_00401180,_onexit,msvc6-runtime,strong,descriptive,descriptive,,,"Local CRT wrapper that forwards to the MSVCRT _onexit import at 0x005EB0F0 when the table pointers at 0x0069DA74/0x0069DA78 are uninitialised, otherwise appends through 0x004011CC. Name is the CRT's convention, not stated by the binary",,,
wiz8,004011ac,20,FUN_004011ac,atexit,msvc6-runtime,strong,descriptive,descriptive,,,"Calls 0x00401180 and normalises its result to a boolean with neg/sbb, which is the standard CRT atexit-over-_onexit shape. BringUpEngine uses it to register the shutdown handler at 0x004017F0",,,
wiz8,004011c0,6,FUN_004011c0,_except_handler3,msvc6-runtime,exact,original-export,abi-backed,,,"Six-byte linker import thunk; the MSVCRT import table names the target directly, so the name is read off the IAT rather than inferred (IAT slot 0x005EB0DC); installed as the CRT entry's SEH handler",,,
wiz8,00404b50,72,FUN_00404b50,String,sgp-shared,exact,sgp-source,source-backed,,,VC6 SP5 common project profile relocation-masked body exact in every comparable build; source eight-slot formatter ring and 55 callers corroborate identity,sgp/DEBUG.C,609,676ad661d58ef1c98e1c098d7b24b668ca66507500f5209b0d92f1bc4e1145d7
wiz8,00404bf0,65,FUN_00404bf0,FileExists,sgp-shared,exact,sgp-source,source-backed,,,VC6 SP5 common project profile relocation-masked body exact in every comparable build,sgp/FileMan.c,226,cbd08da2dec3833f6b12429490edc274d7fb8e5f18522dff724a4453aa57cc8f
wiz8,00404c40,42,FUN_00404c40,FileExistsNoDB,sgp-shared,exact,sgp-source,source-backed,,,VC6 SP5 common project profile relocation-masked body exact in every comparable build,sgp/FileMan.c,276,d209a7d538c623533663724f1273b3c9d20714a09ec0e02764826b507d89b997
wiz8,00404c80,387,OpenVirtualFile,FileOpen,sgp-shared,exact,sgp-source,source-backed,OpenVirtualFile,,VC6 SP5 common project profile relocation-masked body exact in every comparable build; supersedes descriptive name,sgp/FileMan.c,348,84da465de36c505b4e248cc5a29778de2b59face4571847a5b2550117596393e
wiz8,00404e10,,,CloseVirtualFile,wiz8-file-system,strong,descriptive,descriptive,,,Closes a physical handle or releases an SLF-backed virtual-file slot,,,
wiz8,00404ea0,,,ReadVirtualFile,wiz8-file-system,strong,descriptive,descriptive,,,Reads bytes from either a physical handle or an SLF archive entry and reports the completed byte count,,,
wiz8,00404fb0,119,FUN_00404fb0,FileWrite,sgp-shared,exact,sgp-source,source-backed,,,VC6 SP5 common project profile relocation-masked body exact in every comparable build,sgp/FileMan.c,660,d69c4fa41499b8bfe509ff53360913124ed86ff63edfc901b61b4c29d8eb6e11
wiz8,00405030,146,SeekVirtualFile,FileSeek,sgp-shared,exact,sgp-source,source-backed,SeekVirtualFile,,VC6 SP5 common project profile relocation-masked body exact in every comparable build; supersedes descriptive name,sgp/FileMan.c,823,8813c101ecd0b7662b0339634f568409237bff906934a6bc5e4fa72d0c47e14d
wiz8,004051d0,32,FUN_004051d0,DirectoryExists,sgp-shared,exact,sgp-source,source-backed,,,VC6 SP5 common project profile relocation-masked body exact in every comparable build,sgp/FileMan.c,1309,4a827abe129ba4efe5525cd2646836985cd7935b3fbeb39abf4ada3a1baf6ac4
wiz8,004051f0,14,FUN_004051f0,MakeFileManDirectory,sgp-shared,exact,sgp-source,source-backed,,,VC6 SP5 common project profile relocation-masked body exact in every comparable build,sgp/FileMan.c,1340,a9ac7e39bcf2ba6a73d7dee83bec96796908c3adf1fe42914efc946d9359a46b
wiz8,00405200,102,FUN_00405200,GetExecutableDirectory,sgp-shared,exact,sgp-source,source-backed,,,VC6 SP5 common project profile relocation-masked body exact in every comparable build,sgp/FileMan.c,1486,ba8d8661477873c94ea67793d34bf64bda0e4ba4d1711e5c0b284b389d3d3471
wiz8,00405270,132,FUN_00405270,GetFileFirst,sgp-shared,exact,sgp-source,source-backed,,,Exact in four comparable modules; Wiz8New.exe differs by the reviewed fFindInfoInUse assignment byte,sgp/FileMan.c,1512,c1da91731b6b6114c9c9c0628da706e2943c5c22876cbf03c18a05bea757f7bf
wiz8,00405300,73,FUN_00405300,GetFileNext,sgp-shared,exact,sgp-source,source-backed,,,VC6 SP5 common project profile relocation-masked body exact in every comparable build,sgp/FileMan.c,1546,3830b2e3cb13f2b7b94be63bac6f7caf226d4de495f168dbef2359ed1871f421
wiz8,00405350,49,FUN_00405350,GetFileClose,sgp-shared,exact,sgp-source,source-backed,,,VC6 SP5 common project profile relocation-masked body exact in every comparable build,sgp/FileMan.c,1558,3eb85835f76b3c46cc5cbc91421eb8fc9145f18cd6d17c252b96113a5f3562f6
wiz8,00405390,308,FUN_00405390,W32toSGPFileFind,sgp-shared,exact,sgp-source,source-backed,,,VC6 SP5 common project profile relocation-masked body exact in every comparable build,sgp/FileMan.c,1570,1f1dd5c5031fec3c09a464453d0e5712f660f416cd06af654b769ba606083247
wiz8,004054d0,27,FUN_004054d0,FileCopy,sgp-shared,exact,sgp-source,source-backed,,,VC6 SP5 common project profile relocation-masked body exact in every comparable build,sgp/FileMan.c,1631,434180fea1926d0bceab62467833c0e466064bb2b7eab52f7356b2aeb4cf066a
wiz8,004054f0,96,FUN_004054f0,FileGetAttributes,sgp-shared,exact,sgp-source,source-backed,,,VC6 SP5 common project profile relocation-masked body exact in every comparable build,sgp/FileMan.c,1743,59fd51084fc8ef0543e5cbe469d249226bad4bae4e0aaf5027f664032230c8f5
wiz8,00405550,17,FUN_00405550,FileClearAttributes,sgp-shared,exact,sgp-source,source-backed,,,VC6 SP5 common project profile relocation-masked body exact in every comparable build,sgp/FileMan.c,1785,951abc5a9a0c8be62c53d3540f527f046174ffc125688c3e7ab6c65d166952d3
wiz8,00405970,58,FUN_00405970,CreateStack,sgp-shared,exact,sgp-source,source-backed,,,VC6 SP5 common project profile relocation-masked body exact in every comparable build,sgp/Container.c,99,f51f1731b35349071d01c41fd9021821205dc3e612602acf1faf82889d7e877d
wiz8,004059b0,69,FUN_004059b0,CreateList,sgp-shared,exact,sgp-source,source-backed,,,Source body collides with CreateQueue; list-sized callers and the retained list API establish CreateList in every comparable build,sgp/Container.c,191,e090415cefe71fba30882dc8985dae97125b73f2abd5f8904ffed9440a1a3bd8
wiz8,00405a00,107,FUN_00405a00,Push,sgp-shared,exact,sgp-source,source-backed,,,VC6 SP5 common project profile relocation-masked body exact in every comparable build,sgp/Container.c,299,bbfaed943ee68d82d66a2114df36207c1ec5470a1d01f87df9b6cbfdbf5be45c
wiz8,00405a70,67,FUN_00405a70,Pop,sgp-shared,exact,sgp-source,source-backed,,,VC6 SP5 common project profile relocation-masked body exact in every comparable build,sgp/Container.c,361,4600a80a9bc22dbb454e3584d910c84c5811caf066b80e9a71bbe6a9448305cd
wiz8,00405ac0,62,FUN_00405ac0,PeekStack,sgp-shared,exact,sgp-source,source-backed,,,VC6 SP5 common project profile relocation-masked body exact in every comparable build,sgp/Container.c,415,cd241c071a6be8276e67ff504ca392a90207a2e63b81200276c3c548673d9c44
wiz8,00405b00,24,FUN_00405b00,DeleteStack,sgp-shared,exact,sgp-source,source-backed,DeleteList,,VC6 folded the identical referenced stack and list delete bodies at one address in every comparable build,sgp/Container.c,467,055a49444364d0652c5d7da6457edac882f8b621a7d76d545fa1c9e27ede48ab
wiz8,00405b20,102,FUN_00405b20,PeekList,sgp-shared,exact,sgp-source,source-backed,,,VC6 SP5 common project profile relocation-masked body exact in every comparable build,sgp/Container.c,658,66c81ed527ee7dfb49d6f77a86e4fb7c466fdbf41bd988e98a8bf10a49efd3e2
wiz8,00405b90,102,FUN_00405b90,StoreListNode,sgp-shared,exact,sgp-source,source-backed,,,The identical generic body is used by a Wizardry list caller and the source marks StoreListNode as the Wizardry addition,sgp/Container.c,799,02ee118193ba6844b3d1cdc26f8d4e225230c121d439ac4f18eaa8989db22a06
wiz8,00405c00,12,FUN_00405c00,StackSize,sgp-shared,exact,sgp-source,source-backed,ListSize,,VC6 folded the identical referenced stack and list size bodies at one address in every comparable build,sgp/Container.c,1152,ab0c993a0449b7efc9e7b5ae1bb98a3e4febe6ba770385614484bef54e4bf52c
wiz8,00405c10,585,FUN_00405c10,AddtoList,sgp-shared,exact,sgp-source,source-backed,,,VC6 SP5 common project profile relocation-masked body exact in every comparable build,sgp/Container.c,1251,d10ad70529956d00eee815c5000fe8f176a8b1d6665a2ed891c7188b919e8766
wiz8,00408860,,,PlaySound,fan-patch-oracle,strong,fan-patch-signature,external-semantic,,,CFAgent pW8FUNC_PlaySound English seed address verified by embedded expected bytes,,,
wiz8,0040ef80,19,FUN_0040ef80,InitializeRandom,sgp-shared,exact,sgp-source,source-backed,,,VC6 SP5 /O2 /Ob2 /MD /G5 relocation-masked body exact in every unprotected build,sgp/Random.c,23,a83f745d7293dfba07bbb4b50919be51ef24e35b2b921f9eee41b57441b44e21
wiz8,0040efa0,50,GetRandomNumber,Random,sgp-shared,exact,fan-patch-signature|sgp-source,source-backed,GetRandomNumber,,VC6 SP5 /O2 /Ob2 /MD /G5 relocation-masked body exact in every unprotected build; supersedes the CFAgent name for the same verified address,sgp/Random.c,39,438ef441f48956b35998a4c1aa63c4da1d0a0fc45436883376b4a7bc849897bb
wiz8,0040efe0,51,FUN_0040efe0,Chance,sgp-shared,exact,sgp-source,source-backed,,,"VC6 SP5 /O2 /Ob2 /MD /G5 relocation-masked body exact in every unprotected build; Wizardry inlined Random into it, which plain /O2 does not do",sgp/Random.c,54,41dcc8ffef699be08fe27d886274ab3c8b5a0c6e761ad1719da03b0acd69ec88
wiz8,0040f0b0,74,FUN_0040f0b0,DDCreateSurface,sgp-shared,exact,sgp-source,source-backed,,,VC6 SP5 relocation-masked body exact,sgp/DirectDraw Calls.c,16,c68b6dce35f046978717604c40ce9c29e319ccb5bc7e005dfdfc3eb22d2e4137
wiz8,0040f100,79,FUN_0040f100,DDLockSurface,sgp-shared,exact,sgp-source,source-backed,,,VC6 SP5 relocation-masked body exact,sgp/DirectDraw Calls.c,83,db1e8cef0a742989a7e7cca67847e9bd9f25abdc778aaedd682a4c182c37395a
wiz8,0040f150,35,FUN_0040f150,DDUnlockSurface,sgp-shared,exact,sgp-source,source-backed,,,VC6 SP5 relocation-masked body exact,sgp/DirectDraw Calls.c,103,ad656b482a39f475838bc89a2ae5e894746382a64a60674a3df0208a24eeabea
wiz8,0040f180,51,FUN_0040f180,DDGetSurfaceDescription,sgp-shared,exact,sgp-source,source-backed,,,VC6 SP5 relocation-masked body exact,sgp/DirectDraw Calls.c,112,7774abf7cc9a57a7449d030eb0ad43af3935bd017f23544cda705d60e1e03989
wiz8,0040f1c0,79,FUN_0040f1c0,DDReleaseSurface,sgp-shared,exact,sgp-source,source-backed,,,VC6 SP5 relocation-masked body exact,sgp/DirectDraw Calls.c,206,f7fdfa1be54c8d1f5efc90f169e3b36c880c08a5de9f81459594d83ecdba514b
wiz8,0040f210,30,FUN_0040f210,DDRestoreSurface,sgp-shared,exact,sgp-source,source-backed,,,VC6 SP5 relocation-masked body exact,sgp/DirectDraw Calls.c,220,c64e2d0c6ecedae04e3303f207708517f93e4c3a69b0d7362aab90870f5c46e7
wiz8,0040f230,84,FUN_0040f230,DDBltFastSurface,sgp-shared,exact,sgp-source,source-backed,,,VC6 SP5 relocation-masked body exact,sgp/DirectDraw Calls.c,228,89e30cf07ebc8c2d74c042a22933a61bac0c2c3ee229233e2cf8cb66a0464b5b
wiz8,0040f290,103,FUN_0040f290,DDBltSurface,sgp-shared,exact,sgp-source,source-backed,,,VC6 SP5 relocation-masked body exact,sgp/DirectDraw Calls.c,244,72ea8c68ad4f30d3d1ec6fdb6feeb57661d109cc04464fb7c04d42a111adaa31
wiz8,0040f300,50,FUN_0040f300,DDCreatePalette,sgp-shared,exact,sgp-source,source-backed,,,VC6 SP5 relocation-masked body exact,sgp/DirectDraw Calls.c,262,c211c3e255219d7b457824b4da0b69b725613d5a6425f10348f1e8adbf5a7dbd
wiz8,0040f340,50,FUN_0040f340,DDSetPaletteEntries,sgp-shared,exact,sgp-source,source-backed,,,VC6 SP5 relocation-masked body exact,sgp/DirectDraw Calls.c,290,e1a99fa7fffde852d88806c64d0c2a7a8ef77c04c1e754bfdecc8b0a5ec57e52
wiz8,0040f380,50,FUN_0040f380,DDGetPaletteEntries,sgp-shared,exact,sgp-source,source-backed,,,VC6 SP5 relocation-masked body exact,sgp/DirectDraw Calls.c,300,560e5edd93a18f75a9c3027c66f7962e917aaa341bd450cc2fc542276788299c
wiz8,0040f3c0,30,FUN_0040f3c0,DDReleasePalette,sgp-shared,exact,sgp-source,source-backed,,,VC6 SP5 relocation-masked body exact,sgp/DirectDraw Calls.c,310,8f23817c93b5397f4a48e24fbaacd9545ab6aad63310bcbd9a83e395b4565072
wiz8,0040f3e0,40,FUN_0040f3e0,DDSetSurfaceColorKey,sgp-shared,exact,sgp-source,source-backed,,,VC6 SP5 relocation-masked body exact,sgp/DirectDraw Calls.c,336,5649fcd4b3543ee3b88f6c604050f0ddfceef50fda0456b24e0213efd7dd1bf0
wiz8,004126f0,,,InitializeSlfArchives,wiz8-file-system,strong,descriptive,descriptive,,,Allocates six 0x28-byte archive states and opens configured SLF files through 0x00412bb0,,,
wiz8,00412a10,,,RefreshSlfArchives,wiz8-file-system,strong,descriptive,descriptive,,,Closes or reopens each of six configured SLF archives and recreates optional file mappings,,,
wiz8,00412b10,145,FUN_00412b10,ShutDownFileDatabase,sgp-shared,exact,sgp-source,source-backed,,,VC6 SP5 common project profile relocation-masked body exact in every comparable build,sgp/LibraryDataBase.c,161,1c3d0960dfd2a59b7bba6bd98384557903b4912a74feac52e028791a585546e5
wiz8,00412bb0,,,OpenSlfArchive,wiz8-file-system,strong,descriptive,descriptive,,,Reads the 0x214-byte header then the EOF directory as file_count 0x118-byte records and builds 0x0c-byte live entries,,,
wiz8,00413680,175,FUN_00413680,CreateRealFileHandle,sgp-shared,exact,sgp-source,source-backed,,,VC6 SP5 common project profile relocation-masked body exact in every comparable build,sgp/LibraryDataBase.c,741,f4de5a0eb3d1c9f986f1db9c744fe0955834d33685aed76ca4351ea657da9e37
wiz8,00413730,31,FUN_00413730,GetLibraryAndFileIDFromLibraryFileHandle,sgp-shared,exact,sgp-source,source-backed,,,VC6 SP5 common project profile raw body exact in every comparable build,sgp/LibraryDataBase.c,792,86e0c4adced8ae2cb220a01ccb0a3e05476d8ac36191acfe6c752bf86267e1fc
wiz8,00413d00,83,FUN_00413d00,CompareDirEntryFileNames,sgp-shared,exact,sgp-source,source-backed,,,VC6 SP5 common project profile relocation-masked body exact in every comparable build,sgp/LibraryDataBase.c,1109,4ce961329ad05713672735436101c5febd58413d3687a16b406dc01480d11667
wiz8,00415820,20,not-defined,ZAlloc,sgp-compression,exact,sgp-source,source-backed,,,Name and body recovered from pinned SGP Compression.c; relocation-masked VC6 SP5 body is exact,,,
wiz8,00415840,13,not-defined,ZFree,sgp-compression,exact,sgp-source,source-backed,,,Name and body recovered from pinned SGP Compression.c; relocation-masked VC6 SP5 body is exact,,,
wiz8,00415850,92,FUN_00415850,DecompressInit,sgp-compression,exact,sgp-source,source-backed,,,Name and body recovered from pinned SGP Compression.c; relocation-masked VC6 SP5 body is exact,,,
wiz8,004158b0,52,FUN_004158b0,Decompress,sgp-compression,exact,sgp-source,source-backed,,,Name and body recovered from pinned SGP Compression.c; relocation-masked VC6 SP5 body is exact,,,
wiz8,004158f0,23,FUN_004158f0,DecompressFini,sgp-compression,exact,sgp-source,source-backed,,,Name and body recovered from pinned SGP Compression.c; relocation-masked VC6 SP5 body is exact,,,
wiz8,00415910,77,FUN_00415910,inflateReset,zlib-1.0.4,high,original-source,source-backed,,,State writes and inflate_blocks_reset call match inflate.c exactly,,,
wiz8,00415960,85,FUN_00415960,inflateEnd,zlib-1.0.4,high,original-source,source-backed,,,Frees the block state and inflate state through the configured allocator,,,
wiz8,004159c0,263,FUN_004159c0,inflateInit2_,zlib-1.0.4,high,original-source,source-backed,,,Checks version 1.0.4 and z_stream size then allocates the inflate state and block window,,,
wiz8,00415ad0,26,FUN_00415ad0,inflateInit_,zlib-1.0.4,high,original-source,source-backed,,,Exact wrapper call to inflateInit2_ with MAX_WBITS 15,,,
wiz8,00415af0,987,FUN_00415af0,inflate,zlib-1.0.4,high,original-source,source-backed,,,Unique inflate state machine and exact 1.0.4 error strings,,,
wiz8,00415f10,76,not-defined,flush_pending,zlib-1.0.4,high,original-source,source-backed,,,Patched-build boundary plus exact pending-buffer copy semantics from deflate.c,,,
wiz8,00415f60,265,not-defined,deflate_stored,zlib-1.0.4,high,original-source,source-backed,,,Patched-build boundary plus exact stored-block loop and _tr_flush_block calls,,,
wiz8,00416070,267,not-defined,fill_window,zlib-1.0.4,high,original-source,source-backed,,,Patched-build boundary plus window slide and hash-chain maintenance from deflate.c,,,
wiz8,00416180,99,not-defined,read_buf,zlib-1.0.4,high,original-source,source-backed,,,Patched-build boundary plus input copy and optional Adler update,,,
wiz8,004161f0,595,not-defined,deflate_fast,zlib-1.0.4,high,original-source,source-backed,,,Patched-build boundary plus fast match/tally loop and deflate helper call graph,,,
wiz8,00416450,363,not-defined,longest_match,zlib-1.0.4,high,original-source,source-backed,,,Patched-build boundary plus exact hash-chain match search,,,
wiz8,004165c0,752,not-defined,deflate_slow,zlib-1.0.4,high,original-source,source-backed,,,Patched-build boundary plus lazy match/tally loop and deflate helper call graph,,,
wiz8,004168b0,144,FUN_004168b0,inflate_blocks_reset,zlib-1.0.4,high,original-source,source-backed,,,Resets block mode bit buffer window cursors and checksum exactly as infblock.c,,,
wiz8,00416940,106,FUN_00416940,inflate_blocks_new,zlib-1.0.4,high,original-source,source-backed,,,Allocates the 0x3c-byte block state and caller-sized window then resets it,,,
wiz8,004169b0,3553,FUN_004169b0,inflate_blocks,zlib-1.0.4,high,original-source,source-backed,,,Unique block decoder state machine and exact 1.0.4 block error strings,,,
wiz8,004177d0,55,FUN_004177d0,inflate_blocks_free,zlib-1.0.4,high,original-source,source-backed,,,Resets then frees the block window and block state,,,
wiz8,00417810,297,not-defined,adler32,zlib-1.0.4,high,original-source,source-backed,,,Passed as the inflate block checksum callback and implements the Adler-32 5552-byte chunk loop,,,
wiz8,00417940,19,FUN_00417940,zcalloc,zlib-1.0.4,high,original-source,source-backed,,,Exact default allocator wrapper around calloc,,,
wiz8,00417960,14,not-defined,zcfree,zlib-1.0.4,high,original-source,source-backed,,,Exact default deallocator wrapper around free,,,
wiz8,00417970,106,not-defined,init_block,zlib-1.0.4,high,original-source,source-backed,,,Zeros literal distance and bit-length frequencies and resets block counters,,,
wiz8,004179e0,116,not-defined,gen_codes,zlib-1.0.4,high,original-source,source-backed,,,Builds canonical Huffman codes and calls bi_reverse,,,
wiz8,00417a60,182,not-defined,_tr_stored_block,zlib-1.0.4,high,original-source,source-backed,,,Emits the stored-block header then calls copy_block,,,
wiz8,00417b20,544,not-defined,_tr_flush_block,zlib-1.0.4,high,original-source,source-backed,,,Selects stored static or dynamic trees and resets the block,,,
wiz8,00417d40,517,not-defined,build_tree,zlib-1.0.4,high,original-source,source-backed,,,Constructs a Huffman heap then calls pqdownheap gen_bitlen and gen_codes,,,
wiz8,00417f50,162,not-defined,pqdownheap,zlib-1.0.4,high,original-source,source-backed,,,Exact heap restoration over tree frequencies and depth tie-breaking,,,
wiz8,00418000,479,not-defined,gen_bitlen,zlib-1.0.4,high,original-source,source-backed,,,Computes optimal bit lengths and repairs overflow,,,
wiz8,004181e0,112,not-defined,build_bl_tree,zlib-1.0.4,high,original-source,source-backed,,,Scans literal and distance trees then builds the bit-length tree,,,
wiz8,00418250,229,not-defined,scan_tree,zlib-1.0.4,high,original-source,source-backed,,,Counts repeated code lengths into REP_3_6 REPZ_3_10 and REPZ_11_138 frequencies,,,
wiz8,00418340,607,not-defined,send_all_trees,zlib-1.0.4,high,original-source,source-backed,,,Emits HLIT HDIST and HCLEN then calls send_tree for both trees,,,
wiz8,004185a0,1401,not-defined,send_tree,zlib-1.0.4,high,original-source,source-backed,,,Emits repeated code lengths using the three repeat symbols,,,
wiz8,00418b20,262,not-defined,_tr_tally,zlib-1.0.4,high,original-source,source-backed,,,Records literal or match tokens and updates literal/distance frequencies,,,
wiz8,00418c30,1122,not-defined,compress_block,zlib-1.0.4,high,original-source,source-backed,,,Encodes the token buffers with literal length and distance trees,,,
wiz8,004190a0,102,not-defined,set_data_type,zlib-1.0.4,high,original-source,source-backed,,,Compares ASCII and binary literal frequencies to set the stream data type,,,
wiz8,00419110,33,not-defined,bi_reverse,zlib-1.0.4,high,original-source,source-backed,,,Exact bit-reversal loop used by gen_codes,,,
wiz8,00419140,96,not-defined,bi_windup,zlib-1.0.4,high,original-source,source-backed,,,Flushes the remaining bit buffer and resets bi_buf and bi_valid,,,
wiz8,004191a0,138,not-defined,copy_block,zlib-1.0.4,high,original-source,source-backed,,,Winds up bits writes optional LEN/NLEN and copies the stored bytes,,,
wiz8,00419230,85,FUN_00419230,inflate_trees_bits,zlib-1.0.4,high,original-source,source-backed,,,Calls huft_build with the 19-code bit-length alphabet and exact error strings,,,
wiz8,00419290,1225,FUN_00419290,huft_build,zlib-1.0.4,high,original-source,source-backed,,,Only inftrees.c routine called by all three tree constructors with matching allocator/free behavior,,,
wiz8,00419760,231,FUN_00419760,inflate_trees_dynamic,zlib-1.0.4,high,original-source,source-backed,,,Builds literal/length and distance trees and emits exact dynamic-tree errors,,,
wiz8,00419850,323,FUN_00419850,inflate_trees_fixed,zlib-1.0.4,high,original-source,source-backed,,,Lazily constructs the fixed 288-entry literal and 30-entry distance trees,,,
wiz8,004199c0,62,FUN_004199c0,inflate_trees_free,zlib-1.0.4,high,original-source,source-backed,,,Walks and frees the linked Huffman allocation chain,,,
wiz8,00419a00,57,FUN_00419a00,inflate_codes_new,zlib-1.0.4,high,original-source,source-backed,,,Allocates and initializes the 0x1c-byte inflate code state,,,
wiz8,00419a40,2255,FUN_00419a40,inflate_codes,zlib-1.0.4,high,original-source,source-backed,,,Unique literal length distance decoder and exact invalid-code strings,,,
wiz8,0041a340,20,FUN_0041a340,inflate_codes_free,zlib-1.0.4,high,original-source,source-backed,,,Exact configured-allocator free wrapper for the code state,,,
wiz8,0041a360,320,FUN_0041a360,inflate_flush,zlib-1.0.4,high,original-source,source-backed,,,Shared 39-call-site output-window flush routine from infutil.c,,,
wiz8,0041a4a0,846,FUN_0041a4a0,inflate_fast,zlib-1.0.4,high,original-source,source-backed,,,Fast decoder reached from inflate_codes with the same invalid-code strings,,,
wiz8,00421680,,,VectorFromThreeFloats,fan-patch-oracle,strong,fan-patch-signature,external-semantic,,,CFAgent pW8FUNC_3FloatsToVector English seed address verified by embedded expected bytes,,,
wiz8,0042a6f0,,,LoadLevel,fan-patch-oracle,strong,fan-patch-signature,external-semantic,,,CFAgent pW8FUNC_LoadLevel English seed address verified by embedded expected bytes,,,
wiz8,0042b410,,,GetLocationIDFromCode,fan-patch-oracle,strong,fan-patch-signature,external-semantic,,,CFAgent pW8FUNC_GetLocationIDFromCode English seed address verified by embedded expected bytes,,,
wiz8,0042b550,,,LevelGetFolderNameByID,fan-patch-oracle,strong,fan-patch-signature,external-semantic,,,CFAgent pW8FUNC_LevelGetFolderNameByID English seed address verified by embedded expected bytes,,,
wiz8,0042b580,,,GetLoadedLevelID,fan-patch-oracle,strong,fan-patch-signature,external-semantic,,,CFAgent pW8FUNC_GetLoadedLevelID English seed address verified by embedded expected bytes,,,
wiz8,0042bc10,,,ReadOctFile,wiz8-octree-engine,strong,original-runtime-string,string-backed,,,Embedded failure diagnostics identify ReadOctFile and enumerate its octree preregion mesh trigger and lookup sections,,,
wiz8,0043d940,,,RunTrigger,fan-patch-oracle,strong,fan-patch-signature,external-semantic,,,CFAgent pW8FUNC_RunTrigger English seed address verified by embedded expected bytes,,,
wiz8,00443780,,,FindTriggerByName,fan-patch-oracle,strong,fan-patch-signature,external-semantic,,,CFAgent pW8FUNC_FindTriggerByName English seed address verified by embedded expected bytes,,,
wiz8,00443dc0,,,CreateLocationVar,fan-patch-oracle,strong,fan-patch-signature,external-semantic,,,CFAgent pW8FUNC_CreateLocationVar English seed address verified by embedded expected bytes,,,
wiz8,00444170,,,GetLocationVarIDByName,fan-patch-oracle,strong,fan-patch-signature,external-semantic,,,CFAgent pW8FUNC_GetLocationVarIDByName English seed address verified by embedded expected bytes,,,
wiz8,004456e0,,,PrintNothingHappenedOrSpecialItemRequired,fan-patch-oracle,strong,fan-patch-signature,external-semantic,,,CFAgent pW8FUNC_PrintNothingHappenOrSpecItemReq English seed address verified by embedded expected bytes,,,
wiz8,00446110,,,Copy3DVector,fan-patch-oracle,strong,fan-patch-signature,external-semantic,,,CFAgent pW8FUNC_Copy3DVector English seed address verified by embedded expected bytes,,,
wiz8,00451280,,,GetWorld,fan-patch-oracle,strong,fan-patch-signature,external-semantic,,,CFAgent pW8FUNC_GetWorld English seed address verified by embedded expected bytes,,,
wiz8,004512c0,,,FindEntityByName,fan-patch-oracle,strong,fan-patch-signature,external-semantic,,,CFAgent pW8FUNC_FindEntityByName English seed address verified by embedded expected bytes,,,
wiz8,00459540,,,OctPath::WriteWaypointFile,wiz8-pathfinding,strong,descriptive,descriptive,,,OctPath.cpp writes a version-two WPT header followed by 0x10-byte waypoints and 0x0e-byte links,,,
wiz8,00459650,,,OctPath::ReadWaypointFile,wiz8-pathfinding,strong,descriptive,descriptive,,,OctPath.cpp reads WPT versions one and two then materializes the runtime adjacency and hash structures,,,
wiz8,0048a7a0,,,InitializeEncounterTables,wiz8-engine-code,strong,descriptive,descriptive,,,MonGen.cpp loads EncounterTables.dbs into 72 runtime tables with columnar species rarity time challenge and script-name data,,,
wiz8,0048ad20,,,MonGen::GenerateEncounter,wiz8-engine-code,strong,original-runtime-string,string-backed,,,The embedded diagnostic names MonGen GenerateEncounter and its canonical body rolls group size and two optional companion records,,,
wiz8,0048b9a0,,,SelectEncounterCandidates,wiz8-engine-code,strong,descriptive,descriptive,,,Filters one encounter table by party challenge level weighted rarity and the recovered day night or any-time selector,,,
wiz8,0048bdc0,,,FindMonGenByName,fan-patch-oracle,strong,fan-patch-signature,external-semantic,,,CFAgent pW8FUNC_FindMonGenByName English seed address verified by embedded expected bytes,,,
wiz8,0048c110,,,MonGen::LoadAll,wiz8-engine-code,strong,original-runtime-string,string-backed,,,The embedded diagnostic names MonGen LoadAll and the function restores encounter state then applies the current level's bounds,,,
wiz8,0048c810,,,UpdateRandomEncounterBudget,wiz8-engine-code,strong,descriptive,descriptive,,,Replenishes the current level's encounter budget by elapsed time and clamps both budget and active-encounter limit,,,
wiz8,0048c8e0,,,CullExpiredEncounters,wiz8-engine-code,strong,descriptive,descriptive,,,Compares active encounter ages with the configured culling time and removes sufficiently distant expired groups,,,
wiz8,004a5e50,167,FUN_004a5e50,GrCycle::GrCycle,wiz8-engine-code,strong,original-source-path,string-backed,,,Constructs base and secondary subobject then writes vtables 0x005ece78 and 0x005eceb8,,,
wiz8,004a5f00,30,FUN_004a5f00,GrCycle::scalar_deleting_destructor,wiz8-engine-code,strong,original-source-path,string-backed,,,Primary vtable slot zero calls 0x004a6610 then conditionally invokes operator delete,,,
wiz8,004a5f20,1776,FUN_004a5f20,GrCycle::GrCycle,wiz8-engine-code,strong,original-source-path,string-backed,,,Copy constructor rebuilds the secondary subobject copies owned graphics state and installs both vtables,,,
wiz8,004a6610,456,FUN_004a6610,GrCycle::~GrCycle,wiz8-engine-code,strong,original-source-path,string-backed,,,Restores both vtables releases owned cycle resources and destroys secondary and base subobjects,,,
wiz8,004ac9d0,,,GetSpellTargetType,wiz8-gameplay-database,strong,descriptive,descriptive,,,Returns the target-type field at runtime offset 0x137 and optionally normalizes type one to zero,,,
wiz8,004aca60,,,CanSpellBackfire,wiz8-gameplay-database,strong,descriptive,descriptive,,,The canonical casting failure path uses this target-type and spell-ID predicate to decide whether a failed spell can backfire,,,
wiz8,004acb40,,,MinimumCasterLevelForSpellLevel,wiz8-gameplay-database,strong,descriptive,descriptive,,,Maps spell levels one through seven to minimum caster levels 1 3 5 8 11 14 and 18,,,
wiz8,004acba0,,,GetMinimumCasterLevelForSpell,wiz8-gameplay-database,strong,descriptive,descriptive,,,Loads a spell's level and returns the corresponding minimum caster level,,,
wiz8,004acc10,,,InitializeSpellDatabase,wiz8-gameplay-database,strong,descriptive,descriptive,,,Reads the count and version from SpellTables.dbs then skips 0x101 and loads 0x1bf bytes for each spell,,,
wiz8,004bea20,376,FUN_004bea20,Monster::Monster,wiz8-engine-code,strong,original-source-path,string-backed,,,Constructs three 0x1b0-byte arrays initializes fields through 0x624 and writes vtable 0x005ed200,,,
wiz8,004beba0,30,FUN_004beba0,Monster::scalar_deleting_destructor,wiz8-engine-code,strong,original-source-path,string-backed,,,Vtable slot zero calls 0x004bee50 then conditionally invokes operator delete,,,
wiz8,004bebd0,630,FUN_004bebd0,Monster::Monster,wiz8-engine-code,strong,original-source-path,string-backed,,,Copy constructor rebuilds the same three arrays copies state from its source argument and writes vtable 0x005ed200,,,
wiz8,004bee50,670,FUN_004bee50,Monster::~Monster,wiz8-engine-code,strong,original-source-path,string-backed,,,Destroys the three arrays in reverse order and tears down the base object,,,
wiz8,004d8f00,,,SpawnMonsters,fan-patch-oracle,strong,fan-patch-signature,external-semantic,,,CFAgent pW8FUNC_SpawnMonsters English seed address verified by embedded expected bytes,,,
wiz8,004d8f80,,,CreateAndPlaySoundNode,fan-patch-oracle,strong,fan-patch-signature,external-semantic,,,CFAgent pW8FUNC_CreateAndPlaySoundNode English seed address verified by embedded expected bytes,,,
wiz8,004dcd40,,,TriggerArrowTrap,fan-patch-oracle,strong,fan-patch-signature,external-semantic,,,CFAgent pW8FUNC_TrigFuncArrowTrap English seed address verified by embedded expected bytes,,,
wiz8,004e5550,,,MonsterGetIndexByLocationID,fan-patch-oracle,strong,fan-patch-signature,external-semantic,,,CFAgent pW8FUNC_MonsterGetIndexByLocID English seed address verified by embedded expected bytes,,,
wiz8,004e5620,,,MonsterGetScriptPartByLocationIndex,fan-patch-oracle,strong,fan-patch-signature,external-semantic,,,CFAgent pW8FUNC_MonsterGetScriptPartByLocIndex English seed address verified by embedded expected bytes,,,
wiz8,004e57c0,,,GetMonsterDataByID,fan-patch-oracle,strong,fan-patch-signature,external-semantic,,,CFAgent pW8FUNC_GetMonsterDataByID English seed address verified by embedded expected bytes,,,
wiz8,004e7090,,,StartCombat,fan-patch-oracle,strong,fan-patch-signature,external-semantic,,,CFAgent pW8FUNC_StartCombat English seed address verified by embedded expected bytes,,,
wiz8,004f6c50,,,SpawnItem,fan-patch-oracle,strong,fan-patch-signature,external-semantic,,,CFAgent pW8FUNC_SpawnItem English seed address verified by embedded expected bytes,,,
wiz8,004f88a0,,,FindItemTableByName,wiz8-item-generation,strong,descriptive,descriptive,,,Case-insensitively searches the 114 named ItemTables.dbs records and returns the table index or minus one,,,
wiz8,004f88f0,,,GenerateItemsFromTable,wiz8-item-generation,strong,descriptive,descriptive,,,Filters forty packed table slots then performs weighted selection and creates up to the requested number of item instances,,,
wiz8,004fb220,,,CastSpellAtParty,fan-patch-oracle,strong,fan-patch-signature,external-semantic,,,CFAgent pW8FUNC_CastSpellAtTheParty English seed address verified by embedded expected bytes,,,
wiz8,004ff3b0,,,GetProfessionCasterLevel,wiz8-character-system,strong,descriptive,descriptive,,,Returns the selected profession level plus its magic-level offset or minus one for the no-magic sentinel,,,
wiz8,005061a0,,,SetFact,fan-patch-oracle,strong,fan-patch-signature,external-semantic,,,CFAgent pW8FUNC_SetFact English seed address verified by embedded expected bytes,,,
wiz8,00506280,,,GetFact,fan-patch-oracle,strong,fan-patch-signature,external-semantic,,,CFAgent pW8FUNC_GetFact English seed address verified by embedded expected bytes,,,
wiz8,00506310,,,InitializeFactState,wiz8-game-state,strong,descriptive,descriptive,,,Clears exactly 1000 persisted fact bytes then installs the initial mode-dependent facts through SetFact,,,
wiz8,00506480,,,SaveFactState,wiz8-save-game,strong,descriptive,descriptive,,,Writes exactly 1000 fact-state bytes to the supplied save handle,,,
wiz8,005064a0,,,LoadFactState,wiz8-save-game,strong,descriptive,descriptive,,,Reads exactly 1000 fact-state bytes and reconciles state-dependent NPC data and initial-mode facts,,,
wiz8,00506670,,,HandleFactChange,wiz8-local-code,strong,descriptive,descriptive,,,The only caller is SetFact and the fact-ID switch performs corresponding world NPC faction trigger and location side effects,,,
wiz8,005080f0,,,EvaluateFact,wiz8-local-code,strong,descriptive,descriptive,,,Computes special and derived facts recursively and otherwise returns the persisted byte for the requested fact ID,,,
wiz8,005090c0,,,MonsterKilled,fan-patch-oracle,strong,fan-patch-signature,external-semantic,,,CFAgent pW8FUNC_MonsterKilled English seed address verified by embedded expected bytes,,,
wiz8,00509aa0,,,CreateNpcRuntimeNode,wiz8-npc-system,strong,descriptive,descriptive,,,Allocates a 0x13d-byte runtime node and binds the indexed NPC database record then conditionally initializes inventory and full RPC character state,,,
wiz8,0050b830,,,GetNPCItemListByID,fan-patch-oracle,strong,fan-patch-signature,external-semantic,,,CFAgent pW8FUNC_GetNPCItemListByID English seed address verified by embedded expected bytes,,,
wiz8,00510b60,,,FindFirstMonsterByID,fan-patch-oracle,strong,fan-patch-signature,external-semantic,,,CFAgent pW8FUNC_FindMonsterFirstByID English seed address verified by embedded expected bytes,,,
wiz8,00510bf0,,,FindNextExistingMonsterByID,fan-patch-oracle,strong,fan-patch-signature,external-semantic,,,CFAgent pW8FUNC_FindNextExistingMonsterByID English seed address verified by embedded expected bytes,,,
wiz8,00511250,,,MonsterGroupCalcDefaultDisposition,wiz8-local-code,strong,original-runtime-string,string-backed,,,The embedded assertion text names MonsterGroupCalcDefaultDisposition and the canonical body selects NPC faction or unaligned hostility disposition,,,
wiz8,00511990,,,GiveBirthToMonster,fan-patch-oracle,strong,fan-patch-signature,external-semantic,,,CFAgent pW8FUNC_GiveBirthToMonster English seed address verified by embedded expected bytes,,,
wiz8,00512290,,,GetSaveGameLevel,wiz8-save-game,strong,official-demo|original-runtime-string,string-backed,,,The demo diagnostic names the function and the canonical body opens the selected save and searches its GSTA section,,,
wiz8,005123f0,,,SaveGame,wiz8-save-game,strong,official-demo|original-runtime-string,string-backed,,,The demo diagnostics name the function and the canonical body writes the tagged game and level state sections,,,
wiz8,00512920,,,LoadGame,wiz8-save-game,strong,official-demo|original-runtime-string,string-backed,,,The demo diagnostic names the function and the canonical body dispatches tagged sections from the selected save,,,
wiz8,00512d00,,,VerifyDataSubdirs,wiz8-save-game,strong,official-demo|original-runtime-string,string-backed,,,The demo diagnostics name the function and the canonical body validates Saves Characters and NPCs directories,,,
wiz8,00513090,,,LoadStatusHeader,wiz8-save-game,strong,official-demo|original-runtime-string,string-backed,,,The demo diagnostics name the function and the canonical body reads and validates a fixed 0x314-byte versioned status header,,,
wiz8,00513260,,,SaveStatusHeader,wiz8-save-game,strong,official-demo|original-runtime-string,string-backed,,,The demo diagnostics name the function and the canonical body writes the fixed status header and tagged level-state sections,,,
wiz8,00513650,,,LoadItemStatus,wiz8-save-game,strong,official-demo|original-runtime-string,string-backed,,,The demo diagnostic names the function and the canonical body selects one LVLS record then dispatches its nested status sections,,,
wiz8,00513c20,,,LoadMonsterGroup,wiz8-save-game,strong,official-demo|original-runtime-string,string-backed,,,The demo diagnostics name the function and its size assertion names pMonsterGroup,,,
wiz8,00513d80,,,LoadMonster,wiz8-save-game,strong,official-demo|original-runtime-string,string-backed,,,The demo diagnostics name the function and its size assertion names pMonsterInfo,,,
wiz8,005145a0,,,SaveMonsterStatus,wiz8-save-game,strong,official-demo|original-runtime-string,string-backed,,,The demo diagnostics identify failed SaveMonster and SaveMonsterGroup calls in this canonical section writer,,,
wiz8,00514be0,,,SaveItemFile,wiz8-save-game,strong,official-demo|original-runtime-string,string-backed,,,The demo diagnostic names the function and the canonical body writes one serialized item,,,
wiz8,00514c80,,,LoadItem,wiz8-save-game,strong,official-demo|original-runtime-string,string-backed,,,The demo diagnostics name the function and the canonical body allocates and appends one serialized item,,,
wiz8,00515090,,,SaveCharacter,wiz8-save-game,strong,official-demo|original-runtime-string,string-backed,,,The demo diagnostics name the function and identify separate Characters and NPCs paths,,,
wiz8,005152b0,,,LoadCharacter,wiz8-save-game,strong,official-demo|original-runtime-string,string-backed,,,The demo diagnostics name the function and identify separate Characters and NPCs paths,,,
wiz8,00517970,,,RollDice,wiz8-gameplay-database,strong,descriptive,descriptive,,,Returns the signed base plus count independent rolls in the range one through sides,,,
wiz8,005179b0,,,IntegerPower,wiz8-gameplay-database,strong,descriptive,descriptive,,,Multiplies the integer base by itself exponent times and is used to derive the monster disposition cache duration,,,
wiz8,005179d0,,,ClampInteger,wiz8-engine-code,strong,descriptive,descriptive,,,Clamps an integer through a pointer to the inclusive minimum and maximum arguments,,,
wiz8,00517ea0,,,StripMonsterNameSuffix,wiz8-gameplay-database,strong,descriptive,descriptive,,,Finds the first wide '#' in a monster name field and terminates the string there,,,
wiz8,00517ec0,,,CharacterPointerToPartySlot,fan-patch-oracle,strong,fan-patch-signature,external-semantic,,,CFAgent pW8FUNC_PCPtrToPCSlot English seed address verified by embedded expected bytes,,,
wiz8,00518150,,,GetRandomCharacter,fan-patch-oracle,strong,fan-patch-signature,external-semantic,,,CFAgent pW8FUNC_GetRandomCharacter English seed address verified by embedded expected bytes,,,
wiz8,0051b5c0,,,FormatItemDisplayName,wiz8-gameplay-database,strong,descriptive,descriptive,,,Selects identified or generic item text and optionally appends the stack count,,,
wiz8,0051b9e0,,,GetItemInHand,fan-patch-oracle,strong,fan-patch-signature,external-semantic,,,CFAgent pW8FUNC_GetItemInHand English seed address verified by embedded expected bytes,,,
wiz8,0051c020,,,ReplaceOrCreateItem,fan-patch-oracle,strong,fan-patch-signature,external-semantic,,,CFAgent pW8FUNC_ReplaceOrCreateItem English seed address verified by embedded expected bytes,,,
wiz8,0051c300,,,AddItemToCharacter,fan-patch-oracle,strong,fan-patch-signature,external-semantic,,,CFAgent pW8FUNC_AddItemToCharacter English seed address verified by embedded expected bytes,,,
wiz8,0051e760,,,RemoveCharacterItem,fan-patch-oracle,strong,fan-patch-signature,external-semantic,,,CFAgent pW8FUNC_RemoveCharItem English seed address verified by embedded expected bytes,,,
wiz8,0051f2f0,,,MergeItems,fan-patch-oracle,strong,fan-patch-signature,external-semantic,,,CFAgent pW8FUNC_MergeItems English seed address verified by embedded expected bytes,,,
wiz8,00521ef0,,,AddItemToParty,fan-patch-oracle,strong,fan-patch-signature,external-semantic,,,CFAgent pW8FUNC_AddItemToParty English seed address verified by embedded expected bytes,,,
wiz8,005222d0,,,GetOriginOfCharacterItem,fan-patch-oracle,strong,fan-patch-signature,external-semantic,,,CFAgent pW8FUNC_GetOriginOfCharItem English seed address verified by embedded expected bytes,,,
wiz8,00522640,,,UpdateFactsAfterAcquiringItem,fan-patch-oracle,strong,fan-patch-signature,external-semantic,,,CFAgent pW8FUNC_UpdateFactsAfterAcquiringItem English seed address verified by embedded expected bytes,,,
wiz8,00522fe0,,,SetCharacterCondition,fan-patch-oracle,strong,fan-patch-signature,external-semantic,,,CFAgent pW8FUNC_SetCharCondition English seed address verified by embedded expected bytes,,,
wiz8,00523330,,,RemoveCharacterCondition,fan-patch-oracle,strong,fan-patch-signature,external-semantic,,,CFAgent pW8FUNC_RemoveCharCondition English seed address verified by embedded expected bytes,,,
wiz8,00528a80,,,AddLinesToMessageBox,fan-patch-oracle,strong,fan-patch-signature,external-semantic,,,CFAgent pW8FUNC_AddLinesToMessageBox English seed address verified by embedded expected bytes,,,
wiz8,005299b0,,,ShowString,fan-patch-oracle,strong,fan-patch-signature,external-semantic,,,CFAgent pW8FUNC_ShowString1 English seed address verified by embedded expected bytes,,,
wiz8,0052a2f0,,,RecalculateCharacterHitPoints,wiz8-character-system,strong,descriptive,descriptive,,,Combines all fifteen profession levels with the corresponding hit-point factors then reconciles current and maximum hit points,,,
wiz8,0052ff80,,,GetStringFromStringDatabase,fan-patch-oracle,strong,fan-patch-signature,external-semantic,,,CFAgent pW8FUNC_GetStringFromStringDB English seed address verified by embedded expected bytes,,,
wiz8,00535ad0,,,GetFactionDisposition,wiz8-factions,strong,descriptive,descriptive,,,Asserts a faction ID from zero through twenty and maps its rating below 34 to hostile through 66 to neutral and above 66 to friendly,,,
wiz8,0054a400,,,InitializeItemDatabase,wiz8-gameplay-database,strong,descriptive,descriptive,,,Reads the Items.dbs count then allocates and loads contiguous 0x10d-byte records,,,
wiz8,0054a510,,,InitializeItemTables,wiz8-gameplay-database,strong,descriptive,descriptive,,,Loads 15 fixed category labels and 114 contiguous 0x1f1-byte item-generation tables,,,
wiz8,0054a8a0,,,LoadMonsterDatabaseRecord,wiz8-gameplay-database,strong,descriptive,descriptive,,,Seeks to index times 0x297 plus the count header and reads one monster record,,,
wiz8,0054aac0,,,InitializeNpcDatabase,wiz8-gameplay-database,strong,descriptive,descriptive,,,Loads 146 fixed 0x309-byte NPC records and each version-two variable fact-rule tail,,,
wiz8,0054ac90,,,DestroyNpcDatabase,wiz8-gameplay-database,strong,descriptive,descriptive,,,Destroys each NPC record's runtime rule container then frees the fixed record array,,,
wiz8,0054ad00,,,InitializeFactDatabase,wiz8-gameplay-database,strong,descriptive,descriptive,,,Reads the Fact.dbs count then allocates and loads contiguous 0x1d8-byte definition records,,,
wiz8,0054ae00,,,DestroyFactDatabase,wiz8-gameplay-database,strong,descriptive,descriptive,,,Frees the fact definition array and clears its global pointer,,,
wiz8,0054ae20,,,InitializeLevelDatabase,wiz8-gameplay-database,strong,descriptive,descriptive,,,Reads the Levels.dbs count then allocates and loads contiguous 0xd8-byte records,,,
wiz8,00551a60,,,RecalculateCharacterResistances,wiz8-character-system,strong,descriptive,descriptive,,,Builds six realm resistances then applies the selected race's six resistance adjustment records and character bonuses,,,
wiz8,00553d90,,,IsCharacterSkillAvailable,wiz8-character-system,strong,descriptive,descriptive,,,Checks the 41 by 15 profession skill matrix then bonus professional caster and expert-skill exceptions,,,
wiz8,00553f10,,,PracticeCharacterSkill,wiz8-character-system,strong,descriptive,descriptive,,,Consumes usage points to advance an available skill and dispatches the character skill-increase notification,,,
wiz8,00557350,,,DetermineEligibleProfessions,wiz8-character-system,strong,descriptive,descriptive,,,Compares seven current attributes and creation-budget adjustments against all fifteen profession minimum records,,,
wiz8,00557430,,,AddCharacterStartingEquipment,wiz8-character-system,strong,descriptive,descriptive,,,Adds six profession item IDs or the dedicated Faerie replacement row and then applies profession-specific extras,,,
wiz8,005d5e30,167,FUN_005d5e30,MonsterInfoDialog::MonsterInfoDialog,wiz8-dialog-code,strong,original-source-path,string-backed,,,Constructs three embedded members writes vtable 0x005ef910 and loads popup_monsterinfo.sti,,,
wiz8,005d5ee0,30,FUN_005d5ee0,MonsterInfoDialog::scalar_deleting_destructor,wiz8-dialog-code,strong,original-source-path,string-backed,,,Vtable slot zero calls 0x005d5f00 then conditionally invokes operator delete,,,
wiz8,005d5f00,137,not-defined,MonsterInfoDialog::~MonsterInfoDialog,wiz8-dialog-code,strong,original-source-path,string-backed,,,Restores vtable 0x005ef910 and destroys members at offsets 0x58 0xa4 and 0xec,,,
wiz8,005df0d0,,,ConstructProfessionInfoDialog,wiz8-ui,strong,descriptive,descriptive,,,ProfRaceInfoDialog constructor asserts PROF_COUNT and copies one profession's seven attribute minimums,,,
wiz8,005df250,,,PopulateProfessionInfoDialog,wiz8-ui,strong,descriptive,descriptive,,,Displays three profession abilities plus the bonus and four professional skills from the canonical tables,,,
wiz8,005df570,,,ConstructRaceInfoDialog,wiz8-ui,strong,descriptive,descriptive,,,ProfRaceInfoDialog constructor asserts RACE_COUNT and copies seven attribute minimums for the eleven playable races,,,
wiz8,005df6f0,,,PopulateRaceInfoDialog,wiz8-ui,strong,descriptive,descriptive,,,Displays five race ability IDs from the sixteen-record race ability table,,,
wiz8,005e1c10,11,FUN_005e1c10,operator_delete,msvc6-runtime,strong,descriptive,descriptive,,,Local C++ deallocation wrapper pushes its pointer argument and calls the six-byte free import thunk at 0x005E1C1D through IAT slot 0x005EB224; unlike operator new at 0x005E1CE0 this body is not itself an import thunk,,,
wiz8,005e1c30,104,__aulldiv,__aulldiv,msvc6-runtime,high,original-export,abi-backed,,rtm|sp3|sp4|sp5|sp6,All five pinned VC6 CRT snapshots produce the same symbol and matching body,,,
wiz8,005e1ca0,52,__allmul,__allmul,msvc6-runtime,high,original-export,abi-backed,,rtm|sp3|sp4|sp5|sp6,All five pinned VC6 CRT snapshots produce the same symbol and matching body,,,
wiz8,005e1ce0,6,operator_new,operator_new_import_thunk,msvc6-runtime,exact,original-export,abi-backed,,,Six-byte linker thunk through IAT slot 0x005EB1BC to the MSVCRT operator new export; raw body ff25bcb15e00,,,
wiz8,005e1cf0,170,FUN_005e1cf0,__alldiv,msvc6-runtime,high,original-export,abi-backed,,rtm|sp3|sp4|sp5|sp6,All five pinned VC6 CRT snapshots produce the same symbol and matching body,,,
wiz8,005e1da0,47,FUN_005e1da0,__alloca_probe,msvc6-runtime,high,original-export,abi-backed,,rtm|sp3|sp4|sp5|sp6,All five pinned VC6 CRT snapshots produce the same symbol and matching body,,,
wiz8,005e1dd0,31,__aullshr,__aullshr,msvc6-runtime,high,original-export,abi-backed,,rtm|sp3|sp4|sp5|sp6,All five pinned VC6 CRT snapshots produce the same symbol and matching body,,,
wiz8,005e1def,106,FUN_005e1def,??_L@YGXPAXIHP6EX0@Z1@Z,msvc6-runtime,high,original-export,abi-backed,,rtm|sp3|sp4|sp5|sp6,Full FID match to the VC6 vector-constructor iterator in every pinned CRT snapshot,,,
wiz8,005e1e71,104,FUN_005e1e71,??_M@YGXPAXIHP6EX0@Z@Z,msvc6-runtime,high,original-export,abi-backed,,rtm|sp3|sp4|sp5|sp6,Full FID match to the VC6 vector-destructor iterator in every pinned CRT snapshot,,,
wiz8,005e1ef1,81,FUN_005e1ef1,?__ArrayUnwind@@YGXPAXIHP6EX0@Z@Z,msvc6-runtime,high,original-export,abi-backed,,rtm|sp3|sp4|sp5|sp6,Full FID match to the VC6 array-unwind helper in every pinned CRT snapshot,,,
wiz8,005e2890,98,FUN_005e2890,PListIndexOf,wiz8-foundation,exact,descriptive,descriptive,,,VC6 SP5 /O2 /Ob2 /MD /G6 body is byte-exact; canonical assertions in 3D Code\PList.cpp name parameters ppl and pEntry,3D Code\PList.cpp,,e0393a26c8db1c3f77e22d6ace4754227f68fffbdd424c6f8139f3edb5f580df
