address,size,symbol,owner,confidence,relocation_masked_sha256,evidence
00421680,25,method_00421680,surrender-template,exact,8c7237c51fbcb1cbc3cd5e637a53cd257c04edf6f47958caf465882cf3af655f,VC6 SP5 O2 G6 MD srVector3T<float> inline body is byte-exact and proves three scalar double inputs float output and this return; exact member name is not exported
00517970,53,RollDice,wiz8-gameplay-database,exact,9e88bdc5744063e0d522ea20c95810352faed566df73a58552566ce96017ab63,VC6 SP5 O2 G6 MD body matches after masking the one external-call relocation
005179b0,24,IntegerPower,wiz8-gameplay-database,exact,4454e70e52316ed73ef32bf813e14e16145c25fa3f402079afd9de08ecc375e8,VC6 SP5 O2 G6 MD body is byte-exact
005179d0,25,ClampInteger,wiz8-engine-code,exact,13755985809557446cbd5b7e269ef859eeb4fbaab4313ec284ad3d8232cf7b17,VC6 SP5 O2 G6 MD body is byte-exact
004a8460,57,GrCycle::SetBehaviour,wiz8-engine-code,exact,6d6e1243f0cc1bd86fc309d262bf4ca9bd69077681145766e71ad314da74e4b2,VC6 SP5 O2 G6 MD thiscall body is byte-exact after masking the assertion relocations; the canonical assertion pins BEHAVIOUR_FIRST to 1 and BEHAVIOUR_LAST to 3, and reproducing the virtual call at vtable offset 0x24 proves primary slot 9, consistent with the reviewed 16-slot table; the byte written at +0x70 belongs to the object slot 9 returns, not to GrCycle
004ac9d0,47,GetSpellTargetType,wiz8-spell-system,exact,c801093b8ae5b3030e9db8e3d0fd1e4e6ad874ba8ea20eb0882f8802bce55dc5,VC6 SP5 O2 G6 MD body matches after masking the spell-record global relocation
004aca60,102,CanSpellBackfire,wiz8-spell-system,structurally-strong,,Typed switch semantics and control-flow cases agree; candidate retains a separate true-return block and is not byte-exact
004acb40,61,MinimumCasterLevelForSpellLevel,wiz8-spell-system,exact,649880237ae6e55d4df2f0ccfcc79f459e41a6bdb57711253ae74e907fa35228,VC6 SP5 O2 G6 MD switch body and local jump-table relocations match exactly
004acba0,85,GetMinimumCasterLevelForSpell,wiz8-spell-system,exact,bb490ccad29b8f851d5c0f3e8ee00b2c3cc7f778aa3f671f2a620e4974094758,VC6 SP5 O2 G6 MD body matches after masking the spell-record and local jump-table relocations
005e2c70,13,PListGetCount,wiz8-foundation,exact,b032c1545d695fa6c235735375dbb6d8383eed619499ece0a921206657ab6e0a,VC6 SP5 O2 G6 MD body is byte-exact; 3D Code\PList.cpp, whose canonical assertions name the parameters ppl and pEntry. Layout proof for W8PList: elements at 0x00 and count at 0x08, a different container from W8PtrVector
005e2900,145,IListCreate,wiz8-foundation,exact,885eee927933a282b878231bd8e76e86adf88aab79eee9ef5e409cefa29efffc,VC6 SP5 O2 G6 MD body is byte-exact; 3D Code\IList.cpp. Allocates the 0xc-byte list object, which fixes sizeof(W8IList) at three ints, then inlines IListInit. The inlined copy matches exactly, which localises IListInit's standalone near-miss to its return-value codegen rather than its body
005e2aa0,174,IListAdd,wiz8-foundation,exact,8111e37b5c43ebc1ca255a7e7a0a21d083d1e41a5b5b9a3a3c0ae06657e1fc9a,VC6 SP5 O2 G6 MD body is byte-exact; 3D Code\IList.cpp. Grows the array by five when count reaches capacity, and the growth assertion names its temporary pTemp; returns the index the value was stored at
005e2a00,83,IListDestroy,wiz8-foundation,exact,c979c29b2be33507226e3ec458eb8b5c66481e7aeb79a1b08abdb4ba7e7c57a1,VC6 SP5 O2 G6 MD body is byte-exact; 3D Code\IList.cpp; asserts twice under one null test because IListFreeData is inlined into it and VC6 merges the two null checks, then frees the element array and the list object
005e29a0,81,IListInit,wiz8-foundation,exact,a0691c614c01ccb9c36efd4873606c7da88eb13f9ebdcbe6eff386482d6762aa,Standalone IList constructor: asserts pls, frees any existing buffer, allocates ten ints, sets capacity 10 and count 0. The original splits testing from materialising -- it sets the flags immediately after storing the allocation and emits a bare setne al, with no zero-extend, only at the return. Comparing in the return statement makes VC6 compute the value early into CL and widen it; assigning a byte local right after the store reproduces the split and the body byte-exactly
005e2cc0,66,IListIndexOf,wiz8-foundation,exact,3086c58e71669ce9cf8edc1954f342bc9384d4de2896ed7bb15c4f1cb0c24bae,VC6 SP5 O2 G6 MD body is byte-exact; 3D Code\IList.cpp; matched first try using the counted-for-over-index loop shape recorded in the matching-decomp skill, confirming that technique generalises beyond PListIndexOf
005e2a60,56,IListFreeData,wiz8-foundation,exact,4bfc0d875337a1a2c986e15db88c77380b3000c9d07403cf335613828e7be4fa,VC6 SP5 O2 G6 MD body is byte-exact; 3D Code\IList.cpp, whose assertions all name the parameter pls. Layout proof for W8IList: elements at 0x00, count at 0x08; frees the element array through the CRT and returns TRUE
005e2b50,43,IListClear,wiz8-foundation,exact,1c0b510c4d35ce70552c95f114bd287e0ae7bee09d10a3da9679c429dc01ef6b,VC6 SP5 O2 G6 MD body is byte-exact; 3D Code\IList.cpp, whose assertions all name the parameter pls. Layout proof for W8IList: elements at 0x00, count at 0x08; resets only the count, leaving the allocation in place
005e2c80,55,IListGetAt,wiz8-foundation,exact,167aad620d16007a619133c2877715261fb06adef6a10daa981376163e60530f,VC6 SP5 O2 G6 MD body is byte-exact; 3D Code\IList.cpp, whose assertions all name the parameter pls. Layout proof for W8IList: elements at 0x00, count at 0x08; returns -1 rather than null on a failed lookup, which is what establishes the elements as ints and separates IList from PList
005e2870,26,PListGetAt,wiz8-foundation,exact,edf5f04b20eb291f3578402724f020db014f26fdf669f5ed71d61d7b82d75c9c,VC6 SP5 O2 G6 MD body is byte-exact; 3D Code\PList.cpp, whose canonical assertions name the parameters ppl and pEntry. Layout proof for W8PList: elements at 0x00 and count at 0x08, a different container from W8PtrVector
005e2890,98,PListIndexOf,wiz8-foundation,exact,e0393a26c8db1c3f77e22d6ace4754227f68fffbdd424c6f8139f3edb5f580df,VC6 SP5 O2 G6 MD body is byte-exact; 3D Code\PList.cpp, whose canonical assertions name the parameters ppl and pEntry. Layout proof for W8PList: elements at 0x00 and count at 0x08, a different container from W8PtrVector; converged only as a counted for-loop indexing ppl->data[index] - a hand-rolled cursor makes VC6 peel the first comparison and emit two epilogues
0055ca20,82,Chunk::Read,wiz8-file-system,exact,b8b8653f65c4c85f3d61567f44a753c6f29d99b4420e37b20110ae1f08797bc9,VC6 SP5 O2 G6 MD thiscall body is byte-exact after masking the assertion and virtual-file relocations; with its sibling this proves W8Chunk's handle at 0x00 and m_fWriting at 0x04, the latter named by the canonical assertions at Local Code\chunk.cpp lines 640 and 669 which guard the two directions against each other
0055ca80,82,Chunk::Write,wiz8-file-system,exact,e76fcb8b441f5eb30e56172dda014a2276b4f27854e9cf8a8ab88013593a5e06,VC6 SP5 O2 G6 MD thiscall body is byte-exact after masking the assertion and virtual-file relocations; with its sibling this proves W8Chunk's handle at 0x00 and m_fWriting at 0x04, the latter named by the canonical assertions at Local Code\chunk.cpp lines 640 and 669 which guard the two directions against each other
005d6e60,12,MonsterInfoDialog::ClearField41IfEnabled,wiz8-dialog-code,exact,420a8f7946704908c28b0f13329d6f4518bde2fa24e82d08a9d08c0a007ae0c7,VC6 SP5 O2 G6 MD primary vtable slot 12 is byte-exact with no relocations; layout proof for MonsterInfoDialog fields at 0x41 and 0x50. The source unit has no assertions at all so the fields keep positional names; only the offsets are established
005dbde0,20,MonsterInfoDialog::ResetSubobjectAndRefresh,wiz8-dialog-code,exact,6633a8028afee403b523b3565536bb5f0ac8cf5152e8379c30812afc5c9b8052,VC6 SP5 O2 G6 MD primary vtable slot 2 is byte-exact after masking two call relocations; proves the 0x58 subobject offset, the first of the three the reviewed complete destructor tears down
0053bea0,110,TargetSourceIsCharacter,wiz8-targeting,exact,44cd0b62732cc4d84bb8b654e39327c9eeb089f1ee700a41a03dac0c713465ad,VC6 SP5 O2 G6 MD body is byte-exact after masking the assertion relocations; with its sibling this proves W8TargetSource iType/iChar/iMonsterID at 0x00/0x04/0x08 and, because swapping them would reorder the emitted tests, fReflection at 0x1b and fBackfire at 0x1c; the canonical assertions also pin BAD_INDEX to -1
0053bf10,110,TargetSourceIsMonster,wiz8-targeting,exact,141d2939da4529b270e01954683c9ea628fd51d4072fe7c610529c436417e2cb,VC6 SP5 O2 G6 MD body is byte-exact after masking the assertion relocations; with its sibling this proves W8TargetSource iType/iChar/iMonsterID at 0x00/0x04/0x08 and, because swapping them would reorder the emitted tests, fReflection at 0x1b and fBackfire at 0x1c; the canonical assertions also pin BAD_INDEX to -1
00535ad0,100,GetFactionDisposition,wiz8-factions,exact,8166d9a0a4cfcb3ed073f966e33115d60f4512f670bcb6785a5300e114a113f4,VC6 SP5 O2 G6 MD body matches after masking imported assertion strings and faction-table relocations
00518150,218,GetRandomCharacter,wiz8-character-system,exact,f881acd9b355a6e4aac0b6dd77781a1e5d01e4e6e7872ba6e0c5026f7f8f0908,VC6 SP5 O2 G6 MD body is byte-exact after masking the GetRandomNumber party-array and slot-row relocations; W8Character fields 0x0b01 and 0x0b11 must be unsigned because the canonical compares are JB/JBE rather than JL/JE, and scanned must be initialized before slot to reproduce the register clear order
00517ea0,26,StripMonsterNameSuffix,wiz8-gameplay-database,exact,fcc9db3bf744139df99cc283507aff3d58c1deb75cf8bedbb4a3beef5e5698cf,VC6 SP5 O2 G6 MD body matches after masking the imported wcschr relocation
00517ec0,105,CharacterPointerToPartySlot,wiz8-character-system,exact,ba51c3d9a068fa8b79e4fbe5fb88e160d773ee10dbbe561891b0a9186aaff725,VC6 SP5 O2 G6 MD body matches after masking assertion formatting global-party and string relocations
004f30f0,76,Controls::EnableRegionSet,wiz8-ui-system,exact,021a6ed094a4b35f1daf5b10242f5c8e0fb1b7ddcb690690d284377d0aae13ed,VC6 SP5 O2 G6 MD thiscall body is byte-exact after masking the assertion and region-set relocations; layout proof for m_uiRegionSetId at 0x48, named by the canonical assertion at Local Code\Controls.cpp line 399, and pins REGSET_NULL to zero
0049fb20,7,Item::GetMesh,wiz8-item-system,exact,270281414aca6c503ecfa24694c7b1081b6c1b4743b906eb46a8f14be0799750,VC6 SP5 O2 G6 MD thiscall getter is byte-exact with no relocations and unique in every build; seven bytes prove two chained offsets at once - Item::m_pRep at 0x14 and ItemRep::m_psrMesh at 0x64 - both named by the canonical assertion m_pRep->m_psrMesh at Engine Code\Item.cpp line 614
004ff3b0,82,GetProfessionCasterLevel,wiz8-character-system,exact,a9d9c20d53f78c3eaf03ef10a24468a2cb2a63254148cefe7bf67ca06526a75e,VC6 SP5 O2 G6 MD body matches after masking assertion profession-table and string relocations
00506280,132,GetFact,wiz8-game-state,exact,bd49cf8863d372e24a72e6ad01c04fd9772d3bb8726df41cf5aa5d1a9870db33,VC6 SP5 O2 G6 MD body matches after masking EvaluateFact logging fact-record and wide-string relocations
005061a0,219,SetFact,wiz8-game-state,exact,929c978d5088d599d032ddca2689f8d01b8adb0526aaa15a3de0621f77f760cf,VC6 SP5 O2 G6 MD body matches after masking state journal side-effect logging record and string relocations
0040efa0,50,GetRandomNumber,wiz8-engine-code,exact,438ef441f48956b35998a4c1aa63c4da1d0a0fc45436883376b4a7bc849897bb,VC6 SP5 O2 G5 MD body matches after masking the imported rand relocation
0042b580,6,GetLoadedLevelID,wiz8-level-system,exact,76811197299fd7215ff45276752d25eaa8889353ee70ada1fd839c8a55d34ffc,VC6 SP5 O2 G6 MD getter matches after masking the loaded-level global relocation
00451280,6,GetWorld,wiz8-world-system,exact,76811197299fd7215ff45276752d25eaa8889353ee70ada1fd839c8a55d34ffc,VC6 SP5 O2 G6 MD getter matches after masking the world-pointer global relocation
0051b9e0,19,GetItemInHand,wiz8-item-system,exact,b9095c14c2ad5c66b33be97c13da5f36816cee38f6b3d5faff013d7909fd2c14,VC6 SP5 O2 G6 MD body matches after masking item-validity and item-record relocations
0042e440,118,Octree::AddLoadedProp,wiz8-octree-engine,exact,6b55d5d29ec4fdbb3d9b6af66fbfa39c82f180e60a141694803f552b3edd831b,VC6 SP5 O2 G6 MD thiscall body is byte-exact after masking the assertion relocations; together with its sibling this is the layout proof for seven Octree fields, whose names and UINT16/UINT32 split come from the canonical assertions at Engine Code\Octree.cpp lines 1157 and 1181 and whose messages name the class Octree
0042e4c0,118,Octree::AddLoadedParticle,wiz8-octree-engine,exact,5310af6eb5a4589203b36a59ca88ee08d0b4f7a83d6d32f69d9c7e8dec3d2515,VC6 SP5 O2 G6 MD thiscall body is byte-exact after masking the assertion relocations; together with its sibling this is the layout proof for seven Octree fields, whose names and UINT16/UINT32 split come from the canonical assertions at Engine Code\Octree.cpp lines 1157 and 1181 and whose messages name the class Octree
0042b410,231,GetLocationIDFromCode,wiz8-level-system,exact,432b1896821b8cbe7a262da430417dc336cc59f13a23bf043f9e493bed8bda2b,VC6 SP5 O2 G6 MD body is byte-exact after masking the _stricmp level-table and callee relocations; two source-shape constraints were required and are load-bearing: the lookup loop must be a separate __inline helper returning -1 (a goto or post-loop bound test lets VC6 range-propagate and delete the original's retained level_id==-1 and >=57 guards), and the two emptiness checks must be one short-circuit || so both failures share a single return -1 epilogue instead of duplicating it
0042b500,76,LevelGetLocationCodeByID,wiz8-level-system,exact,0a8de1a7b2ca5e8d67f1522337732bcb5fe4dc3fc33cde6051de5f9ed864240a,VC6 SP5 O2 G6 MD body is byte-exact after masking the level-table relocation; inlined strcpy reproduces the original repne scasb plus rep movsd/movsb sequence; the original bounds-checks only the upper end so a negative level_id reads before the table
0042b550,33,LevelGetFolderNameByID,wiz8-level-system,exact,0e02b69da5480ffc3bd971ad5330ef56843d43cae98b4f89dc8c42f212cc25d7,VC6 SP5 O2 G6 MD bounds check and 0x6b table lookup match after masking the level-folder table relocation
00444170,109,GetLocationVarIDByName,wiz8-location-variables,exact,d0e75111187a799a90b2c25b05469b9acd6a91b11984a5582c4bca7f35b800d9,VC6 SP5 O2 G6 MD search matches after masking name level current-level and _stricmp relocations
00446110,25,method_00446110,surrender-template,exact,d2c6b969f7e840e9b66f67645f81ca73443a3440a6172050a5bb642d96fd1f9c,VC6 SP5 O2 G6 MD srVector3T<double>-to-srVector3T<float> inline body is byte-exact and proves a 24-byte source 12-byte destination and this return; exact member name is not exported
0047d5c0,40,VirtualFileBinIStream::Read,wiz8-file-system,exact,d6788dded47644210f3fbf462a40cb870935160caf6a9e155e40ec2a80762e60,VC6 SP5 O2 G6 MD primary vtable slot 1 is byte-exact after masking the ReadVirtualFile relocation; layout proof for the SLF handle at +8, the field the constructor stores. It also establishes that ReadVirtualFile returns a BYTE-sized boolean rather than an int: the canonical body tests it with neg al, which an int-returning declaration cannot emit
0048bdc0,100,FindMonGenByName,wiz8-monster-system,structurally-strong,,Name lookup over the world's monster-generator vector, with the original's peeled first bounds check. Every instruction agrees; the residual is block placement. The original lays out the not-found epilogue immediately after the loop and the found epilogue after it, so its back edge is a single jl that falls through into not-found and it threads past the bounds check into the in-bounds path. We emit found first, which forces jge <not-found> plus jmp <body> and moves the two argument loads after the peeled compare. Writing the match as a direct return rather than a goto changes nothing -- VC6 normalises them -- and block order is not expressible in C
004f6b90,179,CreateWorldItem,wiz8-item-system,exact,9f728370ebab904577b40d6b5b75d5ce4a963ad1eb8f57f05ddb4eef98280c94,Provisional semantic name; VC6 SP5 O2 G6 MD allocation initialization copy and list-insertion body matches after masking eight call and global relocations
004f6c50,103,SpawnItem,wiz8-item-system,exact,b2b9177917fde0f54d3033f2cf8deaf6ddc44fa7546707e7ecbd912f5ec9e120,VC6 SP5 O2 G6 MD wrapper matches after masking constructor allocator assertion string and imported assertion relocations
0050b830,53,GetNPCItemListByID,wiz8-npc-system,exact,e293f0561b674646f81354fe8f56c2a05f4ec43fa755416032def319cdfff793,VC6 SP5 O2 G6 MD vector search matches byte-for-byte after masking the g_npc_item_lists global relocation; record_id offset 0x58 independently corroborated by config/types/wiz8/npc_database.h
0046ded0,117,WorldUpdateProps,wiz8-world-system,exact,700620a5f9a79e7f140f1be7b954e77cbab1eb1e6e7273bf0c8edc50bbcc6245,VC6 SP5 O2 G6 MD body is byte-exact after masking the assertion PList and prop-method relocations; this is the layout proof for W8World::plsProps at offset 0x08, whose name and PList type come from the canonical assertion pWorld && pWorld->plsProps at Engine Code\3d.cpp line 344
00510b60,130,FindFirstMonsterByID,wiz8-monster-system,exact,fc7294d58e80491e0d820a3416e136cadbff1d77f4a98d8cde9d7b54e66496ea,VC6 SP5 O2 G6 MD body is byte-exact. Previously structurally-strong with loop peeling as the named difference; converting both searches from a guarded do/while into counted for loops with a single shared exit closed it, the same shape that matched PListIndexOf and IListIndexOf
00510bf0,206,FindNextExistingMonsterByID,wiz8-monster-system,exact,5dfe3d52c4b62941a8218e631756c24e0abcfb15cfc8f9732853fc73039fc50f,VC6 SP5 O2 G6 MD body is byte-exact. Promoted from structurally-strong: the counted-for loop shape closed the peeling, and the last byte came from carrying the PListIndexOf result and the loop index in ONE variable stepped by ++, where two separate variables make VC6 emit lea esi,[eax+1] instead of mov esi,eax / inc esi
005222d0,201,GetOriginOfCharacterItem,wiz8-item-system,structurally-strong,,Typed equipped/carried/shared-pool item search; agrees on the 0x1862 stride, the 0x1029 and 0xf5d slot bases and the unsigned pool-count check. Holding the character base in one pointer, advancing it in place for the carried array and initialising each index before its cursor removes the loop peeling entirely: the body is now the same 71 instructions in the same order as the original. The sole residual is a systematic EAX/ECX swap that begins at the lea forming the character base -- the original keeps the base in ECX and the equipped cursor in EAX and we do the reverse -- which also costs the last byte because add eax,imm32 encodes shorter. Reversing the operand order of the base computation and the declaration order of the two pointers both leave the allocation unchanged; it is not expressible in C
004e57c0,115,GetMonsterDataByID,wiz8-monster-system,exact,5976911974dc4ad7e3a908e1f90024b0ecf8f83c6fa7d6e835833f54fc4fab4b,VC6 SP5 O2 G6 MD body is byte-exact after masking the assertion string cache-table malloc/free and LoadMonsterDatabaseRecord relocations; the canonical assertion text names the parameter uiMonsterSpecies and the bound MAX_MONSTERS_IN_DATABASE and places the function in Local Code\MonsterManager.cpp line 1523
004e5620,245,MonsterGetScriptPartByLocationIndex,wiz8-monster-system,structurally-strong,,Script-part lookup by location index. Not a near miss: 42 of 76 instructions differ and the call sequence itself diverges, so this needs the source logic re-derived rather than a codegen nudge. The original calls the folded list helper at 0x5e2c70 before loading the assert import and reuses one lea across both the compare and the later push, and it has a jmp joining two paths that we do not produce at all. Sized 259 against 245
004bfab0,70,Monster::GetNumSubsPerCycle,wiz8-engine-code,exact,173fa67b83aee35c8c9fef275fb85d1952ec185679bd72860f02223459f1e22a,VC6 SP5 O2 G6 MD thiscall body is byte-exact after masking the assertion relocations; the canonical assertion message names the method and its expression pins CYCLE_NUM_UNIQUE to 27; this is the layout proof for Monster's current-cycle field at 0xa4 and its 27-entry 0x10-byte cycle array at 0xac, whose end at 0x25c is exactly where the reviewed constructor starts the second subobject array
004e5550,199,MonsterGetIndexByLocationID,wiz8-monster-system,exact,f5e742af983497874bcfc44bded77e3f76396e1e9b1a152219d6da232f2ae0aa,VC6 SP5 O2 G6 MD body is byte-exact. Promoted from structurally-strong on the first attempt by the counted-for loop shape alone; its three distinct return values mean the original keeps three epilogues, so the shared-exit half of the transform is deliberately not applied here
00528a80,199,AddLinesToMessageBox,wiz8-ui-system,exact,5dfb846efc0ee02a16364155d611e561076217a3ecf88beb1baf7cde268724e0,VC6 SP5 O2 G6 MD body is byte-exact after masking the 17 g_message_box_lines/count/capacity/g_message_sequence and operator new/delete call relocations; confirmed via a standalone WIZ8_GAMEPLAY_BOUNDARIES build against the raw original bytes read out of the imported Wiz8.exe Ghidra program
00506480,29,SaveFactState,wiz8-save-game,exact,7483ef0b306abf290597329f29eb1e88ab4ba556f93003104578e9b95260be30,Writes the first 1000 of the 1001 fact bytes to the save handle in one call. The original passes the address of its own parameter as the bytes-written out-parameter: the handle is already in a register so the incoming slot is dead and doubles as the scratch the callee needs. A separate local would cost a stack frame the canonical body does not have
0054ae00,26,DestroyFactDatabase,wiz8-gameplay-database,exact,5ff8bf8b2f7c9716c441bd5e28e551b39dd636c57752bf11de27df990174b02e,Frees the fact record array and clears the pointer
0054ad00,245,InitializeFactDatabase,wiz8-gameplay-database,exact,8274285a0ac1baa91f91b060d88cc11b3da91143fc5a013209e5b179bc01a0d3,Reads Data\\Databases\\FACT.DBS: a record count then that many 0x1d8-byte records. The original leaks the handle when the allocation fails while every other failure closes it; the asymmetry is reproduced
0054a400,239,InitializeItemDatabase,wiz8-gameplay-database,exact,82c049ae8621cecf981279f4f0dfa625bd622be592d4e4e36f6b9db90060c08f,Reads Data\\Databases\\Items.DBS into count * 0x10d bytes, one record per read. Same shape as InitializeFactDatabase including the handle leak on allocation failure
0054ae20,236,InitializeLevelDatabase,wiz8-gameplay-database,exact,6ace6a3c1f25add8261557cd4eeeb81f1ea075e0fdfa2a41f3bdfc8cbddcbf04,Reads Data\\Databases\\LEVELS.DBS into count * 0xd8 bytes, one record per read. Same shape as InitializeFactDatabase including the handle leak on allocation failure
0054a510,452,InitializeItemTables,wiz8-gameplay-database,exact,54b4c40ede65f23f8e3465c83009813719f7f2908bd86d4edd12fc49d686c5e1,Reads Data\\Databases\\ItemTables.DBS: a category-name array of fixed 0x100 buffers then the tables themselves, both arrays of pointers cleared before use. The category reads are unchecked in the original while the table reads are not, and each per-table allocation is cleared before its own null check rather than after
004f88a0,66,FindItemTableByName,wiz8-item-generation,exact,94253e42a98a4d3a3a2d060fcfb9e71a4cf4c785fdc7b5c06fc8518547978c03,Case-insensitive linear search over the item-table pointer array, returning -1 when absent. Written as an explicit count guard around a do-while it peels the first iteration and holds the table base in EDX, costing 19 bytes; a counted for lets VC6 emit its own guard and keep both globals in EAX, where the reload is the 5-byte accumulator form
00506310,205,InitializeFactState,wiz8-game-state,exact,679615cfa92e6c82bd2ce3128be816c225a0d14861dfd5bb8f3ef642bd4de890,Clears every fact then seeds the starting set. The import path is the fall-through and the fresh-party path is out of line. The three-way choice is a switch rather than an if/else chain -- VC6 emits its dec/je ladder and pushes each fact id straight into the shared call -- and the duplicated suppression-clear before the early return is VC6 tail duplication, not source: writing it out merges the two argument cleanups into one add esp,0x10 where the original keeps add esp,0xc and pop ecx
